SampleID,TMD_1,TMD_2,TMD_3,TMD_4,TMD_5,TMD_6,TMD_7,TMD_8,TMD_9,TMD_10,TMD_11,TMD_12,TMD_13,TMD_14,TMD_15,TMD_16,TMD_17,TMD_18,TMD_19,TMD_20,TMD_21,TMD_22,TMD_23,TMD_24,TMD_25,TMD_26,TMD_27,TMD_28,TMD_29,TMD_31,TMD_32,TMD_33,TMD_34,TMD_35,TMD_36,TMD_37,TMD_38,TMD_39,TMD_40,TMD_41,TMD_42,TMD_43,TMD_44,TMD_45,TMD_46,TMD_47,TMD_48,TMD_49,TMD_50,TMD_51,TMD_52,TMD_53,TMD_54,TMD_55,TMD_56,TMD_57,TMD_58,TMD_59,TMD_60,TMD_61,TMD_62,TMD_63,TMD_64,TMD_65,TMD_66,TMD_67,TMD_68,TMD_69,TMD_70,TMD_71,TMD_72,TMD_73,TMD_74,TMD_75,TMD_76,TMD_77,TMD_78,TMD_79,TMD_80,TMD_81,TMD_82,TMD_83,TMD_84,TMD_85,TMD_86,TMD_87,TMD_88,TMD_89,TMD_90,TMD_91,TMD_92,TMD_93,TMD_94,TMD_95,TMD_96,TMD_97,TMD_98,TMD_99,TMD_100,TMD_101,TMD_102,TMD_103,TMD_104,TMD_105,TMD_106,TMD_107,TMD_108,TMD_109,TMD_110,TMD_111,TMD_112,TMD_114,TMD_115,TMD_116,TMD_117,TMD_118,TMD_119,TMD_120,TMD_121,TMD_122,TMD_123,TMD_124,TMD_125,TMD_126,TMD_127,TMD_128,TMD_129,TMD_130,TMD_131,TMD_132,TMD_133,TMD_134,TMD_135,TMD_136,TMD_137,TMD_138,TMD_139,TMD_140,TMD_141,TMD_142,TMD_143,TMD_144,TMD_145,TMD_146,TMD_147,TMD_148,TMD_149,TMD_150,TMD_151,TMD_152,TMD_153,TMD_154,TMD_155,TMD_156,TMD_157,TMD_158,TMD_159,TMD_160,TMD_161,TMD_162,TMD_163,TMD_164,TMD_165,TMD_166,TMD_167,TMD_168,TMD_169,TMD_170,TMD_171,TMD_172,TMD_173,TMD_174,TMD_176,TMD_177,TMD_178,TMD_179,TMD_180,TMD_181,TMD_182,TMD_183,TMD_184,TMD_185,TMD_186,TMD_187,TMD_188,TMD_189,TMD_190,TMD_191,TMD_192,TMD_193,TMD_194,TMD_195,TMD_196,TMD_197,TMD_198,TMD_199,TMD_200,TMD_201,TMD_202,TMD_203,TMD_204,TMD_205,TMD_206,TMD_207,TMD_208,TMD_209,TMD_210,TMD_211,TMD_212,TMD_213,TMD_214,TMD_215,TMD_216,TMD_217,TMD_218,TMD_219,TMD_220,TMD_221,TMD_222,TMD_223,TMD_224,TMD_225,TMD_226,TMD_227,TMD_228,TMD_229,TMD_230,TMD_231,TMD_232,TMD_233,TMD_234,TMD_235,TMD_236,TMD_237,TMD_238,TMD_239,TMD_240,TMD_241,TMD_242,TMD_243,TMD_244,TMD_245,TMD_246,TMD_247,TMD_248,TMD_249,TMD_250,TMD_251,TMD_252,TMD_253,TMD_254,TMD_255,TMD_256,TMD_257,TMD_258,TMD_259,TMD_260,TMD_261,TMD_262,TMD_263,TMD_264,TMD_265,TMD_266,TMD_267,TMD_268,TMD_269,TMD_270,TMD_271,TMD_272,TMD_273,TMD_274,TMD_275,TMD_276,TMD_277,TMD_278,TMD_280,TMD_281,TMD_282,TMD_283,TMD_284,TMD_285,TMD_286,TMD_287,TMD_288,TMD_289,TMD_290,TMD_291,TMD_292,TMD_293,TMD_294,TMD_295,TMD_296,TMD_297,TMD_298,TMD_299,TMD_300,TMD_301,TMD_302,TMD_303,TMD_304,TMD_305,TMD_306,TMD_307,TMD_308,TMD_309,TMD_310,TMD_311,TMD_312,TMD_313,TMD_314,TMD_315,TMD_316,TMD_317,TMD_318,TMD_319,TMD_320,TMD_321,TMD_322,TMD_323,TMD_324,TMD_325,TMD_326,TMD_327,TMD_328,TMD_329,TMD_330,TMD_331,TMD_332,TMD_333,TMD_334,TMD_335,TMD_336,TMD_337,TMD_338,TMD_339,TMD_340,TMD_341,TMD_342,TMD_343,TMD_344,TMD_345,TMD_346,TMD_347,TMD_348,TMD_349,TMD_350,TMD_351,TMD_352,TMD_353,TMD_354,TMD_355,TMD_356,TMD_357,TMD_358,TMD_359,TMD_360,TMD_361,TMD_362,TMD_363,TMD_364,TMD_365,TMD_366,TMD_367,TMD_368,TMD_369,TMD_370,TMD_371,TMD_372,TMD_373,TMD_374,TMD_376,TMD_377,TMD_378,TMD_379,TMD_380,TMD_381,TMD_382,TMD_383,TMD_384,TMD_385,TMD_386,TMD_387,TMD_388,TMD_389,TMD_390,TMD_391,TMD_392,TMD_393,TMD_394,TMD_395,TMD_396,TMD_397,TMD_398,TMD_399,TMD_400,TMD_401,TMD_402,TMD_403,TMD_404,TMD_405,TMD_406,TMD_407,TMD_408,TMD_409,TMD_410,TMD_411,TMD_412,TMD_413,TMD_414,TMD_415,TMD_416,TMD_417,TMD_418,TMD_419,TMD_420,TMD_421,TMD_422,TMD_423,TMD_424,TMD_425,TMD_426,TMD_427,TMD_428,TMD_429,TMD_430,TMD_431,TMD_432,TMD_433,TMD_434,TMD_435,TMD_436,TMD_437,TMD_438,TMD_439,TMD_440,TMD_441,TMD_442,TMD_443,TMD_444,TMD_445,TMD_446,TMD_447,TMD_448,TMD_449,TMD_450,TMD_451
HNGH005,96.3283,5.87302,3.85627,7.52688,95.7871,93.4132,94.6429,28.4,14.0584,1.22126,78.9474,2.33918,1.26582,2.45098,4.00826,1.25,7.05183,83.4483,1.25945,2.73973,9.80392,4.62598,2.0,6.20253,14.5729,4.43686,2.32558,0.676437,5.37353,1.20069,13.8118,71.4859,0.0,0.895857,6.66667,14.3288,1.86047,0.917431,2.20994,1.78571,4.61538,5.11571,0.712251,96.8992,0.763359,5.59254,13.738,2.82258,6.79191,2.71903,0.608828,80.2862,5.88235,97.2973,30.9417,1.04621,2.1978,0.847458,3.05292,2.67229,3.65297,2.5641,2.12213,5.49738,3.23044,1.25,4.81283,2.68199,86.7133,94.5133,81.8011,0.719424,0.302115,0.952381,84.6154,2.75862,1.14068,9.98217,4.1049,2.69865,82.0717,97.619,19.0635,0.762016,1.25628,90.6587,2.45902,22.6415,2.90629,0.969697,96.4286,4.06977,0.0,2.94118,5.00759,2.8133,0.497512,2.34834,91.3386,1.40154,1.46751,1.91571,9.88372,2.99296,2.94284,3.9039,90.1408,96.6667,56.6038,49.2308,1.67364,2.18868,6.67384,7.84469,2.71801,96.5986,1.54712,64.7727,17.7193,0.666667,1.38249,6.95187,1.68244,1.98915,10.5906,0.952381,2.33083,6.58888,1.23457,0.659341,81.0811,7.18816,5.51559,96.737,2.22841,0.346021,6.13718,1.78926,90.4255,9.85798,6.60888,92.3077,98.4786,82.7801,88.3578,90.3226,7.83848,92.4,6.87898,61.0778,1.88679,3.33333,61.215,5.16772,40.0,2.24321,8.24373,2.56046,5.0,7.3501,76.2963,1.12994,4.94585,93.8312,1.20167,94.0767,5.08475,6.71937,2.76846,1.66205,3.50318,2.589,62.5899,89.2857,3.39768,2.65957,0.754148,0.0,0.44843,2.89421,7.45798,0.952381,1.16279,1.88679,4.73684,5.86207,25.0522,0.0,44.086,87.8676,1.75439,1.0929,93.2065,9.40594,93.9655,91.1765,95.2381,5.06993,16.9492,95.2038,86.0215,95.7747,3.49127,14.1243,37.0457,92.4242,91.6201,93.1731,13.6187,85.0877,0.942408,96.8711,82.0513,2.91262,94.1176,83.3333,92.5651,4.75436,13.2558,5.51129,0.746269,5.42373,5.2,3.42651,4.80256,1.39721,77.3585,96.7213,1.39535,56.6225,1.2,1.61812,15.3215,91.4286,18.1548,1.3245,1.73228,4.34487,3.04679,14.2857,5.67164,1.75824,1.7341,7.14286,1.26761,1.19454,4.29043,1.52505,4.13609,4.43925,8.84956,1.77778,3.56985,2.69841,2.17984,3.14136,6.99708,16.0494,2.82776,9.00066,3.62538,3.26721,0.973236,6.3253,1.37615,1.35135,7.53425,4.65116,25.7143,8.58086,1.02041,4.65116,9.84615,1.90007,1.0582,11.1982,0.659631,89.0031,32.7935,1.45631,64.881,92.1717,95.0728,94.1003,2.38095,35.1852,4.57516,95.2756,5.14569,0.819062,1.17096,5.57738,0.690846,3.125,2.98399,11.7314,1.36054,0.0,100.0,2.5641,3.39623,94.7727,0.503145,92.5714,6.83662,0.572519,3.42368,2.02177,2.66667,78.7611,94.7368,2.27001,0.663507,6.46766,4.06977,7.77577,3.52941,2.89485,3.36488,1.70068,5.29865,5.37482,0.276243,5.0,4.93827,0.958466,2.07921,5.48263,85.2273,1.72414,3.4327,1.25523,0.70922,3.78198,2.58014,5.31088,10.1408,1.87891,2.01281,78.7879,4.48718,4.11622,3.02632,90.8088,5.61937,2.11268,0.784314,2.29885,1.2979,5.84958,6.16279,1.60428,84.0173,2.35294,8.67824,1.93966,3.87538,1.94175,1.74238,2.98507,0.906344,9.09091,11.8587,3.9028,4.72727,81.9277,81.2325,12.9278,5.18732,75.1142,97.2789,1.41988,10.0917,4.43787,80.5882,1.21528,7.67717,1.93492,8.10345,0.576369,1.38632,2.02404,2.03252,86.2805,88.2353,96.6767,0.328947,5.61358,0.0,4.98615,2.89256,23.494,20.9302,6.04982,81.407,15.3271,2.25282,10.4803,4.96454,6.08808,2.63852,0.796813,0.0,1.37328,0.614754,92.0188,11.8227,66.5877,2.40964,0.678295,3.34507,6.73077,3.35387,2.28717,98.5782,7.03125,2.34506,93.8775,1.58133,3.13846,0.622084,90.5172,2.76923,1.88324,4.30622,4.61538,77.2727,66.6667,4.73684,94.4072,7.97448,1.89189,2.33918,73.4864,1.7162,8.15534,2.5563,10.8541,2.95749,8.03324,3.52941,0.0,93.5154,2.60736,36.1702,0.224719
HNGH006,92.8389,13.3192,5.59846,5.67742,95.3237,97.2973,91.6667,12.1528,20.4947,0.75815,83.61,7.37705,12.6437,4.97076,6.62295,1.7301,6.41399,86.7754,2.7027,1.40845,12.1951,8.75912,5.40541,10.0,18.75,10.5809,2.71318,3.04136,5.50122,8.21256,18.4165,77.6471,13.8614,3.51603,8.92857,15.7277,17.0732,9.03226,2.84974,3.80952,3.85757,2.28758,2.88462,95.5466,11.0497,7.92683,11.9171,0.699301,4.0521,1.26263,3.20946,88.5246,18.6441,90.6667,31.4465,1.85289,2.85714,1.21739,6.12766,4.93827,8.33333,13.2979,1.18153,8.58726,4.05405,0.654664,1.66667,2.85714,86.25,92.0635,76.8638,1.22951,0.0,0.0,72.2222,0.369004,0.286533,11.4638,9.0784,7.52212,82.4176,94.1176,14.375,1.99234,3.5533,92.4033,4.96454,25.0853,3.37972,1.42395,91.1765,6.04982,0.355872,6.25,8.9838,1.65877,0.564972,3.42612,86.3874,1.01229,0.393701,5.27383,6.71875,0.711744,3.64583,2.95203,88.8889,97.8947,21.2121,17.6471,0.934579,3.99501,3.95315,5.72207,3.56455,93.1174,2.18391,66.9811,11.0057,0.0,5.34591,2.40964,2.58065,4.55373,6.40732,1.40845,5.396,12.4714,14.1104,3.43511,78.3099,3.01339,13.0014,95.4631,3.85852,0.555556,4.54545,1.56951,98.6301,9.48582,8.8411,87.3786,90.268,91.5129,95.4657,100.0,7.36926,94.403,14.6179,67.0886,1.13208,16.0,59.7902,9.78947,48.3986,5.72831,10.7239,1.19522,5.29158,9.47867,66.5823,2.11161,5.75693,90.4762,2.76498,92.887,5.77889,6.94444,4.69136,1.49254,7.40741,9.73154,46.7213,87.037,6.14793,5.62771,3.10458,23.2558,0.460829,3.37637,5.24625,6.48148,5.42636,2.82132,1.6,4.44444,26.8156,0.0,39.7959,92.0204,2.04499,1.66482,93.3868,12.1019,95.0,92.5287,97.6526,5.65276,4.06504,92.6531,89.7321,95.4839,3.44828,9.44742,72.0339,93.8462,92.2018,91.8854,11.6505,83.3333,1.65517,96.3658,93.9394,2.55009,75.0,87.5,91.7012,8.38095,11.0193,8.15577,2.77136,7.43551,6.69014,7.17703,7.91284,11.2957,69.4915,97.9381,4.85669,78.4038,2.18527,2.15385,6.90909,78.5311,19.0661,3.03665,0.584795,6.5445,1.35922,0.0,13.3739,1.5534,5.55556,7.63747,1.5411,3.8206,2.83688,1.1925,8.56611,4.4226,6.20155,8.55615,5.87189,3.21027,1.18644,0.847458,9.66543,11.0609,2.62346,2.33546,9.12281,2.41228,9.21053,3.65297,1.45985,0.900901,5.03145,6.93069,31.7757,10.5368,0.793651,10.3679,14.0152,4.87078,4.11311,8.53081,1.2761,93.097,28.1081,0.0,73.2984,88.8199,92.4893,93.7322,2.51572,19.4521,6.4257,90.9091,5.1997,7.61246,1.88679,5.7377,2.93427,5.47445,5.04841,13.6277,9.09091,2.17391,96.1165,3.60618,5.30973,89.8172,2.22635,90.9091,12.806,0.171233,6.54664,2.05882,11.2245,63.3333,71.4286,1.40515,1.38889,4.24403,7.62829,10.8889,6.74603,4.53579,5.42888,2.76923,3.61882,4.20475,0.543478,5.30547,3.52941,3.13316,3.29013,10.5895,85.4839,3.57751,10.1205,1.48515,3.09973,7.75194,1.30187,5.23969,6.22711,2.60521,3.83234,76.6187,1.31579,5.08591,4.50262,89.3773,6.51393,1.85185,2.15054,1.56658,2.19224,10.0,5.03311,4.88842,88.2943,8.21918,9.56131,2.20049,4.83314,9.02527,2.8885,6.38298,5.57621,10.8808,15.6997,3.75,10.9272,76.9231,77.6243,6.86275,4.49679,93.0,90.4762,5.95855,15.4054,4.92813,84.6395,1.93165,4.68019,5.01114,5.43933,0.531915,20.2835,2.57576,4.83461,82.2314,91.1392,89.1304,21.8045,7.78032,3.0303,4.73083,5.8651,23.3184,16.5854,16.0963,75.6098,12.4236,1.48423,11.0224,7.21311,12.7223,11.2735,0.925926,0.97561,4.10714,1.30435,86.8251,16.4141,80.8126,11.0577,3.69458,9.43396,5.6962,6.45657,2.00893,86.9565,12.3431,4.29185,92.0,2.06659,4.21804,11.5702,89.8305,8.46731,1.26582,5.88235,7.31707,92.8571,91.6667,5.14139,93.7322,17.6737,3.1746,3.79009,77.2344,2.62308,11.6279,4.35169,3.6903,8.57143,12.993,8.4058,3.22581,91.5663,5.76132,30.5263,1.82768
HNGH007,96.1606,12.0316,6.29085,8.17271,95.1807,94.375,96.8254,30.8725,17.2986,1.42857,70.4883,1.90476,0.0,4.12844,5.28659,3.2967,4.0,80.2426,1.70316,3.52941,0.0,4.0,3.74332,5.87045,13.1707,8.74636,7.5662,1.09589,7.5188,2.96804,10.323,65.0746,8.91089,1.69671,7.89474,11.9114,2.07254,1.85874,0.773694,2.04082,1.2931,3.80577,1.27065,95.5224,4.49438,2.78552,7.04225,1.96078,5.40541,3.89222,0.512821,83.7675,5.17241,95.1807,43.4066,1.43992,1.09066,1.94884,3.02604,4.79452,5.6701,3.65591,1.03469,7.27041,3.68693,1.10159,7.87402,0.374065,88.2051,92.4953,75.5,0.0,0.301205,0.775194,80.0,0.0,3.44828,19.963,12.4267,4.17423,93.7662,96.875,13.9535,2.031,1.23865,90.1452,1.44628,19.6319,5.60579,1.77042,93.985,3.36735,1.10497,0.0,5.66298,1.95228,0.0,0.470588,87.8505,0.566974,1.51188,4.72175,7.26257,0.917431,1.76787,5.24194,90.7895,90.6977,53.5714,41.2844,1.06383,5.9593,3.63165,2.76954,3.34169,99.2754,1.31579,60.8871,12.0991,0.0,1.21457,1.27119,1.1846,2.84091,2.9052,1.36209,2.49221,6.23591,1.76322,1.5544,83.4711,1.98238,5.63565,95.8005,2.6455,1.57233,2.54545,2.07039,97.7528,5.75868,5.5788,87.4016,97.3807,87.6518,97.2252,100.0,8.22472,94.5338,11.8336,72.6562,1.59744,5.97015,65.566,3.22209,35.5422,0.620347,7.65391,0.369686,2.89969,5.72207,75.7653,1.81518,3.84349,92.1053,1.15411,94.8498,6.50685,7.65957,3.90947,6.47249,2.40741,2.23048,62.3853,87.8788,2.14765,3.82166,1.566,0.0,0.549451,2.15385,4.01786,2.38095,4.56432,1.60321,1.74419,3.41151,24.3736,0.0,51.8519,89.76,0.913242,1.04239,93.4,11.7834,96.817,90.8163,96.5517,3.61011,3.97351,88.1262,81.0526,98.0306,1.2966,13.2376,26.9747,95.4545,87.037,86.1432,14.1463,82.5806,1.51229,95.5497,96.875,1.77419,70.0,84.375,91.1111,4.94418,11.6162,9.19298,0.852273,4.59272,2.33051,5.27752,4.84094,3.37349,62.069,96.5909,2.32558,41.2791,1.46185,0.984413,23.5887,93.0,6.72269,2.57802,0.462963,2.34192,2.64901,13.7255,5.39773,1.93741,3.01075,2.96084,0.187617,3.19361,3.09859,1.5625,3.0303,4.12371,7.28395,5.32407,2.20418,3.40502,0.744417,5.13834,5.07812,21.3608,5.11364,0.489716,5.57185,2.51323,0.60241,10.9489,0.985222,1.1976,12.3167,1.12994,34.7826,7.48899,1.0101,4.37318,11.7778,2.52039,1.2285,4.95169,1.51976,92.9499,29.1845,0.840336,76.6234,89.1076,95.5996,94.4444,4.07186,54.4592,11.6981,85.307,2.19298,0.942712,0.669643,5.47337,0.712589,4.09449,2.70073,9.43098,3.40909,1.72414,97.2222,1.47783,6.71378,91.8626,0.775194,92.5532,8.0,0.2457,4.56942,1.75879,2.5,69.5652,76.1905,2.55403,1.2,1.77515,4.26716,9.2145,1.49701,3.31157,3.4965,1.91083,1.93986,9.42699,0.0,3.3033,6.06061,1.13636,2.4218,5.98958,77.6,2.41449,5.44643,0.271003,1.62602,3.34029,0.41365,3.49531,5.28402,1.49813,2.25922,69.5312,3.52564,5.39216,2.08551,89.0909,7.52848,0.0,2.61194,1.07643,1.14804,8.72865,2.92621,3.91236,90.8367,23.1579,12.3426,1.0989,4.04355,3.99033,2.28945,3.87193,2.89256,7.30949,10.7246,2.81407,4.60993,71.875,87.3973,1.50754,3.20513,81.6471,93.4272,4.96324,9.0535,4.01662,82.6389,0.181488,4.24628,2.69784,3.49014,0.2,5.86592,2.29592,2.6455,89.6749,95.1841,93.7695,0.584795,2.23776,2.7027,2.51572,4.28571,20.5479,12.5,14.0515,87.619,11.3744,3.35878,8.20312,4.41176,4.13589,1.93548,0.45045,0.0,5.18417,1.11732,87.1671,5.85366,72.479,2.94118,2.24509,1.45985,3.16742,2.21277,1.36816,94.6667,4.15225,1.41011,86.875,0.948367,1.17955,1.51261,94.3089,1.83194,1.2987,6.42202,1.85185,85.7143,80.0,3.59551,90.3846,6.71533,5.80046,1.42276,92.9658,1.66727,10.0218,0.9656,2.81924,2.73224,6.82148,2.0202,4.7619,92.1466,3.55221,39.4904,0.714286
HNGH011,96.8254,11.7647,3.59551,11.9449,91.2371,88.4058,100.0,9.95475,12.0332,0.918635,85.5319,11.5385,0.0,3.21429,5.13834,6.50685,3.15236,80.4965,1.16279,0.0,13.1579,8.4788,0.952381,4.64286,12.5,4.3771,3.41151,1.222,12.0192,2.68456,19.1525,68.2353,1.81818,1.43541,18.1818,18.3246,5.10204,4.36893,1.75953,5.36913,12.0879,4.72973,0.369004,100.0,7.54717,0.462963,10.9375,8.97436,7.63547,1.90476,1.08108,87.7273,21.0526,92.5926,27.1028,0.914381,0.949796,0.510204,4.85714,4.28571,10.0737,3.46154,1.53322,4.73373,2.60736,2.43446,5.51724,2.94118,90.099,92.1233,72.8745,0.961538,1.25786,2.67857,66.6667,1.03093,5.71429,22.1818,5.62015,3.43879,85.8586,100.0,2.08333,1.07656,0.57554,94.3609,3.00429,28.2051,2.14477,0.906344,94.1176,2.73973,1.24224,0.0,3.7037,0.0,0.0,1.87266,84.6154,0.59952,0.431034,0.0,1.68919,1.89573,1.62524,2.23881,85.5263,96.4286,18.1818,16.9231,4.22535,7.39726,1.33333,2.90323,0.815217,97.0588,11.465,57.4713,9.4382,0.0,0.0,0.653595,7.88913,2.21519,0.546448,0.662252,2.55403,12.844,0.0,2.23214,88.1188,30.0,5.07937,96.1039,0.0,2.13675,4.2735,7.74194,97.8261,5.32151,6.13108,89.0909,93.6667,90.2542,95.2484,90.0,8.70934,85.7143,13.5255,80.0,0.952381,19.697,45.5621,1.72911,37.069,3.64683,4.84848,2.15311,8.30831,13.7255,80.3681,3.21429,7.9235,94.3089,1.31846,92.5134,4.9505,7.97101,0.816327,3.82514,7.69231,0.609756,63.4615,95.6522,4.45906,2.00803,1.92308,11.3208,0.0,2.50627,2.31729,3.57143,0.0,2.57732,0.0,4.38312,27.2031,0.0,35.8974,91.2281,2.1645,0.880282,90.4605,8.25688,94.3005,88.7097,97.5,3.47003,8.13953,92.8571,92.1182,98.5075,4.77707,9.66767,44.7368,94.8718,93.1973,92.9032,11.8182,93.6508,4.4665,97.1347,90.3226,3.11927,77.7778,81.8182,89.1892,1.5625,8.27586,12.1528,1.16279,6.23377,4.4665,3.92157,11.3861,5.10949,83.3333,100.0,4.40415,65.9091,3.0581,11.3573,10.2041,90.4523,23.3918,1.55709,0.458716,3.59356,2.28013,12.1212,9.09091,8.84521,15.1351,10.5702,0.858369,2.5,4.13793,0.398406,6.09418,1.20482,4.7619,3.64583,2.50272,1.26582,1.27119,5.28846,3.07692,6.06061,2.71739,0.84507,3.99061,6.73401,1.09489,10.5263,3.07692,2.25564,6.70103,10.0,12.5,2.68456,0.0,0.0,6.63265,1.19863,1.17647,1.81543,0.862069,92.217,30.303,2.22222,68.6747,87.0902,90.4225,96.1783,1.15607,72.3404,8.55263,91.5254,7.02703,0.918635,0.895522,2.62346,0.0,2.69058,2.40385,11.0354,0.0,3.57143,97.2222,0.666667,0.0,91.4474,4.92228,90.0,15.1099,1.45455,2.73556,1.34529,2.26244,64.5161,94.1176,4.78873,1.59091,1.32159,4.50704,13.1313,0.858369,3.62319,3.56295,10.2941,1.87668,2.15517,3.5533,2.42424,6.06061,0.0,0.525394,3.48059,76.5957,1.65877,5.41082,1.64835,2.01439,3.23529,1.78571,4.83559,6.87732,0.862069,3.35306,81.3433,3.8961,3.2419,3.26296,89.4118,4.33071,2.5641,1.72414,1.27226,1.83767,11.0778,2.61097,2.9661,89.3899,0.0,5.64516,3.18725,2.46637,0.227273,0.401606,4.56621,5.26316,5.7554,8.74317,2.80561,4.40678,81.8182,84.8485,5.40541,0.581395,80.8917,74.3243,1.47059,5.99078,6.52819,87.538,1.11111,1.35135,4.13793,7.65957,1.19048,1.53302,3.33863,3.35196,91.2409,96.875,92.2581,5.75916,4.89297,25.0,5.26316,3.06748,14.4781,6.06061,8.90538,69.4915,58.7927,2.43056,10.4784,4.69799,2.95203,3.74332,0.0,0.0,3.48101,3.0,82.1429,11.7857,63.986,7.31707,1.82927,4.91071,5.55556,4.36817,5.71429,93.9024,2.29885,2.48619,89.1304,2.98507,2.68924,9.79827,91.3793,9.79148,0.626959,1.53846,11.6279,68.4211,76.9231,1.79641,94.5545,9.76253,0.0,4.46429,94.0909,1.90779,6.69643,5.2017,3.7037,7.28477,22.1374,5.6872,0.0,84.5161,1.3587,38.0952,1.41643
HNGH012,96.9072,12.3529,2.34375,6.36161,92.5926,100.0,89.6552,6.87023,16.9935,0.829876,85.6771,2.29885,0.0,2.64317,5.34351,0.0,6.53753,76.4706,8.33333,41.6667,10.5263,6.04575,7.48299,3.40136,11.9048,15.0235,2.64228,2.2113,5.86207,4.54545,13.8053,63.5714,7.14286,1.51976,16.3265,10.3506,0.0,4.54545,2.84091,0.0,5.55556,12.0,2.02429,98.5507,6.45161,8.33333,12.5,2.58065,6.07143,4.63576,0.485437,79.8507,21.875,96.6667,36.3636,2.07612,0.985222,0.0,4.52174,2.32558,5.89124,1.85185,2.01342,8.54701,3.99449,2.29645,4.54545,1.15942,89.4737,93.7107,74.8538,0.0,0.0,0.0,66.6667,0.0,0.0,8.33333,4.34783,7.48752,90.4348,100.0,6.81818,1.26582,0.0,91.7526,1.25,25.4795,6.29921,0.622665,90.6977,5.75758,1.52672,0.0,5.7971,0.0,0.0,0.967742,80.4348,1.11266,1.27389,10.9677,9.39227,1.90476,1.5873,1.13636,85.1562,93.75,30.7692,42.8571,0.925926,3.68098,7.9235,0.842105,2.19436,100.0,9.49721,65.9794,11.9632,0.0,0.0,1.26582,4.0724,3.19635,1.9802,0.0,2.75862,7.77202,1.85185,20.6897,69.1667,17.5676,2.49307,98.2353,0.52356,0.0,3.09278,0.714286,85.7143,5.00963,7.67544,91.4894,95.5823,89.1892,97.3154,100.0,8.19277,82.1053,20.5438,80.0,5.78512,14.5833,65.942,11.4551,29.0909,0.621118,6.73575,6.14657,2.89093,9.25926,77.2358,2.85714,2.89855,93.6047,4.05028,92.8571,9.55882,14.6067,6.04288,6.01093,1.68067,5.43478,66.6667,91.6667,1.94444,4.31655,1.20846,0.0,1.78571,1.48148,1.14286,8.06452,3.50877,4.4335,8.51064,4.13223,23.4375,0.0,48.1481,88.2353,3.01003,1.08696,89.9614,8.0292,96.875,97.561,81.6,4.16667,9.23077,92.887,94.5736,92.4855,2.5,9.67742,29.0514,88.8889,88.8889,94.8718,13.7931,95.2381,0.423729,96.5649,52.6316,2.06186,85.7143,76.4706,92.6316,7.07071,19.5489,11.8421,2.29885,4.90654,3.80952,4.87106,7.10227,1.4881,96.0,98.3051,5.24194,59.0909,4.11701,4.48179,9.24658,80.4196,19.6078,2.1645,4.7619,1.84843,12.0,0.0,12.0,2.10526,1.22699,3.76238,0.436681,6.46766,2.46914,2.12766,10.0418,5.07246,4.33071,9.57447,3.87016,7.80488,0.434783,1.55763,1.75439,5.64516,1.73611,0.551876,5.91497,1.44928,2.69058,7.59494,1.23457,0.0,5.07246,5.42169,45.1128,5.74163,75.5556,1.80723,11.6279,4.09836,4.32432,4.37637,0.0,92.8244,21.1538,0.0,55.4054,66.8067,93.5657,94.4751,7.14286,32.0,18.2353,84.5304,3.38505,0.718391,3.48259,4.67446,3.48525,1.07527,2.11132,11.0603,1.0989,16.6667,100.0,4.65753,0.0,95.0249,11.5854,97.1831,7.14286,0.327869,2.73038,1.51844,4.44444,57.1429,100.0,2.2508,0.372439,0.896861,8.31409,5.40541,2.17391,2.84974,3.5343,5.26316,0.526316,2.05128,0.0,2.82486,6.25,0.775194,2.70728,3.3264,56.1404,4.09836,3.58974,0.816327,2.5,5.26316,0.824176,5.07426,8.7108,6.86275,1.82927,69.3069,1.2987,2.54669,0.675676,90.7692,5.35117,0.0,0.0,1.64609,1.31796,11.7647,4.19847,1.49254,89.0295,5.26316,3.50877,1.18343,2.62172,4.375,1.1811,6.44217,0.0,5.7971,9.41385,1.82927,4.6595,64.1026,74.8837,8.08081,11.8881,76.3699,88.4615,0.0,12.9252,5.05952,75.7812,1.41844,5.30973,0.295858,3.7694,0.514139,2.68456,1.49813,3.31754,82.069,96.5517,97.3262,1.5625,2.53165,7.14286,3.4188,2.13675,26.9373,24.5455,13.25,88.5057,8.87097,3.2967,7.22892,4.58015,1.3369,1.5544,0.0,0.0,3.21101,0.0,81.5951,29.5359,76.0736,0.0,3.0,6.50685,2.08333,3.05499,8.57988,88.6076,8.04598,1.31579,95.5556,2.25,3.74332,0.0,100.0,13.342,1.63934,10.4478,2.53165,72.7273,100.0,1.99336,93.913,5.30612,1.42857,4.34783,60.0,1.25224,18.5714,0.865052,12.5201,5.33981,9.44444,7.25806,0.0,83.1633,8.125,45.3125,1.35135
HNGH013,97.2028,4.91803,1.0582,7.51566,96.0265,90.3226,100.0,28.0,8.33333,0.244499,86.9048,14.8148,0.0,3.8961,5.21173,0.0,3.24324,82.5397,0.0,13.7931,25.0,8.36237,0.0,7.40741,4.44444,0.884956,4.34783,9.26829,8.20399,10.0592,11.6608,78.882,0.0,0.826446,0.0,9.52381,0.0,16.0714,0.30581,0.0,0.60241,1.68776,1.88679,97.8723,0.0,2.04082,0.0,3.92157,5.82524,3.0303,1.32626,87.3418,6.25,100.0,21.6667,1.03306,1.5625,1.35135,4.1791,1.80723,7.49064,3.52941,2.78552,9.64912,2.40175,0.0,6.25,1.53061,89.7059,92.0245,60.3352,0.0,0.0,0.0,50.0,0.0,0.0,10.3704,3.87097,3.25901,91.6667,100.0,0.0,0.60241,0.0,91.8288,0.0,24.026,8.75912,1.2012,98.3607,10.2113,0.0,0.0,0.0,1.96078,0.0,8.23529,85.3333,0.253807,1.86916,0.0,5.88235,2.08333,0.342466,0.0,95.6522,100.0,20.0,21.4286,0.0,0.0,14.8148,2.60047,7.09677,98.5507,3.5533,58.8235,12.931,0.0,0.0,0.0,0.0,2.31214,4.67836,1.47059,2.94118,10.4839,1.72414,0.0,85.0,27.2727,2.85714,98.8636,0.877193,20.0,2.17391,5.51181,95.2381,5.2795,6.27615,97.2973,98.1884,82.906,97.1311,77.7778,12.8015,89.7436,17.341,69.2308,1.0101,5.9322,62.9442,2.13904,35.0806,3.2967,6.59341,7.40741,1.61765,27.2358,72.1311,1.5873,4.60358,92.7536,3.61174,95.5975,7.69231,0.0,6.15836,0.0,7.40741,0.0,72.2222,100.0,2.43507,3.15457,3.22581,0.0,3.27869,2.60586,5.52326,15.9091,5.88235,1.57068,3.125,6.73077,21.1382,0.0,69.2308,92.0863,0.0,0.47619,85.8333,15.6757,99.3197,97.9592,96.3415,12.5,0.0,89.0547,84.7826,93.865,4.8,9.09091,21.5962,100.0,95.4545,93.8144,18.3099,91.6667,0.543478,94.186,95.8333,2.26415,80.0,66.6667,88.5714,9.09091,11.4943,6.07029,5.38922,0.0,11.3636,7.08955,3.62694,0.675676,83.3333,100.0,0.671141,47.561,2.9304,8.11594,12.1212,93.4066,11.4286,1.20482,0.0,6.15385,0.675676,0.0,5.95238,1.42857,5.42636,8.20189,2.66667,1.91388,2.35294,0.0,2.29008,6.57895,4.69799,0.943396,3.34507,3.57143,2.4,4.3956,5.26316,3.00752,3.86473,0.657895,3.46021,8.73786,1.21951,2.5974,2.17391,0.0,0.0,0.0,14.4231,9.49721,1.03093,3.84615,13.0435,2.10843,0.0,4.14508,0.0,88.9552,37.3333,0.0,66.6667,61.1511,96.0591,91.1392,11.4504,29.3785,23.8636,85.9504,4.21053,0.426439,5.0,8.57143,0.188679,6.30631,0.78125,11.7647,2.5641,0.0,100.0,1.39721,6.25,96.7213,1.69492,85.7143,11.1732,0.0,3.7037,2.92398,1.78571,91.3043,0.0,3.35052,2.63158,0.0,4.10256,6.1017,0.826446,3.96226,4.63576,6.17284,3.04054,2.15054,0.0,8.82353,0.0,0.909091,2.74725,6.29723,93.3333,0.0,0.664452,0.0,0.271739,2.0,0.512821,5.2381,0.671141,11.9048,3.0137,78.2609,5.26316,3.64299,1.2848,78.9474,6.22605,0.0,5.19481,0.906344,4.6371,6.4982,5.81395,1.58228,78.836,57.8947,10.574,0.0,3.06748,1.79641,1.48305,4.37956,1.0101,2.53165,14.5299,3.48259,4.7619,84.0,92.1053,0.0,1.5873,81.5385,88.8889,0.813008,2.38095,5.76923,80.0,3.0303,6.80272,0.865801,1.26582,2.94118,0.478469,3.8055,4.46429,84.4221,89.2308,98.0392,0.0,3.73134,0.0,3.32226,1.2766,18.5185,10.3448,3.06122,89.1892,40.2778,2.63158,6.0,0.813008,4.34783,3.0,0.0,0.961538,1.0582,2.61194,86.1111,10.6061,73.2601,8.10811,0.343643,0.746269,4.83871,1.45191,0.0,95.8333,5.75221,1.78571,96.0784,6.61157,4.64481,1.47059,91.6667,13.4006,0.806452,10.4478,13.7255,90.9091,87.5,4.09556,94.1176,6.85484,4.0,0.0,35.9649,1.23916,6.12245,0.761421,3.26087,8.02469,6.58683,3.27869,14.2857,91.5493,2.10526,16.0,0.0
HNGH014,91.4474,21.5054,8.69018,12.1643,97.7612,86.6667,92.8571,16.0221,15.9091,0.801603,82.5462,7.69231,0.0,5.0,5.37919,8.02469,4.70852,85.3881,12.4204,35.7143,2.85714,7.10227,4.05405,5.6962,0.0,10.3641,2.81996,7.09534,2.11416,0.578035,32.8571,80.2395,1.02041,6.08519,3.44828,16.7203,10.8434,35.1064,4.02477,2.32558,1.45631,6.08273,2.08333,94.3548,19.2308,2.06612,3.44828,4.22535,2.54777,4.08163,2.0202,82.8431,12.0,91.6667,47.3684,1.13182,0.724638,1.84332,5.18934,4.57317,5.45455,0.52356,2.11864,7.30594,4.0,3.83632,1.14943,1.89573,76.7677,84.8921,83.3333,0.934579,0.0,0.763359,66.6667,0.0,1.40845,20.332,8.58469,7.95207,85.4701,100.0,1.88679,0.769231,2.46085,88.5986,18.4549,23.6908,3.36283,1.78306,96.2264,5.31178,3.44828,0.0,4.88798,1.16279,1.96078,6.64894,85.6383,1.55239,1.9802,5.16717,3.34262,0.728155,2.43309,10.0917,78.5714,100.0,28.5714,29.8246,0.0,3.53201,4.01146,4.95575,4.16667,83.7209,9.62343,55.1724,15.4525,1.28205,2.09424,1.75439,2.03562,3.82166,4.55927,0.0,1.85714,6.93069,1.49254,3.7037,81.0811,5.34591,5.29801,95.2703,0.0,0.0,10.0,1.77515,96.9697,9.83607,6.80751,78.9474,92.3596,81.8681,97.8261,100.0,4.94403,96.1039,24.3363,75.5556,3.7037,13.6364,55.0336,10.7372,38.0062,17.5573,5.36398,1.97628,1.35468,11.2583,69.7297,15.9091,4.79143,90.625,4.0404,96.0,7.55814,7.24638,2.08333,0.888889,3.58423,15.3285,57.5758,88.2353,2.50391,3.33333,3.72093,15.3846,21.4286,1.77891,13.7577,1.6129,23.5294,2.99003,5.71429,5.26316,9.09091,21.4286,50.0,89.0855,3.01205,0.56926,91.3551,5.81395,95.7143,73.1183,93.4211,7.35931,1.06383,97.048,81.8841,96.5116,6.18557,9.34066,38.601,85.7143,94.9153,90.0277,11.7188,83.5443,0.74813,83.1135,76.3158,3.3033,80.0,88.4615,93.0769,6.06061,14.4654,12.6023,1.82482,3.49206,4.96278,6.68016,6.46067,7.84314,82.7586,97.9592,7.04698,74.1573,2.15134,4.33145,6.84211,75.4237,27.6596,3.1746,0.0,4.60048,2.50482,28.5714,0.423729,3.59712,13.4146,5.87156,1.2987,4.49438,4.32432,1.53061,8.05369,2.41935,8.58726,7.46269,6.74274,2.69231,1.25,0.0,1.80723,5.40541,4.93421,1.72239,6.14407,1.28205,17.5966,2.38095,1.11111,0.0,3.0303,7.46888,28.7879,8.33333,17.4825,38.0952,16.895,2.13144,0.0,1.20482,0.471698,91.2397,32.5758,1.96078,75.9259,85.4452,92.8889,90.2439,1.18577,49.6667,12.782,82.4742,4.1502,1.06075,3.43643,13.2251,2.4735,5.74163,1.44357,8.53211,2.7027,7.69231,100.0,2.35756,35.3448,93.0233,0.666667,96.5517,6.19469,0.8,6.38298,2.55009,6.00858,63.3333,42.8571,5.66038,2.59319,1.20482,4.97238,1.55642,7.37327,2.29008,2.6,1.79372,1.96906,1.72414,0.0,5.39773,0.0,4.16667,0.214592,5.27671,95.4545,1.42349,8.26087,0.37037,5.96659,3.50318,1.26263,4.76923,6.34249,4.0,3.77358,60.7477,5.22388,3.0303,3.57751,80.0,7.35805,6.0,0.0,2.67112,2.61497,11.7647,7.42857,4.43925,83.4225,0.0,3.87931,1.64835,3.81773,3.92749,2.98246,5.75693,5.51724,13.9194,8.23529,3.37423,8.30769,72.2222,83.5106,1.44928,9.64912,90.8,100.0,12.4402,10.3261,5.21978,95.0276,2.1978,4.92424,10.0,1.31579,0.694444,3.28467,2.96167,1.91489,82.7778,96.4646,97.3094,0.0,2.99728,0.0,2.08333,4.77387,12.6437,8.95522,12.3596,88.7931,6.74157,5.73477,9.31507,2.8777,7.05128,3.06122,0.44843,1.38889,2.7027,1.08499,87.8049,8.61423,78.6765,19.8276,1.16959,35.1145,1.85185,4.77356,0.904977,89.6907,1.97628,1.63488,89.4231,3.76471,4.40415,29.0749,87.037,14.4816,7.89474,7.8341,2.63158,50.0,100.0,4.70263,96.8944,3.97112,4.88889,1.86567,90.6137,3.48259,11.9318,1.04322,6.64557,3.48837,3.31126,40.6593,26.6667,92.9368,2.98103,38.8889,1.52284
HNGH015,94.6043,10.8642,5.57533,6.55819,90.5363,90.9871,95.9677,22.1811,17.0792,1.22783,86.5459,3.0303,0.0,4.81928,4.64602,4.85437,3.2481,85.6661,2.20913,16.8,0.0,6.33037,0.0,6.97085,14.6199,7.65697,1.52284,1.43014,7.58808,3.13725,14.5023,80.1282,9.74359,2.86396,9.375,11.0945,13.4259,3.1746,2.2293,1.66667,6.36132,2.56757,0.416233,98.1771,5.92105,5.76324,11.9617,3.26633,5.61694,5.12821,2.0025,84.7788,7.74648,93.8775,30.6122,1.00969,1.72626,0.458716,4.09062,2.89575,8.60927,10.9873,0.905888,6.4346,1.74944,1.72009,5.96026,1.37255,78.9855,91.7024,72.3404,0.689655,0.824176,0.958466,80.0,1.53846,0.0,12.9851,12.0244,2.89308,89.6,94.1176,11.6541,1.79519,2.2742,92.8018,1.25224,28.2592,1.09729,1.35571,92.9936,2.95395,1.19048,0.862069,6.71712,0.7109,0.0,2.12072,86.0724,0.957207,1.29199,3.90117,9.35897,0.917431,1.81159,2.0,92.9961,98.75,11.5385,25.5814,2.08333,5.64636,3.7037,4.11827,2.90298,96.5625,6.85083,65.4485,12.9358,0.0,0.843882,10.4575,1.73639,2.91859,12.7928,1.13895,2.64901,7.87353,1.67173,0.779727,83.2353,3.28867,3.49127,94.4938,3.1746,0.0,5.46624,2.14669,95.0413,8.84615,3.95522,91.0569,95.5451,90.6793,96.2675,87.0968,6.52703,89.5161,14.6789,55.3957,0.884956,7.88382,52.9126,2.4024,40.7837,2.40722,8.34879,5.64516,3.84301,7.76583,68.9095,3.8206,3.81479,87.1795,1.5352,90.9859,3.75335,5.51724,2.76739,4.13793,3.14637,1.85759,46.7213,87.2727,3.15524,3.67937,0.683371,8.04598,1.36986,2.02634,6.70103,5.42857,4.66926,10.0746,7.01754,4.74496,21.9048,0.0,31.1111,92.0354,0.929368,1.22977,94.513,9.92908,96.9388,88.0,92.6316,8.48921,10.5802,94.0828,92.562,95.583,3.02678,19.1336,26.7803,92.9412,89.6825,92.1088,12.8472,91.2162,0.899281,93.6477,89.1304,2.00765,84.0,89.1892,95.6113,5.37746,9.43396,8.41313,1.37931,5.64972,10.5422,5.54042,7.84913,6.71506,73.1343,94.6309,5.21447,50.5917,1.79739,5.19481,7.48663,82.2967,11.4907,3.24528,2.54237,3.83764,2.35081,17.9487,6.72783,2.37603,4.9569,5.22599,0.476758,1.73913,3.80313,1.79574,3.92383,5.9322,7.38363,4.87805,4.46194,1.93299,1.59011,3.80674,11.745,19.9664,2.17054,5.02008,8.82638,3.57143,3.22581,5.78947,0.253807,0.0,8.77743,8.85529,35.4037,9.09857,2.04545,1.81347,9.92218,1.33125,1.81452,5.99676,2.537,88.7826,29.2605,0.543478,73.7778,84.984,92.0969,97.0787,2.53807,52.2358,12.6344,86.0092,4.52722,1.20643,1.07527,6.58807,0.904523,3.4358,2.97101,8.23738,4.4586,5.61798,94.2857,5.85049,4.14938,94.3515,3.51064,93.75,9.26064,0.954198,3.45345,1.5873,4.12946,65.9794,88.8889,3.4127,2.27273,3.48584,6.00414,8.85827,6.44628,2.51317,4.06091,0.955414,3.30652,5.19931,0.821918,10.0233,14.2857,0.232019,0.688863,6.30137,80.531,1.05485,5.6432,1.05448,2.62418,2.63653,1.14416,6.15142,2.20713,12.8205,1.58863,72.7575,1.36519,5.2381,1.76406,88.3621,6.95802,3.8674,1.59091,1.90476,1.72865,6.74003,5.16055,2.83641,90.1246,15.6522,7.1205,2.29226,3.36803,6.01336,1.34328,6.004,0.906344,7.46667,13.2653,1.85449,3.44371,74.7475,75.4762,3.44828,1.15207,87.0924,93.5065,9.27022,4.67626,5.32915,77.0619,1.26582,3.56506,3.2967,9.73574,1.01626,7.15123,2.41868,3.0303,87.9688,95.1691,91.4601,0.641026,3.67816,1.17647,2.99728,1.87225,27.6342,10.2703,11.8205,89.8734,15.4246,1.75719,8.0732,5.09031,5.27449,3.49127,0.283286,0.0,2.53807,1.59405,88.5626,9.5624,75.0,5.53191,2.17822,5.6701,3.24484,3.3092,3.53698,93.2961,9.15916,1.96532,90.404,2.997,4.03186,6.66667,96.2733,3.95699,1.71607,6.60377,3.3241,84.2105,83.3333,3.68272,90.2534,10.399,3.85757,2.52708,83.3632,1.3876,7.34341,2.5641,4.76858,3.37621,8.04878,5.2795,0.0,93.5614,2.80374,44.3114,0.80429
HNGH016,87.638,8.42491,6.12403,8.29171,97.3948,90.1316,96.5517,24.3433,28.5047,2.95775,77.3829,4.84848,2.77778,6.57895,5.66488,4.65632,4.48718,87.5803,3.98406,36.8421,11.9048,6.72938,7.14286,10.0,14.2857,16.0363,2.66241,7.81818,2.42967,5.45455,26.3514,82.2581,2.57511,13.2806,26.0,10.129,43.3962,15.4062,4.5657,1.83486,1.77515,4.21893,15.3239,96.8641,8.69565,4.61538,2.0,11.2994,6.82493,3.87597,2.93103,88.582,9.09091,95.3846,26.045,2.38715,1.59363,4.04313,5.66362,3.83912,7.97761,4.85437,4.4282,13.9835,2.71558,2.04082,4.58716,5.27704,89.2361,94.8916,86.2969,0.0,0.0,0.986842,81.8182,2.08333,1.64835,12.3741,11.8582,8.9914,84.1226,88.0,8.10811,1.47757,2.10728,87.9452,14.4213,24.0506,4.98132,1.3577,95.5975,3.19635,0.0,6.66667,15.1635,17.506,5.32544,13.1494,82.0961,2.48963,9.02256,6.15711,35.2234,2.92826,4.00616,17.1329,89.1496,93.4783,25.0,13.8686,0.0,3.71025,6.91244,4.44894,5.18672,90.9968,23.0539,48.4305,19.9798,0.0,8.25472,7.80488,2.37565,3.73134,6.83962,1.99501,3.93836,8.49571,1.10701,0.520833,74.6711,2.75,13.2166,97.0238,6.48649,1.1811,12.5767,8.37696,94.1667,7.82828,5.29595,88.7324,77.4327,75.2874,83.0666,95.2381,10.0955,94.1423,28.8824,69.3467,0.0,21.9858,64.1434,10.8235,49.936,22.449,4.57355,4.35177,4.59459,11.1237,72.3861,34.806,4.88823,91.568,2.34099,88.3683,8.70968,8.2397,2.20386,5.17647,4.38729,31.0023,54.0541,58.6207,2.59015,4.81482,2.94118,5.60748,10.3704,4.87805,16.8689,22.4138,11.1538,5.41082,6.55738,5.6042,18.8544,24.2424,46.0,93.871,6.0,2.87356,95.053,14.2857,96.9183,77.3723,85.4251,15.3846,10.6918,93.7238,86.4583,97.4359,5.77465,16.6667,39.4453,94.2529,95.4064,88.6924,11.9792,80.7692,1.98511,78.5839,89.5522,2.47074,84.6154,82.6087,91.1111,8.13253,24.3852,7.31707,3.00633,2.7933,5.14706,6.97115,6.85279,2.6534,74.6032,94.9686,12.8085,78.9333,3.1729,1.82815,10.0671,91.0755,9.16031,2.12917,0.651466,4.95957,4.74339,45.0,16.7286,0.790514,3.23129,8.25017,1.5942,0.486027,3.59116,4.80984,3.92654,2.0202,6.39535,6.40732,3.98959,7.94979,2.24359,4.7619,9.30233,20.8403,10.1375,6.41569,3.87789,1.33588,36.8497,13.5135,0.97561,0.958466,18.1818,13.4454,36.1446,13.4146,30.5344,34.6304,10.5495,2.83784,0.630252,5.02008,1.22283,83.4532,33.1984,0.0,76.5714,83.7772,92.5029,88.6567,2.38095,51.5539,9.60452,86.5449,4.34783,16.0822,1.92837,4.78516,2.13311,6.32653,2.88066,12.9727,11.3924,8.16327,91.1111,3.54873,38.4393,93.0057,1.74419,79.4118,11.7012,2.29008,6.13718,1.30776,3.44403,49.0,66.6667,4.9952,2.3406,6.45161,9.73574,7.06522,21.1735,8.86589,3.25027,6.70927,0.889328,15.7962,2.07006,5.6338,12.381,0.746269,6.71077,5.15464,72.9282,2.14286,6.00106,2.11538,1.90616,3.25203,1.86005,8.86872,8.0402,3.17848,7.30198,60.1382,3.90625,3.73333,4.53461,90.1235,9.84871,2.65487,0.689655,3.81356,1.84908,6.18182,7.6251,2.83371,76.8453,11.8421,12.6224,3.59937,2.23537,25.5605,17.0224,12.9529,4.80769,10.8075,17.7419,13.7622,7.16561,81.25,83.3333,42.029,11.9114,78.2837,90.7317,20.0397,23.6915,15.276,83.2117,2.27618,5.86081,13.5578,5.14821,1.77515,5.66866,2.53593,2.58152,87.4074,96.3061,96.7611,1.76471,4.59519,0.0,2.6862,3.50263,18.9591,18.2648,10.6295,89.2655,33.0357,12.2966,15.3432,3.35097,6.21118,4.80549,2.37389,0.851064,4.82509,6.2436,88.0672,25.9184,90.9492,18.7192,3.42075,25.8427,15.0376,7.9287,1.23928,88.8112,3.82609,1.72228,88.015,2.87206,4.43702,18.4483,85.5856,11.2588,2.20588,4.28571,2.39521,69.2308,100.0,3.38518,88.1188,9.34579,1.96078,2.76423,76.1398,2.88839,8.11744,2.80791,3.9028,4.81366,10.5012,34.2618,18.1818,87.9733,4.75676,36.8421,2.60586
HNGH017,93.4673,9.12162,3.87858,5.82781,95.1613,90.566,100.0,26.8182,17.6991,1.20482,84.4595,10.5263,0.0,4.73373,3.74123,13.7255,3.21429,82.8221,0.576369,0.0,0.0,2.5641,1.75439,3.91061,4.7619,11.6732,2.66075,0.522193,8.7156,0.862069,14.1538,62.3853,0.0,2.20083,32.3529,13.3508,9.09091,6.01504,0.882353,0.829876,0.0,1.3986,2.29008,98.0583,1.53846,1.62866,0.0,0.510204,5.71429,10.1744,0.327869,82.5243,11.1111,100.0,35.2113,1.40713,0.91623,0.671141,3.45455,1.94805,4.31267,8.69565,0.521286,6.48148,4.59893,0.787402,4.1958,1.92308,79.4393,89.1304,77.5,1.16279,0.0,0.0,100.0,0.0,0.0,6.20155,1.89573,3.43511,89.3401,100.0,12.2449,1.23305,1.88679,90.7353,6.1674,17.5904,3.81679,1.21951,98.5714,2.57235,1.10497,0.0,13.5922,1.23967,0.0,3.40426,82.5581,2.09021,1.0989,2.8436,15.3061,1.17188,1.82039,3.15789,86.4865,100.0,15.7895,37.037,1.29032,1.5674,4.49827,1.74419,2.91971,98.2759,1.10906,63.3333,16.388,0.0,0.0,2.38095,1.65289,3.52423,4.70852,0.784314,4.18848,3.67734,0.772201,2.17391,80.0,2.74841,1.98473,94.5652,9.43396,1.63399,2.48447,4.7619,91.8919,6.93069,4.23729,74.5455,95.8333,77.027,94.5518,100.0,6.81265,84.2857,16.3265,70.7692,0.632911,2.04082,49.7355,0.765306,34.7541,2.88462,7.40741,4.17755,16.8182,4.72222,66.474,3.2967,3.90879,89.759,2.71382,91.4027,6.04027,7.14286,6.70498,0.862069,1.8018,0.0,38.8889,69.2308,2.40586,3.61446,0.564972,15.3846,2.84091,0.320513,22.8715,0.819672,10.4348,3.28639,0.0,2.68456,20.6422,16.6667,51.5152,87.7095,0.446429,2.11765,93.4473,14.5,91.3669,90.7692,94.4444,6.84597,1.03093,93.4375,92.9078,97.8395,2.20994,19.3069,32.9317,93.5484,95.0,93.1818,9.72222,78.0488,1.3986,93.1925,95.7447,1.34048,90.0,90.4762,89.8089,1.86567,7.33333,6.92124,2.75591,2.65957,3.45572,5.54217,6.6482,7.07965,86.9565,100.0,3.05085,56.0976,0.831947,2.48027,3.19829,96.2264,9.65517,0.7109,0.0,4.13907,1.47992,0.0,7.36196,1.07296,1.07914,2.40453,0.581395,1.6,1.6129,3.62319,2.17755,1.14943,6.95652,6.74157,2.37258,4.96614,1.63934,2.89017,4.23729,8.66142,10.2389,1.069,6.15385,3.22581,23.1884,8.0,0.0,2.85714,8.67769,2.23214,10.0719,8.1448,8.94737,0.0,13.5338,4.18251,2.89855,2.05761,2.26537,96.6837,25.4098,0.0,80.7018,84.7114,90.6796,85.9873,0.454545,25.2525,5.7554,92.3729,4.19236,1.03734,2.0,4.39394,1.10294,4.23077,3.84615,10.4336,1.78571,0.0,100.0,2.43507,0.0,89.1228,9.58333,85.7143,10.8647,0.694444,4.61095,2.70793,2.5522,77.7778,85.7143,3.7422,1.16086,0.0,4.34783,4.65116,1.44928,4.47619,3.1746,4.21687,0.854701,5.76923,1.79856,7.63052,3.94737,4.04624,1.38122,4.03071,74.0741,1.80505,5.49313,0.0,1.97044,1.19048,0.945626,2.5025,4.79233,0.0,7.32323,69.3333,2.89855,7.08833,3.29068,97.2222,11.9048,3.7037,0.0,3.19716,2.23881,2.94118,3.4632,1.25,87.7301,0.0,6.36364,5.66038,2.0362,9.62963,2.48691,4.68432,1.72414,8.26772,8.78049,3.96975,7.01299,67.1429,85.83,28.5714,0.0,85.0909,89.7059,10.6383,22.3776,1.64384,83.4862,1.77936,7.80142,1.20482,4.14508,0.819672,1.44788,6.21359,2.29226,93.5252,95.679,96.1538,0.0,8.59813,0.0,0.671141,2.22222,26.4045,7.27273,7.7381,87.8049,5.74324,0.823045,5.42986,3.84615,24.4361,2.3569,3.26087,0.0,2.0,0.691563,85.2535,14.0969,56.5476,11.9403,1.93237,10.4089,9.72222,2.85375,0.746269,76.9231,8.75912,0.913242,93.3962,0.822368,4.37828,1.63043,94.5946,7.22569,0.0,15.5462,0.0,66.6667,100.0,2.22222,90.0553,7.4364,4.34783,4.1841,91.8455,1.35891,11.6751,2.54669,1.42248,2.0,13.4387,20.0,3.44828,93.8462,7.88644,41.6667,1.12994
HNGH018,95.0963,11.3872,4.53901,8.52163,93.7603,90.4192,91.954,29.5492,15.4856,0.649819,84.1499,6.21118,2.5,7.92079,7.80929,4.6252,7.76583,84.6641,1.64319,11.4754,1.92308,6.48216,3.23383,6.58683,11.8519,11.4022,6.40288,2.53853,8.5327,1.53551,9.94825,71.7647,13.0435,1.16564,7.05882,15.6444,3.54331,9.22693,1.33929,6.93642,22.2543,2.78054,2.51397,95.9893,4.81928,4.78326,10.1124,4.67836,8.04598,2.65879,2.39163,81.0298,20.3125,91.2088,31.454,2.26308,2.53165,1.73482,6.66184,6.58579,12.2669,7.57363,1.28788,7.83133,5.23222,2.14477,12.5,3.1994,85.5932,95.3548,75.1816,0.591716,0.813008,0.636943,75.0,3.64583,0.91954,8.58144,8.44327,5.31758,88.9488,89.0909,8.10811,2.39002,5.89744,93.1466,0.612557,23.7748,9.48553,1.25174,89.3617,5.7211,2.57009,10.2564,5.50756,2.40175,0.0,4.92846,84.9057,4.31739,7.59804,5.32258,13.6276,2.08062,2.485,4.05904,88.0109,89.8734,32.0,39.8551,1.08108,8.29817,4.22932,8.58623,6.20742,93.0804,0.641026,52.193,14.6154,1.02041,1.9656,6.66667,2.52101,3.11174,15.6757,2.18671,3.71471,7.71889,3.43511,5.65217,81.5864,10.6731,7.04846,93.5229,5.42798,8.86918,2.18069,4.38066,96.8992,12.4804,8.36286,87.0504,95.7529,86.2847,91.0943,87.5,6.84114,90.5594,10.6732,73.6559,5.85242,12.2807,57.6412,8.29787,38.2979,1.38614,4.90605,1.81984,5.84158,6.90162,76.6667,3.91236,4.65187,93.3432,5.33719,94.2513,3.75783,7.24234,5.00317,6.39033,7.42942,1.20773,80.0,90.566,6.17776,3.00518,1.41129,15.508,4.98155,2.66075,4.43407,3.77907,1.0101,1.11288,20.297,7.10227,24.1987,0.0,39.3939,85.6383,5.13834,1.4377,95.8477,12.7202,94.1645,90.0398,95.3297,11.3734,3.95137,93.8775,90.2494,95.583,5.36105,13.8243,22.4824,95.3125,88.5827,91.4414,22.449,88.5321,1.27175,94.3333,88.2353,5.40984,90.9091,81.3559,91.7683,7.14286,7.61317,8.74605,2.48307,10.1677,5.77915,5.05655,6.82303,9.11063,85.2941,96.6667,8.79032,49.2366,1.45107,2.65268,3.0303,94.4915,16.3102,3.38524,2.79146,8.6875,1.25,0.0,6.99588,1.42303,7.26601,6.25745,1.19658,9.92556,4.08805,4.59653,8.52117,4.72028,9.29487,8.87949,7.04687,6.6313,6.76329,6.61253,5.66038,10.2397,2.45478,3.91616,5.11416,5.80504,8.7619,5.26316,1.80723,0.934579,10.3226,5.2521,23.5714,11.6134,1.06101,1.90217,14.433,5.68252,5.32258,3.9966,1.73293,83.8184,31.8452,0.442478,72.8448,91.0538,89.2405,92.1376,4.92813,48.6577,29.9197,85.5788,5.81703,0.779221,0.601202,8.62857,2.26782,3.19489,5.10255,9.2231,1.88679,0.0,98.1308,2.5497,0.0,92.1053,1.50502,88.785,9.41423,6.87023,10.0622,2.35373,4.92788,61.4583,84.0,8.71143,1.84634,1.79641,9.94094,9.47368,1.55556,7.36579,5.60472,6.48148,7.85855,17.5258,1.76211,7.03764,0.757576,3.7931,3.86507,7.26368,80.2721,2.61044,3.89685,0.652529,3.71945,7.61821,1.33111,5.31601,8.34575,8.20312,2.74809,77.458,6.56716,6.84736,3.09641,87.3377,10.0812,0.0,1.17994,5.59387,3.2872,7.30594,6.76183,4.89476,83.8894,8.24742,10.3416,2.42915,6.23574,1.24402,1.80929,10.0763,0.520833,7.45721,13.9474,4.98516,9.68444,64.5161,76.1978,4.4586,8.18414,82.4695,92.0245,6.81818,4.62428,6.31579,77.3176,1.73913,6.10501,1.26183,10.1764,1.06383,8.41651,3.67036,2.7907,90.2552,92.6991,91.0088,37.0518,3.09633,4.2735,5.21654,6.51341,19.8895,19.9187,10.3512,84.9858,13.6986,2.48668,7.83699,4.10959,9.80392,5.45024,0.431034,6.80628,8.38482,5.46595,88.2927,12.6214,83.299,3.42205,4.95315,6.26959,7.2165,5.18747,6.6961,85.6,11.0963,3.45438,92.9515,7.48528,5.89901,1.0596,91.2621,3.64641,8.50277,9.0625,11.3333,88.8889,100.0,4.59067,94.6429,9.98117,4.05063,4.53297,87.9139,4.34534,16.5344,2.42215,2.22626,7.35502,9.81595,0.711744,0.0,92.0732,5.21739,36.6412,0.669643
HNGH019,96.3031,7.30479,2.26667,8.64947,94.1011,91.4634,92.5926,22.3214,10.2632,0.420168,86.8167,5.98291,0.0,6.73684,7.01625,2.13904,5.98939,84.466,0.219298,3.07692,3.7037,3.82353,1.72414,13.1902,21.5517,4.90716,2.72418,1.47965,2.52632,1.71429,15.877,78.4091,2.38095,1.59363,3.61446,13.6014,0.617284,0.0,1.99693,3.32103,4.71698,3.00546,0.566572,95.1613,3.68421,1.32013,4.3956,5.74713,4.40252,3.7594,1.04822,82.4405,9.83607,96.0526,31.9728,1.27212,1.95936,0.418994,4.5977,1.62933,4.81586,3.09917,1.05205,7.7748,3.58744,2.20264,1.10497,2.1978,87.8788,92.0668,72.8614,0.0,0.3861,0.42735,76.9231,1.11732,1.45985,11.1667,7.93651,6.38112,88.3333,90.9091,7.52688,3.2601,2.48649,90.9704,1.87793,24.4344,2.04082,0.61674,98.913,3.48525,2.74914,2.85714,4.39914,0.974026,0.0,3.8806,90.2724,0.8626,2.83224,8.66337,9.13404,2.24033,2.21429,2.21239,92.126,93.6709,28.5714,25.2874,1.0989,5.04202,7.54717,4.7486,2.88845,95.1768,0.705219,63.522,12.9159,0.0,0.803213,0.0,2.02361,4.76974,9.92366,1.17647,3.74801,7.18039,0.507614,0.377358,72.1519,5.28455,8.22581,92.1478,3.4188,0.554017,0.966184,1.30152,92.3077,7.39405,5.85635,92.0354,96.8992,88.3212,97.1606,86.6667,10.8251,94.7154,8.64553,35.6643,1.26183,14.2132,57.0397,9.74684,40.8875,2.3913,10.2241,1.21294,4.98615,4.42105,73.4483,0.87146,3.203,91.1111,2.12917,93.401,5.10204,7.97546,2.5825,1.45278,6.88172,0.0,49.6,76.9231,0.729443,3.18471,3.79009,11.3636,3.42466,3.16699,2.64741,6.95652,0.469484,1.06383,3.44828,6.1753,20.6413,3.7037,37.3494,87.5,1.24688,0.488759,94.2639,10.6312,88.2022,92.5676,96.1326,3.90516,11.2903,95.1435,91.0299,96.3731,2.31481,9.44444,25.5373,95.4545,91.1111,91.9423,14.1975,87.0229,1.39241,94.2595,87.5,1.03397,96.7742,84.6154,90.9747,5.56586,9.25373,7.27449,1.2987,4.48642,5.61178,5.04202,6.51163,3.67505,73.4694,96.4286,1.01325,66.6667,1.09658,3.7594,3.9604,87.7493,12.0087,1.49875,0.261097,2.42947,2.12766,4.7619,7.26817,2.1875,1.6317,6.49913,0.447427,0.742574,4.96689,0.86741,5.84636,2.89474,6.48855,5.78704,3.33919,3.60111,1.0101,1.61074,4.87805,3.33333,3.5461,2.10124,6.70679,2.31959,2.07254,4.4843,0.719424,0.0,7.08955,8.69565,35.1852,6.84089,2.45902,1.01523,11.2903,2.20472,0.668896,5.31073,0.823045,88.8147,30.0926,0.0,67.7419,92.3155,93.5268,93.4524,0.887199,45.045,14.4172,91.6667,2.83592,0.430504,0.961538,5.22613,0.905563,3.79061,3.65535,10.0299,0.0,1.44928,99.0099,2.3126,1.39535,94.25,4.05063,91.3043,6.20621,0.0,4.44915,1.72249,6.26911,65.9091,78.5714,2.6926,0.754976,0.904977,5.61798,10.962,2.51572,3.48506,2.3766,1.59744,3.06373,10.3158,0.568182,3.6036,2.29008,0.678733,0.811124,6.48944,76.2712,3.91645,4.93454,0.692841,1.65746,3.16901,4.80905,4.32099,5.78947,1.1236,1.39969,82.4701,1.26582,3.6661,3.56522,90.5405,5.87173,0.0,0.0,1.34855,1.05634,4.23729,3.43284,5.57868,76.9923,3.42466,13.8414,2.89855,4.61339,0.962567,1.35566,6.97514,1.6129,10.3041,8.88278,2.5,6.07143,76.1062,70.3872,4.54545,2.04778,89.605,90.8451,0.898204,4.70588,4.92866,83.1754,0.875274,3.56564,1.92604,5.80111,0.456621,17.6809,0.290416,3.72272,89.6686,96.5909,97.3094,2.92683,2.90276,16.6667,3.76766,2.39521,20.1149,26.6667,13.5742,87.1795,16.7785,2.18341,7.7381,7.37101,5.40146,7.43802,0.0,0.917431,2.34899,1.37931,90.7843,10.2138,66.5714,3.67647,0.475624,1.94004,2.83401,2.65291,0.831025,94.4915,3.44037,1.46561,83.1522,0.759734,2.33801,2.17729,95.1219,1.38135,0.507614,3.97196,4.13223,54.5455,88.8889,3.93604,96.1446,5.92755,1.48148,6.03113,78.2609,2.22222,10.3618,1.26019,0.620636,4.66989,8.24873,2.61628,0.0,93.8416,4.92537,43.7838,1.90678
HNGH021,95.8333,15.1163,4.26009,9.97409,98.0392,98.2759,88.8889,21.8182,9.14286,1.02041,84.5494,17.6471,0.0,8.33333,3.8961,4.0404,6.38298,83.4891,0.326797,0.0,0.0,6.74536,1.65289,3.28639,8.16327,5.91133,2.13415,2.80702,4.42804,3.92157,15.534,72.381,19.0476,6.02837,0.0,6.39626,17.9688,5.46448,0.769231,1.88679,21.1864,3.37079,0.269542,97.1429,0.0,4.11765,1.2987,0.0,4.31034,2.5641,0.806452,84.4828,2.63158,95.2381,27.1739,1.04849,1.02041,0.881057,3.82353,2.20588,9.79592,0.934579,0.898204,5.38244,5.7072,1.70316,1.75439,1.20482,95.5556,94.5,71.9626,0.0,0.0,0.0,100.0,5.55556,0.900901,6.75676,19.5122,6.49547,91.3793,88.8889,5.55556,1.33038,8.69565,87.5931,0.0,19.3467,8.42491,0.208333,89.2857,4.83871,0.0,1.04167,5.625,0.0,0.0,0.595238,91.7808,0.298507,5.19481,5.43807,8.96552,1.03093,4.08163,0.0,92.7007,88.4615,56.0,43.1818,0.0,1.00756,3.04054,2.78373,5.17241,97.8495,5.05051,70.0,20.7668,1.8018,1.04167,0.0,0.42735,3.22581,5.43478,0.0,11.3253,4.53608,2.30415,0.0,90.9091,2.07715,2.10843,95.2607,1.03093,1.04167,7.61905,2.94118,84.4444,5.5102,6.74847,89.1892,93.8525,87.5519,97.3039,77.7778,5.40541,98.3871,11.3971,63.0435,4.67836,14.4928,60.9091,4.66472,37.2549,1.57895,15.625,2.35294,0.5,48.0,67.3913,1.50943,6.28931,92.9348,2.38751,94.3503,2.87356,7.03125,3.03688,3.87097,3.65854,0.0,52.0,100.0,3.2,2.36686,1.89873,4.34783,4.41176,6.12903,7.33591,4.71698,0.0,8.91089,3.94737,5.32319,46.0177,0.0,22.5806,87.907,2.85714,0.284495,93.0636,11.1111,89.7959,89.7959,97.1698,3.6036,32.2581,90.1408,93.2961,99.3506,6.70732,11.6667,36.0882,95.8333,81.0811,89.9621,12.069,76.7857,1.75097,91.6201,93.1818,2.58621,100.0,100.0,94.4444,6.41026,9.0,8.91841,0.662252,4.47368,3.33333,6.49652,5.19481,10.8108,22.2222,90.0,1.06383,67.8571,1.67811,1.32159,8.46994,95.5665,6.66667,1.53061,3.22581,1.5625,0.483092,0.0,12.5,5.47945,4.25532,5.44355,0.0,0.0,0.0,2.05882,4.23601,1.13636,20.0,3.36134,5.47945,4.97925,0.660066,0.441501,7.69231,1.06383,3.47826,0.982318,4.77707,0.456621,0.666667,6.97674,1.06383,0.0,1.0989,8.39161,4.58716,9.24171,0.0,2.65487,13.7255,7.16374,2.7027,0.0,1.13636,90.9091,36.1702,1.96078,77.5281,94.3946,91.453,88.5057,0.0,47.7612,2.77778,89.011,2.02312,0.0,1.99005,11.2385,1.26582,3.52423,2.35294,6.66667,17.0732,0.0,100.0,1.81347,2.41935,90.4255,0.0,97.0588,5.85774,2.90698,5.04808,4.46429,7.64045,88.8889,66.6667,1.88679,1.56006,0.0,7.6,9.09091,2.64706,2.47525,2.87081,10.0559,8.83191,6.18557,1.16279,8.79121,2.85714,0.0,3.5443,5.74713,77.7778,0.584795,5.21173,0.0,1.0989,2.12766,0.571429,5.64784,1.44928,1.0989,1.10803,80.5556,1.36986,4.12214,3.62319,82.0513,3.8864,0.0,2.29885,4.10023,1.58311,2.1978,2.1028,2.52765,64.6552,0.0,10.8209,1.44928,3.38983,0.887574,1.17302,5.9375,1.38889,13.278,9.25508,5.60472,8.75912,44.2308,80.531,0.0,0.546448,90.7631,92.1053,0.0,7.89474,3.20513,94.898,0.0,2.5,2.43056,6.03175,0.465116,2.49792,1.55172,1.06007,90.2778,89.6226,88.7097,5.55556,2.13523,14.2857,4.34783,1.97044,10.0,12.6582,16.187,84.106,18.1564,2.00803,17.5439,4.42478,12.0755,1.03806,2.27273,1.6,2.72109,0.967742,87.766,4.31034,69.697,0.0,0.8,1.10497,0.628931,3.76471,1.88088,94.7368,1.9305,2.34742,90.5263,1.60183,4.34783,3.7464,92.3077,1.5299,0.0,4.12371,1.35135,50.0,100.0,3.49563,97.6,8.33333,2.92398,3.01205,73.9884,0.824931,14.3396,2.41838,2.77136,8.20895,5.80205,2.14286,3.84615,89.7436,4.41989,33.8028,1.33333
HNGH027,97.7011,9.81308,2.81162,5.65517,92.4084,93.4426,96.0,14.5089,18.4343,1.12465,84.7176,4.95868,0.0,4.33071,5.44681,2.24359,4.41486,86.5772,0.0,3.50877,2.94118,5.6891,5.51471,5.30822,14.5455,3.16456,1.36986,1.93165,4.77327,6.27178,20.9334,81.4536,5.9322,1.65289,6.66667,12.6615,7.43243,0.60241,2.67857,2.91262,1.83824,4.64602,0.740741,96.9188,0.740741,5.52486,4.91803,2.94118,7.38007,3.34728,2.09003,86.9469,6.52174,93.5484,31.4176,1.99758,1.30804,0.876095,6.93431,1.99501,8.28402,3.30396,1.16077,5.38058,2.10312,0.924214,3.7037,3.29502,85.7143,94.3493,79.1958,1.57068,0.0,0.581395,84.2105,0.0,1.66667,7.4364,3.24074,4.88889,95.1841,88.3721,12.3656,1.22306,1.13293,89.0464,2.46377,36.6228,2.5544,1.70143,95.9064,3.32871,1.60428,0.0,5.28211,2.457,1.21951,3.46741,90.0474,0.859599,3.1348,4.02802,4.42857,3.20285,3.42717,4.33437,90.1198,97.561,20.0,9.0,1.03093,3.43348,2.23881,4.65116,1.68889,97.0696,1.75983,42.953,7.81544,0.0,1.13208,0.0,1.26459,2.53353,3.63636,1.86404,2.58732,6.81492,1.24031,0.70922,83.792,10.4459,4.01396,96.5035,4.59364,0.196464,3.125,1.83486,96.7391,6.07321,3.49301,89.6552,97.0964,85.8509,97.411,100.0,7.0331,90.9548,13.3742,48.7342,0.438596,11.6022,61.1987,6.42857,38.2234,1.38889,7.39645,1.15668,2.60532,10.5178,74.8031,4.82077,3.43785,92.1409,1.67959,92.0608,6.91145,8.48709,2.77247,3.1401,6.36364,0.847458,42.1687,78.5714,2.79979,2.66854,1.02041,5.06329,0.0,0.790514,7.8341,9.63455,4.5,1.61765,1.91388,10.9402,32.1995,0.0,30.2326,92.8721,8.23171,1.68612,95.3975,5.05319,96.9325,92.2131,98.1818,6.38607,18.75,90.5172,90.9699,96.1538,2.2942,5.85176,51.1321,94.6237,91.4414,91.0668,22.8571,82.8571,1.55602,91.8079,89.1304,0.851064,96.2963,90.411,89.3891,3.8835,6.25,7.26667,1.65563,6.18221,4.92424,6.35697,4.28752,2.32558,84.6154,99.1597,5.39535,85.7724,1.81191,1.17155,6.47986,93.0107,2.8169,0.971599,3.5461,4.11817,2.14592,22.5,7.67123,2.52252,5.20833,7.20507,1.17878,2.16667,4.56432,2.18281,4.08739,5.35714,7.08556,3.40909,3.65854,2.63158,0.832178,2.04082,4.5977,6.2635,1.02249,0.951374,4.03846,3.28467,4.84694,2.76498,1.17647,2.38095,4.47761,8.88889,23.8095,8.77498,1.3245,10.6996,10.1493,2.70049,2.89017,4.8926,0.792602,90.6096,23.3083,1.21457,78.8079,88.7466,93.7861,96.8652,1.76678,44.4206,7.14286,90.8189,3.08311,0.617577,1.71569,5.43909,3.57968,2.29008,3.34225,10.6186,0.0,3.84615,100.0,2.44712,0.0,94.6565,0.4662,92.7835,6.91434,0.735294,1.57343,2.14041,7.98722,77.1429,68.0,2.98939,2.04918,1.72414,4.62754,5.625,1.06762,3.66013,5.76653,3.5443,1.31694,3.01003,2.63158,3.18725,1.41844,0.771208,2.20713,6.37319,85.2941,0.911162,4.15408,1.59363,2.89855,5.2139,1.88457,4.48859,5.38244,1.11111,1.86393,78.8644,1.98676,3.78619,3.85572,94.6043,6.89774,0.909091,1.78571,3.51852,1.05857,8.41515,4.16667,3.25157,86.5625,26.0,10.8642,5.59796,3.25953,1.81044,0.698487,3.20819,0.852273,6.76692,12.7839,5.53691,5.29101,72.7273,80.112,4.14938,0.271003,88.8298,89.2857,5.22244,6.33245,6.49351,88.0,0.271739,5.46358,1.6269,7.0018,0.4914,3.69768,1.69988,2.78087,90.4762,94.5245,93.0394,1.49254,2.92887,9.52381,2.39899,1.88383,17.8947,5.92105,7.44501,86.3388,9.38967,1.75439,12.2667,5.11727,6.12245,1.42276,0.78125,0.0,2.53378,1.8543,91.0064,18.9258,88.998,0.858369,1.23043,6.07143,3.57143,3.37165,0.938967,92.2747,1.11111,2.67516,88.0597,1.69946,3.40705,2.64797,88.0,3.7298,3.32103,12.0219,0.549451,88.8889,100.0,1.59858,95.493,10.2729,1.5544,1.77112,59.3137,2.23534,10.0189,1.23457,1.86464,5.15152,10.0,1.28617,2.85714,91.5119,2.93663,30.0813,1.55172
HNGH028,95.9911,7.75401,2.65082,6.28099,91.4474,91.4286,96.2963,19.2412,11.5385,2.89296,83.6007,17.7305,2.63158,1.76991,4.88102,3.04878,4.16272,82.8508,3.26797,0.0,12.1951,2.86533,5.19481,7.8629,15.5844,13.2184,2.75762,2.36337,4.71125,1.54185,13.4673,63.0252,0.0,2.33645,8.62069,9.34579,0.0,3.68272,1.44357,23.431,0.813008,2.69058,1.10585,97.8417,0.0,2.84698,6.54762,2.09205,6.64062,2.50627,1.875,87.0712,10.1695,96.3636,20.8054,1.4974,1.26292,1.5493,6.8903,1.75676,7.34394,1.38122,1.14201,5.1495,1.84911,1.63132,0.680272,1.92,73.3766,93.8856,81.6555,2.07254,0.952381,0.974026,58.3333,1.33333,0.568182,17.3203,5.55556,3.37553,92.283,100.0,16.8539,4.73328,2.03106,87.3418,3.44828,20.2059,4.65116,2.98071,91.2088,2.25166,0.374532,0.0,3.36634,3.56083,0.0,2.01835,90.2174,0.594732,0.931677,1.10294,4.82143,1.52672,1.84147,4.57516,90.6542,94.4444,34.7826,28.5714,0.775194,4.60358,4.34783,3.69881,4.59492,92.511,4.45026,53.2663,7.73639,0.0,2.73224,2.75229,1.43541,2.35081,3.04054,0.613497,2.69663,6.99797,0.888889,2.29226,85.2632,4.2328,4.28571,94.8718,3.84615,0.0,2.23464,3.91459,94.4444,5.93066,5.93023,83.75,89.9582,77.6504,96.3009,94.1176,10.8084,89.9329,17.2589,57.8125,1.19522,10.119,46.4286,5.32446,37.5,3.34646,22.7083,2.32198,3.71075,7.5,68.4492,3.52505,4.55707,90.9953,2.01643,93.6508,6.20915,6.98925,2.83286,3.29341,2.62295,1.65289,59.7015,87.0968,4.10872,3.75,1.02669,0.0,0.0,3.79747,3.37691,4.85437,2.83688,7.82918,4.56274,4.21793,18.9655,16.0,47.4576,92.1569,4.10256,1.07643,94.2708,5.92885,97.1671,95.3216,91.8239,3.63248,11.3793,93.8838,89.8438,89.6703,3.51759,16.5447,2.81426,77.551,88.8298,87.1329,15.6566,90.9091,1.42421,93.4513,63.8298,1.44092,90.9091,89.7436,92.0,5.10806,17.0404,17.2727,2.0202,6.72783,4.73988,6.31787,5.84071,3.125,89.1892,97.1963,6.40449,61.8497,1.27536,1.63317,8.40164,90.0958,4.41176,2.72436,0.315457,4.72868,2.87908,13.9535,4.86891,0.776699,4.97238,5.21415,0.0,3.09917,6.87679,2.18121,6.16,2.80112,5.09338,5.58824,3.98734,3.64146,1.3308,1.90641,2.89855,5.42169,2.24525,4.52225,8.14717,6.34921,18.1818,8.33333,0.465116,0.0,7.27763,2.79503,8.51064,7.93296,0.719424,2.24719,15.1899,1.10803,1.23711,5.72792,1.07296,82.4314,35.1852,1.25523,70.1987,86.7738,93.6728,92.2705,1.54799,27.5,12.1076,92.7536,4.49612,0.783476,0.931677,4.60784,1.05263,3.26975,4.22932,11.745,13.0841,6.97674,98.1132,2.69946,3.92157,91.3858,1.22511,97.2477,11.3924,0.446429,2.15827,1.37131,2.69414,64.1509,80.0,3.18772,2.27048,7.46269,3.1746,6.18557,1.93798,2.52101,3.06905,3.87324,4.10959,2.92887,2.63158,5.10949,7.79221,0.636943,2.60366,5.18039,63.0303,1.12108,4.81928,3.26975,2.47525,3.68509,2.84024,4.30894,6.63507,2.31884,3.33817,73.4177,3.22581,5.09934,3.22108,88.0239,4.1828,0.0,0.943396,2.76718,3.33333,8.59599,4.69799,2.7959,85.1852,8.06452,5.77849,3.65297,2.91777,1.54028,0.723888,4.45906,7.28477,13.1466,11.7128,2.83688,5.16899,70.4545,81.2689,5.09554,6.11354,80.2273,87.931,10.6918,9.41704,6.82594,83.9286,0.673401,6.31579,2.33209,7.02811,0.269542,1.94253,1.53102,1.31387,92.163,85.9649,94.9254,9.83607,3.25926,1.92308,2.83806,3.41727,26.9373,18.7166,8.33333,77.7778,23.6791,4.9217,11.0283,5.84192,10.7383,3.96601,0.0,1.07527,3.10219,3.44828,90.8696,7.33696,71.9198,3.16456,1.3905,3.89864,5.97015,6.25978,3.14136,89.1473,3.90625,1.41287,83.3333,1.76101,3.1746,3.87409,88.2353,2.82669,5.36913,6.25,4.51977,60.0,92.8571,3.40136,88.835,8.74126,3.55872,2.31959,82.6825,2.3146,6.2635,1.36006,2.34818,3.27332,8.70488,10.9375,4.16667,95.4128,3.02419,43.0108,0.84507
HNGH030,96.4172,9.41371,3.70929,7.49547,95.12,92.3944,95.1219,21.0824,17.9447,0.957192,85.705,8.40708,0.0,5.08693,5.4,3.62375,6.11989,84.8319,2.29508,6.76692,8.99471,7.00799,0.644122,5.66606,15.1565,5.84856,2.6298,2.39738,7.40741,1.89959,14.5626,83.6549,3.67347,1.8126,3.63636,10.469,4.84653,1.42349,2.0381,3.7325,1.87441,5.36353,0.889802,96.281,0.892857,2.3172,12.9032,3.79198,4.93433,2.53325,1.26859,89.1252,5.96026,95.9391,23.607,1.06507,1.96116,0.922432,4.83871,3.74396,7.4373,3.82294,1.25115,6.14414,2.95516,1.31352,5.69948,1.01109,88.3051,93.954,82.7402,0.544662,0.2574,1.01626,91.4286,0.841751,1.03093,8.88031,5.90208,4.41478,88.3644,93.1373,7.0,2.09593,1.5984,92.0598,1.03211,23.6335,2.95548,0.965778,92.439,3.93202,0.917431,1.76471,2.05985,1.68697,0.168067,2.00634,85.7939,1.02706,1.20879,3.67534,6.86391,1.17048,2.64634,2.25873,91.8519,95.7346,12.5,20.3175,0.75188,4.56253,4.2437,3.52201,3.70821,97.3982,1.52891,47.191,9.17684,0.894855,1.35747,0.775194,1.73947,4.49556,6.26741,1.35192,2.54154,9.33398,1.03093,2.42718,82.9909,3.76489,5.79541,97.2179,3.09598,1.07738,4.22164,1.27389,96.0177,7.96534,5.67097,90.1841,96.8665,90.0545,96.6024,100.0,6.04406,96.6907,8.78893,49.7768,2.28916,21.6015,60.8696,7.5213,35.9916,1.97944,8.00691,2.19982,4.78212,6.11293,74.7941,1.91518,4.67175,92.5878,1.98162,94.2652,2.61383,6.60622,3.41004,3.68043,3.58835,2.75689,57.7855,81.9672,2.97845,3.48119,3.85057,0.0,1.25156,2.75839,4.31526,6.4877,1.20301,2.45399,2.11268,6.92521,21.1268,3.84615,39.0135,91.3489,3.54147,1.33975,93.8603,7.3029,94.8052,95.9677,96.7407,6.50076,15.1917,92.0998,90.8225,97.1406,3.51275,7.25416,27.609,91.0448,91.1877,91.3876,17.1913,88.3249,1.5731,93.9245,89.5722,1.99826,89.0909,91.0448,92.2002,6.28091,4.38596,9.36296,1.02722,4.83754,3.73665,5.17915,4.32692,4.30029,78.9157,94.2623,1.26017,75.6933,1.59542,2.22971,7.95521,85.5524,8.63971,2.35174,1.62602,3.58476,2.17105,8.97436,6.26808,2.84515,5.19054,5.98533,0.534188,3.06069,4.78905,1.91537,5.70342,4.44251,6.31627,3.95847,4.17996,9.00474,2.85,2.74572,9.15254,3.2368,2.44059,2.55403,7.2523,3.0762,1.13464,4.55882,2.70701,0.687285,7.40741,6.22598,31.625,7.97003,4.17423,1.41844,10.3659,1.84848,2.24626,3.50951,1.08743,90.6625,32.4503,0.0,75.0,90.7451,93.9231,94.7269,2.24176,46.0526,9.60758,92.8,3.72627,1.42779,1.34409,5.31891,1.27563,4.24559,2.83383,11.5285,0.892857,0.714286,100.0,3.15269,2.0649,92.2561,1.24526,90.8676,10.8996,0.5743,5.12104,1.39512,2.75701,76.2136,81.6667,3.78289,1.19804,1.48515,5.6719,9.4382,1.40237,2.83175,3.7112,1.8283,1.69895,11.1912,1.12269,5.92255,3.51438,0.815661,2.54207,5.70871,87.037,1.80841,5.95238,1.00937,3.04745,4.5707,1.10011,4.84043,7.72251,1.62602,2.93746,81.1456,2.88684,3.51105,2.57697,89.4921,5.87108,1.89753,1.08401,2.19816,1.31848,7.02421,5.30612,2.62964,91.5817,20.332,9.47977,1.99275,3.5594,1.02445,1.0764,4.07552,1.82186,10.7468,9.61039,2.46479,7.30634,80.4965,78.1329,3.86997,2.50836,89.4953,92.5301,2.96097,6.05795,4.26894,85.1064,1.39165,3.48361,2.04646,6.36364,1.34953,4.09836,1.15393,3.18417,86.4307,94.3089,96.3899,0.843882,4.33815,2.42915,3.60087,3.91904,22.098,10.8597,9.98223,87.0889,14.18,2.11749,11.7916,4.82291,5.74307,7.30503,0.99889,0.192678,2.68022,1.3597,90.3084,11.3527,90.0638,3.0303,1.88318,1.69677,5.22134,3.15279,1.80632,95.2813,4.74841,2.37254,90.8602,3.00899,3.33137,3.15645,90.2299,3.21101,1.81661,6.45161,3.34988,100.0,95.6522,2.93051,94.6847,8.48401,3.40821,4.75703,93.4973,2.06991,10.9396,1.817,2.14731,3.79085,9.43396,2.09302,4.10959,92.0826,3.8961,38.9722,0.791937
HNGH043,95.7997,6.67575,5.43807,10.2059,98.2206,93.1034,90.6667,27.3731,20.1905,0.45045,85.8364,11.9266,14.2857,6.21118,6.30601,6.16622,5.01475,75.7161,2.37718,8.22785,1.20482,5.82242,4.4164,6.88172,27.9661,13.6725,1.88679,4.13907,6.40809,1.14754,21.6291,58.363,0.0,1.83908,6.66667,12.816,9.375,10.5735,2.82916,1.14943,2.7027,5.76744,1.92024,93.4343,5.14019,4.01146,17.2414,3.21932,6.32737,2.28717,2.33463,78.8251,10.2041,94.186,37.987,3.14174,2.59896,1.32341,4.56292,5.3125,6.58094,4.5929,1.69182,6.28619,6.84803,1.43627,28.3019,1.39002,88.0,94.9474,72.113,1.16009,0.200803,0.250627,71.4286,0.35461,4.54545,12.1834,4.70333,6.68142,88.6598,100.0,10.3226,3.85931,2.66129,89.5573,2.3968,19.8308,10.0392,1.53296,85.9903,3.40617,0.525394,0.0,11.2466,1.74672,3.16901,3.78788,87.7622,1.22217,3.08057,3.57918,6.41711,1.73812,1.57553,9.42928,90.8108,92.4731,60.0,40.1515,11.6751,3.86207,7.7246,4.07056,5.29846,94.4976,5.11308,72.2973,17.3378,1.76211,0.347222,6.99588,1.72166,3.73134,4.26829,1.03986,2.99213,6.61391,1.22951,0.0,81.0631,7.52788,5.27046,95.7338,4.20792,0.0,6.86567,2.82187,96.1538,9.08599,9.0566,85.2564,92.5859,89.2809,95.0775,93.75,7.12101,91.4508,11.2459,65.7895,1.03806,10.0917,56.6316,4.6875,36.0465,4.70958,5.16066,5.43872,9.34376,12.2,75.6315,6.43501,4.04847,92.7609,1.82997,92.5099,5.28846,6.18337,3.42231,2.87081,5.23039,7.12589,70.5607,92.6471,3.30161,6.44038,2.47168,0.0,0.0,2.39144,9.17241,9.74478,3.13589,0.717703,2.99625,9.7371,27.8219,6.06061,48.4615,86.4092,2.23881,1.05079,90.5371,7.22689,96.4935,86.1345,89.3013,4.18118,20.1681,96.3158,89.0838,93.2412,4.72906,19.8312,46.0722,87.234,91.0569,93.1315,16.0083,83.4951,1.80288,92.796,89.2405,1.67131,93.1034,78.5714,92.1196,4.55213,14.3925,9.70378,3.02326,3.96476,5.37728,4.78036,9.75387,5.08167,75.3425,94.2446,3.40716,48.0337,1.34293,1.67464,5.86592,95.4392,9.82759,3.70955,2.36842,3.30843,3.24503,10.6667,6.23782,2.63713,5.3913,8.10198,0.986193,1.54799,6.00522,2.11516,6.70444,3.7422,8.23938,5.10367,3.34172,2.73973,1.59744,3.32188,8.75912,6.71256,3.76712,3.57311,4.84115,2.47312,5.01433,8.90805,4.45205,0.0,7.26392,12.2689,49.1272,7.35146,15.4341,8.51735,13.6713,3.37934,6.35838,2.47823,1.42421,91.0633,30.4348,0.492611,76.1317,88.8792,88.6619,90.8524,6.62983,51.4706,9.80392,85.2362,5.28129,6.43163,1.33136,7.28534,2.20913,6.2417,3.13999,13.4757,9.35672,1.85185,96.0,2.5011,8.51648,91.1348,4.45293,93.75,7.30519,2.51142,3.44828,2.71067,2.75229,69.2308,78.5714,4.13598,1.99101,9.15033,4.75624,8.55172,3.73281,2.72805,3.22581,3.52941,1.37575,2.24033,1.90355,7.20109,11.6071,0.646204,2.00553,5.84915,78.7879,2.26876,5.97465,1.97269,1.65426,3.97112,1.20069,6.99387,5.18135,1.21359,4.22535,82.1023,1.51515,4.82655,1.59652,88.7324,3.75655,2.04082,1.1811,4.38312,1.51319,10.8796,6.04575,2.71855,89.1045,7.57576,7.41064,1.53417,4.00782,2.04866,1.07422,3.69164,1.07527,9.8476,12.0677,3.9836,7.60649,67.7019,90.2609,2.95858,4.77612,68.0384,93.4911,3.08943,7.42459,4.86486,73.4043,1.12045,7.78443,2.09632,5.89544,0.730994,9.89986,1.37203,5.02645,87.9668,92.619,95.8743,1.97368,4.24403,1.44928,3.37838,4.20168,23.4043,26.1364,17.7979,84.4037,13.4271,1.79028,10.9524,5.92217,5.66502,3.2,0.600601,0.657895,4.20168,3.85439,85.8954,12.1547,61.1465,8.60656,1.95382,5.02924,5.27778,5.11291,5.85534,95.4733,6.06061,2.29991,86.3309,5.02693,7.64056,5.99201,90.9091,3.8263,2.57235,6.82171,5.97403,71.4286,71.4286,3.65145,93.7023,10.1406,3.72093,6.6129,90.8078,2.31796,7.7455,1.82499,5.19177,4.41676,17.2494,8.03109,4.08163,89.4198,3.88514,41.0526,0.788955
HNGH044,93.3014,8.27338,6.72646,6.72043,91.4773,90.625,97.3684,26.178,22.3776,0.759494,88.1919,5.47945,0.0,7.9096,5.30726,2.15827,3.3241,80.7882,0.552486,3.15789,18.5185,5.11945,2.38095,5.36585,11.1111,4.71698,3.93701,3.367,2.94118,6.45161,14.741,78.75,10.0,0.840336,17.8571,13.4454,5.33333,28.7129,1.53061,1.11111,1.78571,8.52273,0.923788,97.1429,7.27273,1.66667,2.38095,5.51181,5.88235,1.03093,2.14592,83.8583,0.0,93.1034,30.5085,0.614754,1.70213,0.330033,3.5533,3.125,4.50644,3.37553,2.14918,3.7037,0.869565,4.6875,0.0,1.61812,82.4,93.3054,75.8929,0.0,0.909091,0.0,88.2353,0.0,1.2987,6.36042,5.74468,3.22581,82.0359,100.0,18.5185,1.4977,0.970874,93.8931,4.54545,33.9056,5.99455,1.62225,90.9091,5.07246,1.5625,0.0,3.93939,0.900901,12.1951,2.42424,93.2203,1.62749,1.38889,2.86738,4.6875,2.86624,1.96629,5.55556,88.7324,100.0,23.5294,45.8333,2.94118,3.93443,2.03666,2.58065,4.23729,100.0,3.65854,65.8228,13.4663,0.0,1.6129,7.46269,1.37931,1.81159,5.5,0.0,1.84332,5.74374,0.0,0.724638,89.7638,9.02256,3.75,93.3333,3.20856,0.0,8.66142,1.04712,97.2222,7.0922,9.2437,86.0,87.689,89.8256,97.4359,84.6154,6.80851,93.4783,14.4543,54.2857,2.08333,7.01754,44.6281,4.98753,30.6878,1.12782,8.22785,1.25,5.23649,15.9251,67.5159,18.9415,6.02007,91.3793,2.7972,92.545,6.47482,8.19672,2.14876,2.10526,3.20513,0.0,84.8485,100.0,1.71038,3.43008,0.675676,0.0,0.598802,1.34357,4.04762,11.3514,1.2987,7.2,2.54777,4.53461,28.5714,0.0,36.8421,88.4297,3.81679,0.331126,89.0411,1.6129,98.155,93.1034,91.0448,9.16335,0.0,93.1915,92.9293,96.9697,3.30033,17.8947,32.3988,96.2963,81.8182,92.1965,8.66142,69.7674,3.06604,94.2584,95.2381,1.00671,77.7778,100.0,94.7826,2.83019,23.0769,6.23145,4.39024,4.06091,4.18251,8.99743,4.30769,0.738007,91.6667,100.0,1.44928,62.963,2.29167,2.0202,4.19847,89.011,13.4831,0.737463,1.79641,2.71493,0.0,20.0,0.0,1.80412,2.55591,6.86901,0.879765,1.34228,3.79747,2.54237,5.19802,9.35961,8.02676,5.72519,2.27015,3.33333,0.0,1.79487,5.46875,2.23464,7.18563,0.537634,6.57371,3.53357,1.2931,4.54545,0.0,0.0,9.7561,6.52174,52.9412,9.83213,9.80392,10.687,17.3684,1.41044,3.13589,4.05063,1.49254,92.6923,35.2941,1.33333,85.7143,91.4027,94.9664,89.6825,9.57031,38.806,15.8537,94.152,2.76596,3.72771,0.0,7.14286,3.62319,4.32099,0.842105,11.8081,1.78571,6.66667,100.0,4.40252,12.0,87.7551,2.13675,97.1429,9.88593,0.0,6.16883,2.9745,6.20155,80.0,66.6667,1.5674,1.11317,1.66113,3.84615,6.74603,0.0,1.85185,4.0,2.29885,5.54493,2.84553,0.348432,7.72201,11.1111,2.30769,2.67062,5.12821,77.551,3.43511,9.89691,1.26582,1.14943,1.79949,2.64228,6.64137,16.2222,0.423729,1.64234,88.8889,1.25,6.22287,1.32275,65.8228,5.70866,0.0,3.9604,4.44015,0.899743,5.3125,3.11419,5.84677,78.9474,38.2353,3.58974,1.33333,2.74194,7.98122,0.549451,4.66786,4.13223,7.87402,9.97877,4.23387,7.56579,59.375,83.3333,5.12821,4.92611,79.5276,92.3077,0.0,9.39597,4.69314,90.1408,6.81818,3.39806,3.56164,8.76133,0.0,19.3861,1.1236,2.1021,86.0104,89.375,94.0476,0.609756,5.84416,28.5714,1.76211,4.69136,26.0504,12.1951,15.869,89.5522,27.6074,1.5544,11.2245,3.77358,11.9363,5.09259,1.94175,1.81818,1.57895,0.465116,81.25,10.5023,70.9091,5.61798,2.07039,3.71622,6.74157,3.92857,0.819672,91.4894,7.89474,1.68539,92.9577,0.524934,1.74538,4.54545,76.6667,4.52156,0.8,1.6,1.66667,75.0,60.0,1.92926,96.4646,11.194,1.10497,1.7316,70.2222,0.878049,10.2339,5.68336,1.03245,3.10559,8.59107,6.87023,0.0,89.2216,3.367,36.3636,1.81818
HNGH046,97.0339,10.8597,3.68272,6.18932,97.0,94.5455,88.6364,18.0905,13.4783,0.796813,84.6847,4.83871,5.17241,3.53698,3.85338,3.27273,5.95794,77.5439,1.73267,29.8507,2.38095,4.60123,0.0,1.11732,8.57143,10.1072,1.0989,0.71599,10.9551,2.43902,13.4727,68.5864,0.819672,0.592885,13.3333,12.894,3.81679,0.0,3.30189,0.0,7.28477,3.40909,0.772201,93.0818,4.71698,1.35501,0.0,6.48148,4.93197,2.07715,1.87668,82.1839,8.10811,97.0588,44.7761,0.394477,2.21354,0.742574,4.48143,2.746,4.86726,0.904977,1.29683,13.8272,3.0647,3.49206,1.62602,1.02564,77.551,93.5484,84.3206,0.311526,0.0,0.0,57.1429,0.0,1.54639,25.5882,5.5336,5.16432,91.3907,100.0,18.0556,1.68831,0.355872,90.7749,0.740741,17.0886,3.70968,0.869565,87.3563,3.96226,0.0,4.41176,4.16,0.952381,1.5625,2.58065,88.0597,0.552995,1.36986,5.94315,6.57439,2.28311,0.738397,0.0,91.9753,96.2963,23.5294,59.0909,0.0,2.03488,1.68776,2.42261,2.76316,97.5207,0.58309,82.6923,26.4407,1.02041,0.0,0.0,1.83673,3.79747,12.2762,0.512821,3.19444,5.8209,0.892857,0.0,80.9352,5.33981,2.17028,92.9293,2.13675,0.0,5.46448,3.04348,94.3396,6.48508,6.5625,92.8571,94.7859,93.2668,91.4798,100.0,14.4101,95.8084,7.96964,61.1765,1.26582,2.94118,68.7805,4.11125,36.983,0.623701,7.78443,1.36674,5.83524,5.69395,83.3333,2.12766,3.27759,91.5254,1.3913,94.0367,3.65448,8.91089,1.7991,12.9252,12.037,3.9548,67.3469,95.2381,1.70279,2.4024,1.50862,8.33333,0.0,3.01318,2.00445,2.83019,0.75188,0.344828,4.375,5.33333,25.5556,0.0,34.8837,78.7692,7.46753,2.3569,92.4324,5.41667,94.2478,84.2857,90.2857,6.69456,0.591716,95.8466,85.6557,95.8974,2.33766,13.125,9.27487,95.6522,88.8889,91.253,8.93855,73.2558,0.268097,96.6942,92.7083,1.30354,85.7143,94.1176,92.0,3.0303,7.1066,17.0443,1.26582,4.90463,3.34507,6.43863,5.49242,0.877193,90.4762,96.2963,2.01005,39.604,2.05936,1.35501,8.75576,92.3913,13.4752,2.25564,1.19048,1.81518,1.5444,23.5294,8.13953,1.16618,3.27273,10.0,0.0,0.923077,2.58065,0.784314,7.21443,1.37615,7.55287,4.11523,4.50132,3.13152,1.68675,3.08989,8.88889,6.25,3.25815,2.82903,3.7694,9.79284,0.673401,13.0137,0.0,0.0,9.48617,5.30303,31.8182,5.24345,0.0,6.10687,12.2172,1.13766,1.88679,8.10373,0.662252,92.4528,43.5185,0.0,71.4286,89.5307,89.6282,92.9412,2.93399,38.8235,6.21762,89.7959,5.93824,0.687285,0.630915,5.04414,2.82486,3.06122,2.76382,12.446,0.0,0.0,95.3488,4.49438,1.63934,93.1973,0.0,90.1639,7.25,0.761421,2.28216,2.4447,3.40265,80.8511,91.6667,6.91244,1.37195,1.2766,3.99061,7.16846,2.55319,3.02013,2.57186,1.49254,2.76423,1.66667,1.66667,4.05797,5.88235,1.3986,1.94805,4.58613,75.6098,0.0,3.85906,1.04895,1.73077,7.61671,1.55556,6.66667,5.72519,1.84502,3.23741,76.4286,2.48447,6.07357,2.45399,90.2439,5.67474,0.0,0.843882,0.573614,1.31435,7.4141,6.40835,3.36,91.2879,41.9355,10.7692,4.69208,1.54867,0.43573,0.547945,5.37313,0.478469,10.6383,12.0718,2.1028,7.67544,78.125,92.0245,4.41176,0.41841,90.2913,95.9459,1.1236,6.06061,5.92734,84.9785,1.23077,4.08805,0.83612,3.93701,0.353357,6.00579,0.883002,2.01613,91.3194,94.8276,95.1417,1.81818,2.33918,1.40845,2.83286,2.94659,17.6656,3.125,15.736,76.2887,15.8088,2.1097,4.26065,2.25225,5.46218,0.943396,0.0,4.10959,2.3622,1.88679,83.1897,9.67742,49.375,1.25,2.0979,6.14828,1.20482,2.97542,6.14035,96.5517,4.87805,1.55763,85.124,1.3245,4.37196,2.68041,96.2406,1.64918,0.0,18.1818,3.86266,50.0,100.0,5.61404,90.5172,10.1293,1.66667,1.87266,75.2212,1.06101,8.43373,1.99115,4.98409,3.23529,10.6267,0.0,0.0,91.0653,2.1021,34.8485,1.03093
HNGH047,95.2489,7.66046,2.26684,4.71289,94.4196,93.2203,90.0,20.9259,17.971,1.17045,85.8672,1.33333,0.0,3.29949,5.13539,3.99202,3.92397,79.703,1.76768,12.5,2.43902,4.60358,4.4,3.5514,7.73481,3.02548,4.34372,1.86916,3.49794,1.23648,13.4788,70.8904,5.10204,2.35756,8.97436,9.9278,7.98122,1.6129,1.62602,1.2766,2.20588,4.46602,0.640342,97.9675,9.41177,2.34114,4.85437,3.81232,4.71698,0.970874,2.68199,85.4167,6.81818,92.4051,24.1135,2.07597,2.04778,2.24439,3.35196,1.26783,3.90625,5.71429,1.96516,8.58586,3.9961,1.5625,3.125,0.783546,87.0,91.1901,75.4286,1.76991,0.257732,0.746269,93.75,0.0,1.60256,10.0709,6.47482,3.98284,78.6325,82.9268,25.4032,1.17096,1.83706,89.4094,4.11215,8.36013,5.43634,2.05514,98.5294,3.80228,0.721154,6.45161,6.88576,5.69948,2.11268,1.222,87.9032,1.3253,0.444444,5.54455,4.14508,2.2187,2.00118,2.11268,89.5522,92.0635,46.5116,38.7755,0.862069,4.05117,3.14371,2.77078,2.75482,96.3077,7.94603,71.0843,10.6036,2.68817,0.877193,1.16279,1.66297,2.73794,2.04461,1.53689,2.66075,8.49162,0.87108,2.32068,84.3636,3.56053,2.61593,96.1165,1.37931,0.0,4.947,2.56917,98.6487,6.62086,4.80183,81.4159,96.1749,82.1978,96.9072,96.9697,7.78171,91.3265,9.79929,47.907,0.680272,10.5023,54.9254,4.40075,29.6367,10.9321,3.23194,4.07911,2.95675,3.14961,75.7412,7.88991,2.37747,88.4393,1.39587,91.4798,3.52564,8.23529,3.50066,2.72953,2.23881,4.57143,55.6604,90.0,2.03171,3.04348,1.95599,1.14943,0.60241,2.16572,1.74152,4.33213,2.85714,1.91571,0.552486,6.17907,24.5658,0.0,37.8049,88.5993,2.56959,1.98358,89.1008,10.7769,95.8159,88.7701,96.1977,6.69241,2.1978,95.6679,87.7604,98.4055,2.46305,13.7119,55.4572,87.8378,91.2844,91.8544,14.3813,81.4516,2.79188,88.4715,86.4865,1.25571,100.0,71.4286,85.6115,3.75,14.8485,9.95446,3.1348,4.29448,3.27869,5.22946,5.20581,7.02918,77.6119,98.9899,7.26392,69.8413,2.68522,1.85312,4.98442,96.2099,1.67131,5.7377,0.0,2.74356,2.04082,57.8125,6.85579,1.48148,1.91205,4.48113,0.399202,1.1257,2.50896,2.46517,5.55556,4.02477,2.69767,5.34979,4.02653,4.56432,0.992282,5.44444,4.68227,16.8096,1.7931,1.90476,4.98024,3.42717,4.41501,6.09756,1.96721,5.0,7.73333,13.3956,20.7627,6.93227,3.0837,7.62712,9.45559,1.9385,2.54545,3.53144,1.34128,90.3444,25.9786,4.0,76.3736,80.5777,93.007,94.3765,2.65036,62.4074,6.83761,84.1176,3.52011,3.09735,1.54799,6.57734,1.69697,3.95387,2.3705,8.58537,6.20155,1.92308,96.2264,2.0,5.37634,91.4191,2.74136,96.0396,12.0155,1.31926,2.71132,1.62963,3.00353,64.8352,69.2308,2.16777,1.71939,3.43008,3.79147,7.46528,8.55457,2.93619,2.07352,2.26131,1.98745,3.42556,1.21065,4.70588,9.82143,0.884956,1.38462,4.28571,87.8049,3.65682,4.56554,2.13777,2.13033,4.2953,1.61137,3.64422,5.54187,3.0137,3.08483,66.9643,0.331126,3.3104,1.30011,93.4426,5.36131,4.02685,1.49254,1.68382,1.31779,4.90342,2.99278,1.44928,91.5447,17.3077,8.00942,2.61682,4.10791,7.59651,1.55734,6.21585,2.74914,9.2869,8.60129,2.24719,5.36829,74.2857,85.0794,8.1448,4.31373,81.9838,94.4444,3.19829,6.3745,3.97022,74.4444,1.38614,4.57143,2.66559,7.29023,1.10497,2.98182,2.58242,1.59787,84.2105,93.1507,94.1176,0.647249,4.91525,14.5833,2.0,4.72362,14.1089,6.30252,10.9346,80.0971,27.9793,1.25523,5.34591,6.20155,3.0303,2.30608,0.692042,1.5625,1.26354,1.44718,86.3529,9.58606,81.1538,2.45902,2.6616,10.9259,3.61011,3.13299,3.2147,94.4444,6.55431,1.53846,85.6436,0.994575,3.61228,4.58136,93.1034,3.59785,1.16054,5.8,3.57143,87.5,100.0,2.01401,94.6779,11.7105,3.14607,3.03831,67.706,1.63121,10.0464,1.97239,0.946186,2.9361,8.60832,10.8992,4.25532,89.6359,2.21843,46.2264,1.12613
HNGH048,97.8903,7.31707,4.65426,9.78836,94.0909,87.7551,100.0,17.1103,8.16327,0.15528,92.3077,9.09091,0.0,9.34066,6.2448,1.68539,6.54206,83.2117,4.38596,8.0,0.0,6.30975,2.66667,5.36398,8.69565,14.4231,2.59965,1.95122,4.29688,0.0,18.2243,76.3889,0.0,2.12164,13.7931,15.736,5.7377,0.714286,0.980392,1.77778,5.07246,6.54397,6.25,93.75,11.1111,5.39216,15.1515,3.4188,15.2225,3.14136,2.54453,87.7273,30.303,97.4359,20.3704,2.12314,3.58423,6.06532,6.84292,3.32103,9.45946,4.5045,1.9536,9.66981,6.06897,1.91939,5.94059,4.2735,89.5833,93.5897,86.1111,0.0,0.0,0.909091,75.0,0.680272,0.5,24.1245,2.40964,6.38298,94.0,95.6522,10.1695,2.90155,2.57732,94.8012,5.14286,23.192,3.2641,0.414938,92.6471,8.57143,0.416667,1.31579,3.8835,0.473934,3.25581,2.90456,87.1795,0.896861,2.23464,8.29016,12.5285,1.78571,2.6026,2.15827,87.0588,97.0588,0.0,21.0526,2.85714,4.94382,2.53456,5.11811,4.46154,91.2752,6.94789,56.5217,9.10816,0.0,1.9802,31.7073,3.52941,2.9703,6.26506,1.76991,3.56564,8.57143,21.6535,2.23214,72.6708,3.85757,9.09091,97.1429,2.97619,0.0,4.37956,2.12014,93.1034,8.84956,5.40958,96.6667,97.5385,84.1346,98.062,100.0,8.13793,92.9078,6.97674,74.2857,0.0,8.24742,72.7749,6.45161,50.3165,1.25,11.3095,5.17928,6.42857,17.2414,63.6678,3.0303,4.91018,93.401,5.29032,92.0455,7.58621,5.60748,7.4184,2.75229,3.1746,4.0,25.0,77.7778,4.42842,10.5431,2.8169,0.0,18.125,3.62595,10.1961,6.72269,8.08823,1.06952,7.69231,5.14469,24.3655,0.0,35.7143,90.9938,2.0979,1.13475,89.3004,9.16667,92.4171,91.5966,97.037,7.14286,26.6667,94.6996,88.7805,95.0178,2.31884,6.77618,18.6957,96.4286,87.037,92.4031,22.2222,93.3333,0.4329,93.049,100.0,3.15789,80.0,100.0,91.6084,9.06149,7.18563,8.4127,2.52366,6.66667,4.65116,6.8662,4.67532,3.90625,37.5,93.1818,1.03093,71.5686,1.50555,5.35168,12.2995,90.0,8.23529,1.6632,4.87805,4.4335,6.71642,0.0,8.55615,1.27389,9.22509,9.28962,0.362319,0.819672,5.16432,1.43678,9.05172,6.64207,6.51558,3.22581,3.8009,5.0,3.07692,0.914634,17.4757,3.7037,4.35897,1.71306,8.38446,6.51163,14.8936,1.08696,0.0,4.54545,11.5242,7.34694,48.3333,4.98339,1.45631,4.90798,16.4251,4.07938,3.61991,2.5,2.0595,91.3525,32.5203,0.0,69.4444,83.7209,94.4976,95.1219,2.69461,52.9018,10.2564,84.7953,6.24303,2.90179,0.704225,8.29563,1.4,6.73854,3.98671,14.966,1.47059,4.7619,96.8254,5.04775,8.52713,94.0367,1.30719,90.5263,8.27068,0.429185,8.49057,2.38095,7.16049,67.4419,80.0,2.95749,0.458716,15.9091,3.3557,14.433,1.42857,1.72626,5.79065,3.52941,4.52261,3.0303,0.0,17.2222,29.1667,0.673401,5.02513,5.05415,83.8235,1.04712,5.44959,0.943396,2.46575,4.81013,0.553506,4.4335,4.57746,0.949367,4.22535,72.2689,8.08081,6.73516,2.84464,96.0,11.8577,1.06383,0.0,1.86916,0.912647,5.78947,4.73773,2.33463,85.9016,0.0,9.11271,4.61538,3.55487,5.67164,1.87266,5.6243,0.980392,8.95062,12.6654,2.51572,14.6552,67.6471,75.5814,12.7451,4.94506,83.3333,86.6667,0.0,6.74157,7.85498,93.2961,6.31579,3.22581,2.4911,8.39895,1.55039,3.92292,3.24074,4.86111,90.3683,88.983,98.773,0.0,7.14286,11.1111,4.75113,7.08447,33.5443,22.0339,15.625,48.9583,13.4884,0.593472,12.234,5.47264,16.5714,5.67686,0.0,1.47059,2.25564,2.11864,84.9372,14.3541,92.8994,3.8961,1.76211,4.811,2.94118,6.74974,2.48619,96.5035,4.83871,2.73438,87.3239,0.980392,3.56745,6.66667,87.5,4.16667,0.588235,11.9403,1.86916,100.0,71.4286,4.30328,94.3662,12.5392,3.81356,7.38007,77.4603,2.54281,19.2771,2.60708,1.7316,5.53191,11.6854,7.58294,0.0,91.6667,6.29139,32.2222,1.3986
HNGH049,94.9853,10.4628,3.70844,5.38421,93.6548,87.395,94.6429,28.1465,22.1374,0.795756,80.597,6.92308,12.0,4.04624,5.18279,3.23326,4.59402,85.4575,1.34771,19.2308,0.0,6.28834,2.92683,3.66379,5.88235,12.9577,3.13725,5.60561,3.85965,4.18994,26.1872,78.0,0.862069,1.37405,19.6429,7.12025,8.62069,19.4175,2.16383,0.574713,3.53698,7.37705,0.252207,94.7368,6.0241,4.94753,4.16667,3.20513,7.83262,4.48718,1.23267,85.4127,12.5,94.3396,26.3473,2.08696,1.50619,0.968523,4.86697,4.12844,5.41825,5.13919,1.32967,9.42029,2.90065,1.36752,5.17241,0.484848,80.0,95.2264,80.6202,2.18978,1.99115,0.943396,75.0,2.6738,1.76678,11.6915,9.02873,3.97306,93.75,94.2857,12.9032,1.66574,2.85488,91.1243,4.95575,17.6101,2.37154,1.64799,94.3396,3.80228,1.2766,0.0,10.1243,0.560224,1.11524,0.865801,84.3434,1.62322,0.759494,4.73934,6.34146,1.35135,2.06825,5.50964,87.1528,100.0,16.129,36.4407,1.76991,3.47293,2.72953,5.56818,4.73136,98.3871,8.01688,70.0,13.7712,1.47601,0.877193,14.3969,1.5625,3.67505,9.44444,0.848485,5.88235,6.64062,0.958466,0.401606,75.2896,19.3277,7.66823,95.7929,2.85714,0.0,5.24017,2.57732,94.8276,5.41601,6.31845,84.4262,89.9533,76.4706,95.4839,94.7368,5.53797,80.8219,16.3435,48.8636,1.2012,13.9394,65.4118,3.33333,37.4636,10.2429,3.37838,2.86533,5.49928,8.95884,69.1729,8.77193,3.29897,93.6556,2.22008,91.5842,4.70914,6.14035,2.63389,3.39623,2.62582,11.5044,68.0851,86.3636,3.42034,5.18934,0.932091,0.970874,0.440529,2.69192,7.46583,9.73783,5.16129,11.4213,4.31655,8.66142,20.841,23.0769,53.7313,93.7681,4.01189,1.9544,93.5368,13.0584,97.3723,94.5312,93.4132,8.09443,8.13397,91.0781,89.6641,96.2451,2.45399,13.6767,25.2081,94.5946,90.7216,90.6511,12.8378,73.4568,1.67926,85.3,90.0,0.777202,100.0,76.0,94.7791,8.44595,22.3529,7.26027,4.71842,5.14874,3.31915,8.72641,11.4428,4.89074,87.5,97.9592,6.7,62.2727,2.1968,0.873786,7.3501,81.4465,4.81482,1.39912,1.41509,4.48625,3.28639,10.0,5.02793,2.45614,3.62903,5.92672,0.923483,0.973236,2.62295,1.66074,3.84161,2.65957,4.02075,5.75916,2.7192,4.09165,1.69903,2.39411,11.3821,5.94059,1.87416,1.89702,6.82068,3.38645,18.3432,6.69456,3.23741,2.5,14.4295,6.13027,17.1875,6.26335,4.5614,19.685,13.2931,2.00133,5.68862,2.7833,0.943396,90.3743,22.5,1.21951,80.7947,88.9734,94.4681,92.233,0.70922,44.0594,14.8289,89.7912,3.57895,2.58321,2.28571,5.18639,1.96937,3.82022,3.3957,8.2242,2.06186,0.0,98.7952,3.27051,16.4444,91.0064,5.66667,93.5185,10.6113,0.88968,4.60317,2.14669,2.19653,77.1429,94.4444,2.27656,1.45103,2.38727,4.0201,7.66551,0.943396,2.89855,3.86572,1.5748,1.84758,1.69252,1.77778,4.09639,7.89474,0.0,3.11203,6.64557,65.5738,2.60521,4.99109,1.39616,3.05281,3.41656,3.52304,4.14438,2.64423,3.35917,2.96912,68.2028,0.925926,3.27586,3.2888,92.0732,7.68554,1.44928,0.0,2.12963,3.18108,5.24899,3.36391,3.06966,93.2299,1.0,8.78049,3.03867,3.93162,11.7706,2.61194,4.80896,0.763359,11.2745,9.75988,7.36755,6.93928,78.6885,80.3618,3.66972,4.21456,82.6493,93.1034,5.01319,19.3833,2.87081,84.6336,0.560224,6.47841,3.29412,8.76672,2.38569,4.6464,2.71845,2.80702,80.9701,92.5764,91.5033,0.888889,6.36364,2.22222,2.91262,2.67559,15.0273,12.6761,11.1779,79.7101,24.6094,3.17125,6.34518,3.01003,7.09812,3.34928,0.446429,2.6738,4.06386,1.29199,91.1308,10.7955,77.1053,3.38164,2.80156,16.4365,4.74138,4.94474,7.19258,93.5829,10.4478,2.875,86.7347,1.95382,1.93822,13.9259,87.7193,16.0059,3.33333,8.1571,3.79747,85.7143,82.3529,0.870406,95.9821,6.85225,1.42518,2.42915,88.6454,2.57123,8.25516,2.64789,3.95442,4.69314,12.6761,12.8205,8.33333,92.2886,2.3622,33.6283,2.0
HNGH053,99.5536,12.4183,0.95057,8.2716,87.7778,100.0,100.0,22.2222,18.9542,1.31796,86.4407,7.14286,0.0,3.35196,4.5721,7.62712,4.80167,83.7838,2.09302,0.0,9.09091,8.58779,0.0,8.15451,13.6364,0.0,2.08333,3.14286,1.1655,5.38922,15.0,68.75,5.40541,1.01781,38.0952,10.3448,0.0,8.57143,0.0,0.0,0.0,10.1911,7.40741,97.7778,1.31579,1.80995,9.09091,10.2273,4.34783,3.45912,4.84582,96.2441,9.09091,95.8333,25.0,2.02224,2.7027,1.03359,3.45455,6.59898,6.93069,1.49254,2.2293,9.53947,1.96078,3.89972,0.0,0.58651,97.8495,90.3226,70.2247,0.0,0.0,1.72414,66.6667,0.0,0.0,11.0092,9.50704,5.61594,93.617,100.0,24.0,3.68349,2.5974,80.0434,1.45631,34.6457,7.11297,1.35659,92.8571,1.09489,0.0,0.0,4.94506,2.17391,0.0,5.02513,78.5714,0.421941,1.14286,4.62428,15.625,8.52273,1.29199,2.80374,91.7431,85.7143,72.7273,69.4444,12.5,2.23214,4.6875,5.09383,3.16832,96.875,3.52941,63.3333,2.21402,1.42857,3.26087,0.0,5.04587,1.74419,1.75439,1.10193,3.13152,7.36041,2.17391,0.0,79.2079,8.41121,3.83481,99.2064,0.0,0.0,1.53846,8.13953,96.7742,10.9137,7.63766,80.9524,95.3795,81.6547,96.3303,100.0,5.06586,98.3607,19.883,95.7447,0.0,14.4068,50.3817,9.90099,46.9945,3.83142,8.44156,1.53846,2.90698,11.25,67.1233,3.28639,4.58716,96.1864,2.16272,95.098,4.43038,9.23077,11.4019,9.41177,5.79151,9.61539,66.6667,62.5,1.79641,6.46552,0.306748,0.0,0.0,2.63852,2.43902,1.23457,2.08333,0.328947,1.72414,7.42574,27.9851,0.0,65.0,92.3977,2.28311,2.52101,95.0,3.82166,91.2281,81.6327,93.9394,7.52688,2.0,97.5,88.5714,96.9388,6.18557,7.03125,34.188,81.8182,98.3051,92.1141,21.5686,94.0,0.892857,92.4084,78.5714,3.0303,90.0,86.6667,91.7526,3.78788,19.7917,7.56302,0.996678,6.41892,8.69565,5.77617,6.33484,4.51128,63.3333,100.0,0.0,69.8795,2.75716,2.2792,3.88889,98.1651,11.6788,1.2987,4.09357,4.0293,0.480769,0.0,5.12821,1.49254,2.11268,4.95726,1.21951,1.68539,4.7619,2.04082,10.2757,0.645161,5.36585,2.7933,2.77778,1.89873,1.26582,2.14477,9.52381,6.49351,7.58294,1.21654,5.09259,4.0724,0.0,7.89474,3.8961,0.0,7.2165,2.0,2.7027,9.72222,4.54545,0.0,9.71429,4.34783,4.46429,2.64151,1.13208,93.864,44.4444,0.0,67.5676,89.313,93.5691,100.0,1.49893,35.7143,0.0,96.3636,3.54331,0.896057,0.613497,5.3288,4.12758,2.55102,1.58416,8.40438,4.44444,0.0,100.0,2.74725,0.0,97.4619,0.671141,95.0,6.41026,0.662252,5.20833,1.89873,2.06186,73.6842,100.0,3.57143,1.21212,2.52101,4.0678,6.76157,2.17391,2.66272,1.97044,3.39806,3.76176,1.07527,1.0,3.28947,0.0,2.54777,1.5544,10.6814,84.1463,2.18579,5.83524,2.24215,0.597015,5.28302,0.304878,3.81426,1.28617,7.61589,2.90909,69.5364,11.9318,5.76923,1.2963,90.1639,7.33411,0.0,0.757576,0.515464,1.35338,2.77778,1.33333,1.49031,88.75,17.5676,10.1942,1.66667,1.95599,0.531915,0.635324,2.17391,4.03226,8.62069,12.1387,1.43149,6.06061,71.4286,83.0769,2.3622,3.57143,80.6167,87.5,2.07254,12.9032,12.2363,90.0,2.29008,7.51445,1.2766,2.7027,1.77778,6.93069,2.0202,0.949367,90.2208,96.8254,98.2955,0.0,4.68227,10.0,7.98479,1.33779,23.2143,0.0,6.19835,62.8205,3.37838,1.6129,10.0746,5.19481,1.92308,0.41841,1.31579,4.30108,3.04183,1.91257,94.2197,17.8378,78.9474,6.97674,0.334448,0.680272,0.0,4.0493,3.69515,100.0,4.36893,0.0,75.3846,1.86916,1.22699,0.727273,100.0,4.99391,2.12766,5.12821,0.0,91.6667,75.0,1.37795,88.2353,6.79612,4.47761,2.04082,70.5128,2.08668,16.8919,0.782473,1.77305,4.46429,7.23684,9.26829,0.0,93.7778,3.57143,20.6897,1.51515
HNGH056,96.8,8.61678,19.4891,17.2525,93.8017,89.2157,93.9759,24.2857,14.3541,1.00647,90.9449,3.2,2.22222,5.58252,6.00757,2.91545,8.66995,79.4444,0.0,6.45161,3.57143,3.4965,0.980392,4.14013,9.55056,7.38255,1.54291,0.45819,7.45721,3.47826,9.36139,77.4545,4.20168,0.632911,6.45161,12.176,1.53846,1.40845,1.10063,1.52284,1.17647,1.82421,1.03448,99.1573,0.70922,3.10458,4.31034,0.511509,3.29777,1.65138,1.83299,82.5112,10.0,95.3125,25.8687,1.1465,1.59949,1.70648,4.80631,1.53584,5.89212,1.92644,1.57871,7.36479,2.60922,2.20729,3.9801,0.69869,75.6,94.5055,81.5789,0.546448,0.623053,1.59236,100.0,0.632911,0.288184,9.34066,6.34921,4.83206,90.4145,93.75,16.9399,2.61404,2.83203,91.3165,2.37154,14.4928,1.65877,1.43113,92.7461,3.21716,0.958466,10.7692,5.22088,0.0,0.0,2.53165,90.0,0.142248,3.31492,7.90514,8.20669,1.53257,2.14099,1.07914,86.262,98.7805,52.9412,27.3684,1.21951,5.76441,3.46696,3.0466,3.63636,98.3871,1.50273,63.7168,13.7136,2.20588,0.660066,0.0,2.36579,3.02548,3.3557,0.801068,1.79856,6.15285,0.78125,0.843882,82.5758,2.01258,3.06931,95.5598,1.67224,2.04604,2.77778,2.15947,96.3504,7.99031,5.4,88.0682,97.9045,86.8726,95.3757,93.75,6.50104,93.8017,12.4105,56.8182,1.0,6.25,63.0363,6.02549,34.4538,2.12054,10.2102,1.26582,4.9569,4.76821,70.8895,1.40105,3.82739,94.0043,1.65431,94.7987,3.88601,5.38922,4.19325,1.90678,5.62015,0.0,69.1358,90.0,1.79588,3.13631,1.14504,0.847458,0.757576,2.92326,6.95021,2.91667,0.0,1.89274,1.6129,6.47383,21.4133,0.0,41.4286,89.3186,3.23194,0.292398,92.5852,5.26316,95.9075,91.3876,96.5665,5.51416,4.2623,90.1084,91.958,96.2451,1.46413,8.57449,31.307,92.5373,90.1869,93.9114,19.1223,80.117,1.40845,96.0674,90.2913,0.554324,86.2069,91.8367,91.6667,2.6393,8.35267,9.68407,0.792393,2.69151,8.75,4.60967,4.2268,3.47938,80.0,97.4684,1.21304,58.6207,1.33563,1.64729,10.338,84.3537,10.989,1.07261,1.69014,3.9604,1.2474,12.9032,4.53172,2.15827,4.42623,5.17369,2.05761,0.221239,1.18694,1.03211,6.41115,4.29864,6.90162,3.57942,5.00744,5.71429,0.917431,2.68293,4.6875,6.45756,3.81282,3.55061,7.33533,3.84615,0.511509,7.84314,1.11111,0.0,4.62633,0.566572,30.8642,6.33047,0.0,2.22222,8.84354,2.48007,3.54839,2.69006,1.05263,91.5858,33.8346,0.0,75.2525,90.6519,93.3873,93.6675,1.92982,34.6591,11.9342,85.0,4.10765,1.07009,1.78571,4.1317,2.34987,3.3195,2.26316,9.66628,0.581395,0.0,100.0,5.13791,0.390625,92.1288,0.93633,94.9367,10.2919,0.558659,2.49307,0.980392,2.7439,69.1176,67.8571,3.37187,1.04987,1.85185,4.0,6.88406,0.821918,2.80374,5.04282,1.77134,2.05592,4.09556,1.85811,4.29104,1.0,1.83066,1.21212,7.09779,82.8326,1.02041,5.23311,1.2605,2.33593,4.21147,1.1194,4.34028,4.06905,2.40385,1.42993,75.9563,0.740741,6.77467,2.38353,90.6897,7.52212,2.5,0.97561,1.16402,1.69697,6.01751,5.45906,5.56673,92.32,33.871,7.23618,1.45349,3.08219,3.53179,1.28924,4.77733,0.911854,7.04225,7.99194,3.59765,7.6179,70.5426,89.9791,1.33929,2.20588,86.2917,95.1613,0.938967,8.57988,6.0,89.9522,2.22772,5.43478,1.14345,5.99548,0.792393,5.52916,1.45773,2.13004,90.7173,94.8454,92.0,5.05618,5.4505,4.7619,2.16837,2.95203,19.8661,9.70464,9.55807,86.3799,6.02056,0.663717,10.2941,4.00844,4.71014,7.63547,0.37037,0.303951,1.26582,0.775194,83.7953,6.13811,73.5437,0.884956,1.27253,0.724638,2.38095,5.42813,1.34771,95.9821,1.82927,2.1645,94.198,2.99587,2.26804,1.9305,90.9091,3.68753,2.12766,9.31818,3.71901,77.7778,93.3333,3.13514,95.5357,5.76071,0.561798,0.750469,71.0183,2.13262,7.82313,1.75171,2.90698,6.03015,12.3253,0.0,0.0,88.8143,4.81928,42.4242,0.94697
HNGH059,94.4056,12.1835,5.84856,7.71787,90.0602,93.3649,100.0,23.4043,16.4013,1.06572,82.9811,6.46766,0.0,4.0,5.39702,2.78515,4.35203,88.4908,6.03814,8.62069,5.10204,5.15926,3.02198,5.31053,10.443,9.04419,3.17848,1.9458,7.63158,1.11732,13.0312,76.1364,1.44928,2.01131,12.5984,8.81913,7.19424,7.8534,2.00222,1.11111,5.24017,6.37205,2.42608,96.6454,1.88679,3.09883,6.4,3.51967,4.42907,4.16198,2.6253,83.5294,10.4651,96.3504,21.3622,1.80775,1.33968,1.5625,5.62827,3.90016,9.20139,6.14754,1.19904,8.79713,3.06989,2.05528,1.21951,1.6857,84.7784,93.3898,84.4565,0.0,0.176678,1.12108,75.0,1.71821,0.639659,8.24635,6.98653,4.80769,88.7974,95.4545,11.5183,2.18121,3.54331,93.2423,3.09023,25.9891,5.31915,1.33639,87.0968,5.63305,1.01351,0.0,4.58477,1.82328,0.0,2.30701,88.1279,1.53956,3.15789,3.45596,7.09759,2.36318,3.9977,3.78072,90.0,94.5736,20.8333,29.8137,0.0,3.62205,5.54765,5.91463,5.9892,96.0061,4.2654,56.0261,12.8733,1.25392,0.359066,4.16667,2.14362,6.23701,2.1978,1.08005,3.62103,7.62066,0.936768,0.361011,68.7234,8.61057,5.41728,94.7059,3.52304,0.0,4.06321,2.7027,94.9045,7.42004,8.49421,85.2632,95.986,89.0863,96.1201,92.1053,5.23797,95.171,13.6225,48.4848,1.02564,13.7037,62.4811,5.21472,29.4764,4.4582,6.99677,1.62659,3.01399,15.3846,68.1979,3.68159,4.16667,91.5858,1.46889,94.4186,4.98442,9.04255,2.86783,2.26904,6.45812,4.08163,48.3696,86.7347,3.69433,4.17053,0.867052,0.0,6.33333,1.9574,4.39476,7.69231,4.96084,1.7149,5.71429,7.27483,23.0118,5.26316,42.5,91.4423,2.45665,0.930565,93.5751,16.5266,94.3944,91.2351,95.5182,4.43396,1.90476,93.638,83.8213,94.3452,4.15194,10.1923,35.4651,90.3509,90.2381,90.991,16.8571,80.0752,1.0543,92.3511,92.5926,3.27169,88.8889,93.75,90.5462,5.36649,10.929,8.31486,1.87602,4.83871,4.86443,3.3351,10.0,4.25311,84.2975,96.5517,8.69565,72.4252,1.76455,6.57244,7.00152,88.3096,8.07453,4.69536,0.454545,4.55901,2.31246,17.9487,6.99844,2.09059,4.93827,5.55316,1.20321,2.8348,4.26439,1.95531,5.87156,3.5248,7.87831,6.10119,5.24089,7.08661,4.34783,2.51121,6.0177,5.42169,2.55537,1.71544,4.73465,3.20513,4.42478,6.28571,1.18694,0.0,8.80829,4.18919,42.2925,6.16005,4.09556,9.89011,14.178,3.42857,3.67232,3.42231,1.77706,90.6331,35.7002,0.0,73.7609,85.1805,91.9028,94.0711,1.40485,50.7282,9.69388,92.9535,3.30637,1.96643,1.13086,7.32639,2.24299,4.05904,3.01783,8.44239,6.38298,1.11111,98.2456,3.83571,4.70914,91.7589,1.30024,92.6829,8.69205,1.25523,6.08021,3.21127,4.60148,61.1111,76.9231,6.5371,1.91231,1.69133,4.40565,9.46237,4.11765,4.30146,4.12844,3.29218,4.24857,3.5313,0.893997,7.76699,7.89474,0.930714,2.04186,5.86579,75.4045,1.37615,6.25495,1.22699,2.69438,3.51711,0.724055,3.59918,9.31006,3.24963,2.58621,74.0678,2.50784,3.20588,5.4556,90.3302,9.17173,1.13636,2.78884,1.99297,1.06454,9.07704,3.59897,2.91902,89.7727,5.52147,9.23513,2.36769,4.59722,4.95677,1.09314,10.1661,1.73536,9.83607,11.7103,5.25784,10.283,66.2983,77.2425,5.23256,3.42368,88.9302,90.4762,8.19672,6.49762,4.76923,82.4034,1.10236,6.16438,2.96966,7.03764,1.52505,6.02583,1.52809,2.62484,86.5112,95.9547,96.4341,1.13636,5.70547,3.4188,3.76307,3.00587,19.7053,17.9487,8.13397,89.9736,15.2433,1.63488,11.1645,6.65083,6.18253,10.275,0.251256,0.0,4.69157,1.69903,86.9469,14.2596,84.875,5.03597,2.93091,4.02865,4.16667,3.25733,3.66919,89.3891,3.15399,2.17544,90.0,3.55263,3.65317,3.17003,94.7368,2.34351,5.34591,6.35838,5.02092,86.6667,100.0,2.50169,92.4658,11.1599,5.20394,1.75747,52.5237,4.23291,12.2471,2.52161,2.16415,3.73533,11.3757,8.76289,4.87805,90.5556,3.58566,29.368,1.04773
HNGH067,95.1087,9.76744,7.85124,3.74707,97.0588,97.2973,100.0,19.6809,13.369,1.47059,82.1192,10.4167,2.5,0.0,5.09138,2.77778,6.73235,80.7882,2.65487,3.57143,12.1212,6.81115,0.735294,11.0169,15.625,5.45455,1.53374,1.75439,3.57143,1.0101,15.2231,82.0896,0.0,2.82258,5.71429,6.48855,4.05405,1.51515,2.25352,1.90476,0.0,7.23684,0.60241,98.5714,0.0,10.0279,7.14286,2.46914,8.15451,2.68293,1.38249,88.2576,0.0,96.2963,17.7419,1.15894,1.72414,2.32019,3.10734,7.56302,5.73477,2.22222,0.690449,5.43131,2.76873,1.10865,20.0,1.95652,92.3077,95.8015,55.0661,0.0,0.0,0.0,80.0,2.32558,0.0,16.9231,7.23982,5.45455,93.3333,83.3333,22.449,1.12994,1.99336,96.748,9.2233,23.0978,10.0,0.816327,96.6667,3.53357,0.0,0.0,4.95496,0.0,2.22222,1.30719,90.566,1.57658,2.8436,3.24324,13.2616,0.564972,0.898876,0.900901,93.6709,100.0,12.5,31.9149,0.0,7.98122,2.3622,5.40541,1.44404,99.0566,1.88679,58.1081,11.9454,0.0,4.7619,2.04082,1.43541,3.8835,16.2162,0.628931,1.66667,10.0176,6.0241,0.0,83.871,1.69492,4.06091,100.0,6.06061,2.61194,2.83019,7.97546,100.0,11.5385,8.23529,83.871,97.9058,94.7761,96.2887,90.0,9.2246,95.082,12.7168,51.7857,1.88679,20.5479,63.6364,8.8983,42.2222,1.85185,3.21637,1.53846,4.45205,5.45455,71.1538,7.56757,5.54156,96.5116,2.07156,90.9677,2.68456,9.43396,3.23625,0.0,3.4188,0.0,72.7273,100.0,2.8065,2.98507,2.20588,6.48148,0.0,2.07469,4.37318,2.38095,0.0,0.952381,1.78571,9.58333,27.0042,0.0,42.8571,96.0396,27.3381,0.980392,97.1264,6.66667,96.4286,96.0396,96.3964,5.919,27.7778,93.8095,96.1538,97.3684,3.04878,15.2778,44.0,100.0,98.0392,91.5761,20.7317,88.6792,1.0453,94.5736,97.0588,3.80228,83.3333,88.8889,89.899,10.2041,6.74847,8.58469,2.06897,7.63359,0.699301,5.74713,3.54331,2.94118,57.1429,95.4545,0.471698,73.6434,1.81406,3.37079,2.05128,96.124,18.0851,0.0,0.0,2.25734,0.894855,0.0,4.9505,0.613497,1.38889,5.71429,0.0,0.333333,1.69492,0.0,8.1579,14.6341,1.62162,10.9091,3.86598,0.657895,0.980392,2.68456,1.06383,2.02429,1.26582,1.93906,4.26439,1.90736,1.31579,8.24742,2.5,0.0,4.13793,5.42636,2.04082,6.6879,0.0,13.0,16.7598,1.8797,1.29032,5.88235,7.3913,89.7233,24.3243,0.0,81.0811,92.3077,92.3567,92.6829,6.91824,76.1905,4.83871,91.7293,2.73438,0.958084,0.0,5.47945,0.434783,13.8889,2.64228,9.77273,0.0,0.0,100.0,3.5461,1.20482,97.3684,1.49254,88.8889,7.01754,0.735294,1.9943,3.45821,2.12766,94.1176,100.0,3.84615,0.638978,0.980392,7.19424,5.71429,0.900901,2.4581,3.7415,3.57143,1.02916,1.49254,0.0,6.31579,3.0303,2.01342,2.5641,6.40777,78.6667,1.50943,3.62694,0.584795,3.65297,2.7933,1.53374,5.7732,10.0,4.10256,3.61111,81.5789,0.925926,6.33694,1.90217,93.2203,5.75221,1.75439,2.52101,0.5,2.84698,5.5336,2.81124,1.77515,91.1392,0.0,5.90717,0.0,3.68217,0.378788,1.47493,5.14184,0.714286,4.65116,9.42184,1.70778,5.03356,71.4286,62.5,1.26582,2.24719,80.0971,89.7436,0.938967,7.08661,2.5,85.2174,1.14943,8.52273,3.16623,2.53623,0.0,3.19149,2.68817,2.73349,96.0526,96.5347,96.0199,0.0,9.54198,0.0,3.47826,2.86738,21.9048,9.40171,8.06452,93.5484,14.0221,2.47934,8.29493,4.8951,7.08215,9.58904,0.0,0.0,4.7619,1.84332,93.1707,4.58015,66.6667,4.7619,1.44404,4.62963,1.7094,3.0303,1.93798,98.8764,7.01107,1.86916,83.0769,2.31023,3.81125,0.515464,89.6552,2.0,1.53846,8.26446,3.84615,0.0,100.0,1.82292,88.3721,6.60661,0.740741,2.27273,81.4286,1.51803,8.80503,1.41414,3.8835,4.79042,7.30897,1.3986,0.0,95.0,4.52675,38.7755,3.34928
HNGH069,97.0072,8.27338,13.4364,6.57554,89.8718,93.4545,96.4286,16.9687,11.8667,0.868056,84.3723,3.86266,0.0,4.11765,4.16667,6.70171,3.16901,84.182,0.872093,5.06329,9.09091,6.10848,3.71179,5.14403,14.5125,4.0,2.31246,2.63804,5.07766,3.63165,15.8095,80.2632,2.22222,1.9334,12.7273,11.6461,5.29412,2.22222,2.27606,0.253165,2.03666,3.9261,1.12721,96.5863,6.25,1.8711,6.63717,4.01722,3.76238,3.41959,1.37987,88.7112,8.10811,96.129,25.1309,1.45781,1.2867,1.20788,3.86188,4.36893,6.07583,5.16529,0.900901,3.61298,2.422,2.73752,0.571429,1.62749,88.2353,90.9814,80.3763,0.479616,0.932836,0.198413,57.1429,1.53061,0.798403,10.4331,8.73397,4.54545,90.0844,93.75,11.74,2.45523,1.57068,91.7141,4.14313,17.0152,2.06186,1.42663,92.9231,3.60307,0.856164,0.0,9.87544,1.25523,0.0,2.97357,87.0183,1.58485,1.79949,4.53074,5.17388,1.6791,1.92,4.22018,91.9382,96.1538,16.6667,20.7865,1.67866,5.35549,5.03472,4.367,3.04802,96.4939,3.44353,49.8818,12.6679,0.346021,2.54237,2.12766,2.90276,2.94118,4.06343,1.21083,4.10053,7.93722,2.16606,0.560748,72.6667,24.0343,4.88998,96.0375,3.0303,1.20069,3.60825,2.28628,94.0789,8.49621,4.12518,96.0699,95.0,89.876,97.0092,91.3793,5.80482,91.684,12.246,67.5079,0.441501,15.0769,57.8571,5.87248,40.1371,2.63835,4.57719,2.79525,4.0357,10.1695,73.0083,5.62546,4.44811,92.9188,2.19723,95.2088,2.84495,6.90236,3.65277,1.82094,4.52586,6.06509,46.0094,81.3187,2.89062,4.26877,1.79739,2.76243,0.529101,2.03969,7.80781,5.78231,2.61438,2.93194,1.41343,6.11016,20.2638,8.16327,40.0,91.8793,5.41311,0.775595,92.6012,7.15962,94.2605,94.0828,96.2389,7.03863,5.54415,92.6307,83.8462,95.9358,4.05286,9.86965,34.5615,90.9091,93.7634,90.0534,12.9741,85.3659,1.68919,95.0359,86.0656,0.712589,90.9091,95.5056,88.978,3.29004,10.3077,8.91321,1.68776,5.76352,3.63036,5.52555,5.95534,2.90368,81.8182,96.2264,3.90554,64.8876,1.39905,1.9286,4.26288,88.3856,5.73566,2.45947,1.10497,3.05281,1.47702,9.09091,4.97667,2.16216,4.81928,4.27388,0.465549,1.40325,4.16667,1.46546,3.76115,4.59459,5.54177,3.28798,2.06803,4.50216,1.59509,5.98958,4.55312,3.00619,5.04755,0.789364,6.50759,2.55591,6.58824,4.59364,0.737101,1.19048,3.59712,6.81159,12.6582,7.38514,8.03571,6.18102,7.04,2.65111,0.96,5.57545,1.85518,92.0059,30.6796,0.309598,74.6914,80.1509,94.0633,93.5065,4.49827,31.8182,10.1449,90.7186,4.10596,8.36667,0.829384,6.35793,1.73053,5.82121,2.41228,12.3606,3.62694,0.0,98.4694,2.90965,5.0,91.9374,3.12796,91.1392,9.73703,0.756144,3.73588,1.61616,3.18596,65.3409,83.7838,3.34951,1.66359,2.0073,5.41761,8.02139,3.52423,2.95611,4.21333,1.27298,2.60916,2.91262,0.721501,7.27532,5.20833,1.66436,1.9756,6.56749,79.661,2.73523,3.93212,0.438596,1.37137,4.05036,0.492881,3.96413,4.21719,1.66865,2.59804,73.8411,1.09409,3.67883,2.43619,81.4714,4.35296,0.485437,1.18845,1.54242,1.81048,7.46269,4.77707,3.92872,80.509,7.49064,7.5233,1.48741,4.6057,2.52667,2.18209,4.6815,5.03145,8.0847,11.7727,2.82513,6.6242,78.7234,82.19,6.2645,3.04878,83.0891,94.7826,2.37859,6.72154,4.94024,87.517,0.808625,4.32043,2.56176,6.54643,1.07317,2.16132,2.28385,2.61438,86.3426,91.3636,96.4088,0.696864,3.3463,2.73224,3.07782,2.04082,21.7877,10.4167,9.33985,84.7107,12.5329,1.6538,9.24499,3.48259,5.34045,4.99343,0.242131,0.0,1.45879,1.58014,86.6599,8.65475,83.9442,4.89691,2.01217,8.30189,4.93421,3.61011,0.941347,93.8575,4.1629,1.78117,92.3077,1.46979,3.47574,10.2987,91.8605,3.68754,1.30548,3.59937,2.89855,91.6667,100.0,3.03712,94.6738,6.53686,2.51397,3.45946,92.7725,1.43699,8.80773,2.38357,9.26995,3.46608,9.40745,6.51769,4.44444,92.6702,3.72263,39.823,1.26147
HNGH071,94.1948,9.83146,8.01124,9.37682,93.032,93.617,97.7273,37.8559,27.4194,1.16919,89.3564,8.06452,3.125,6.50407,7.11902,2.31579,5.94238,86.0421,6.44391,32.2034,11.4583,9.54089,11.1842,6.34082,10.4693,15.3989,8.26162,6.99433,10.5178,3.89222,32.0124,79.321,2.24719,1.7684,26.1905,15.2909,24.4444,38.5567,2.64151,1.2605,2.37389,5.71429,4.23183,96.9529,21.3043,4.99419,18.8679,8.10056,5.61883,7.48603,3.18066,86.8379,8.62069,98.7013,19.8052,4.32323,2.10994,2.14031,6.93069,4.43686,7.73298,2.27273,1.50576,15.0905,3.07544,2.96167,4.38596,2.40741,81.8182,92.7852,78.5829,6.69145,0.291545,2.68456,100.0,1.75439,2.54777,18.2912,27.248,7.44956,83.4842,89.2857,18.5629,3.70156,4.29091,88.0203,11.0197,27.4959,6.71642,4.58716,95.9391,6.31199,3.7037,0.0,27.3249,1.68224,0.0,2.10396,87.8116,1.77447,2.43408,9.85915,9.85915,5.77957,1.72956,19.4444,85.9116,92.8571,22.5806,33.8028,6.5445,4.54545,8.24442,4.99703,4.13609,95.6853,24.6687,54.9689,15.4564,1.06952,7.34694,8.1448,2.64901,4.87329,8.30816,4.47619,8.63183,14.4087,2.39316,1.4881,81.7857,6.64532,4.51745,97.0874,4.88889,0.579151,7.78098,6.57596,97.3913,12.1726,9.28519,86.875,82.1845,95.7553,94.858,90.9091,8.04213,94.4637,19.8431,65.272,1.72414,7.87402,65.5172,8.37054,46.5721,20.5244,7.57576,7.13656,7.68421,16.6439,77.1488,15.2225,4.96556,92.4791,2.44957,94.1374,3.94432,9.91736,4.16391,2.98507,7.68262,28.1609,47.3684,87.2727,4.0647,5.64617,4.77193,11.25,7.86885,4.34462,24.5601,29.2929,12.7572,16.5188,8.37209,9.22931,23.1939,51.6129,54.5455,93.8224,4.05405,1.45371,86.8557,20.9416,97.0282,87.9668,95.2381,5.77778,18.0887,93.4426,88.3117,96.7153,7.80591,18.3862,39.8836,86.5169,93.0,91.0256,12.8065,79.9043,2.88066,83.2123,92.3729,2.1814,93.3333,87.5,89.1239,4.88246,20.3991,9.89612,9.84204,6.53465,4.85893,7.67974,5.44994,1.5025,90.6977,91.9463,23.318,79.3451,5.02809,4.70361,10.4405,78.273,11.9792,4.46072,5.49645,4.60993,5.10697,50.8064,10.9712,2.67857,5.7554,9.36864,0.875274,5.36913,11.2735,4.52323,8.46873,3.66057,5.8642,7.03764,5.58464,3.86803,3.63036,5.51724,11.2329,4.8369,3.94904,7.38786,7.36236,2.72418,25.7749,15.3846,4.3956,4.08163,7.32484,10.9402,33.6842,8.37209,9.65909,16.4804,13.1313,4.22943,4.31212,8.57143,1.62602,90.1836,30.0,0.0,76.1566,75.4844,91.8336,92.0548,3.61991,32.3789,19.0476,84.8,5.57103,15.5698,4.12758,8.48914,5.67308,6.70103,3.18471,11.6632,16.0714,5.17241,90.9091,3.73479,31.6239,93.1571,24.9733,92.7928,12.7547,0.43573,4.01949,3.29041,3.22245,64.2857,58.6207,4.8153,2.47971,2.44499,7.13587,8.42572,2.48447,4.66697,4.50113,6.32911,4.83986,4.53461,2.00669,7.36842,19.3939,1.23711,4.10418,6.09756,74.3243,2.71903,5.87167,4.33145,3.67713,13.9293,1.56134,7.08447,13.5593,8.06122,3.39271,71.7868,2.7027,6.58094,4.08847,76.3636,7.25405,19.0751,1.23457,2.05479,2.92706,9.47867,5.0,3.72066,83.1672,21.3333,10.1667,6.91318,4.76411,21.6773,5.7717,9.89515,3.83632,16.962,14.0636,4.32692,6.90943,80.8743,83.5784,32.9412,9.92366,79.2857,90.2778,27.5035,34.6698,5.64516,82.1942,2.22717,6.375,6.98182,7.25514,1.39442,6.63929,6.35261,5.45455,86.4463,95.3804,91.3717,10.0386,5.03525,8.0,2.63761,4.41324,26.3666,9.80392,12.9503,90.7303,10.3286,2.67261,12.9803,7.8759,7.60563,5.36585,1.81818,0.842105,3.60577,2.31884,83.0508,17.6913,82.7935,18.8462,3.33828,29.5486,10.687,7.51731,3.04428,79.1837,12.5,3.81503,81.7164,2.96496,4.98615,22.3443,92.7928,19.9265,2.04778,7.09046,3.5533,100.0,100.0,4.31087,95.3092,14.0073,2.56959,2.57235,93.2722,4.92746,7.23684,4.80213,6.19894,7.29387,10.2109,31.3783,21.6216,85.177,5.29412,43.5484,2.34375
HNGH073,88.8889,5.50847,3.47395,8.9983,94.8529,96.6102,100.0,25.8216,9.62963,0.482315,55.4913,2.04082,0.0,2.6738,5.32725,7.36196,3.39943,78.0952,17.4216,35.8974,8.33333,2.18579,14.8936,10.6618,8.0,12.2951,4.81586,5.55556,8.66873,2.03488,60.5809,82.5175,0.0,1.44928,8.16327,10.6719,6.75676,4.4335,12.3596,2.04082,16.7702,8.33333,3.25901,99.1071,12.3077,2.97872,3.38983,0.0,7.28477,3.87097,1.10701,89.4472,4.7619,94.1176,11.8644,2.62009,2.66667,1.79775,5.24272,2.76498,6.1657,9.18919,5.45455,3.81679,5.24535,2.31481,14.2857,1.16732,80.7692,93.3014,89.0625,8.4399,1.19048,1.40845,90.0,2.18978,2.33918,34.8361,44.2623,7.94824,87.234,100.0,9.09091,1.71103,5.3211,95.7249,2.15054,15.6915,1.97368,1.5456,94.3396,5.34884,5.81395,0.0,4.25532,0.465116,3.0,2.18978,92.233,0.983146,9.44882,16.0714,6.45161,0.641026,5.24194,4.0201,84.7619,94.5946,17.8571,18.9655,0.0,1.09649,9.15493,4.51977,8.73786,92.562,4.56621,39.3443,15.0943,0.0,1.33333,1.90476,4.96454,5.47945,4.44444,3.29341,2.39521,11.5974,5.62914,4.08163,69.7248,1.86916,2.12766,94.0789,0.787402,0.0,3.09278,5.76132,100.0,11.5456,11.1111,76.3158,93.4211,90.0415,95.8621,100.0,4.16667,97.8495,13.0919,68.2927,0.0,8.33333,56.4103,3.98936,55.2448,6.68605,3.25203,1.63043,1.16009,40.1575,66.6667,19.5205,8.14145,90.4762,2.03704,88.6878,5.6,5.44218,1.51515,0.740741,4.86486,1.22449,57.8947,83.3333,5.43176,3.34928,2.05128,0.0,6.15385,6.68449,3.90625,7.75862,9.09091,0.0,0.0,15.0442,29.4444,6.66667,59.6491,93.9698,7.08661,1.0989,91.2088,37.3984,97.4747,95.6522,92.0455,4.85437,8.58896,91.1315,73.1707,96.9325,0.749064,10.0775,42.1277,87.5,93.4579,93.0493,15.3846,60.0,3.61842,92.3581,100.0,6.79012,94.4444,66.6667,87.4074,7.03518,2.6455,4.74227,2.46479,5.71429,10.1036,8.20399,4.07523,3.52423,84.6154,95.5556,9.03491,76.3889,5.58943,3.0303,2.1097,85.443,7.27273,6.60661,5.94595,1.68856,12.8713,1.51515,8.26446,1.21951,5.7554,12.2388,0.740741,6.68524,10.9091,2.15686,6.54664,4.62428,7.18232,5.94796,8.52018,2.02429,1.92719,5.07937,1.38889,12.1622,2.93255,3.0303,4.11523,3.54331,7.11744,2.08333,1.47059,1.83486,17.0404,6.69856,15.625,10.221,22.467,10.9948,13.2653,5.02092,0.0,2.1148,3.8961,88.7814,25.2874,0.793651,81.9149,63.1579,95.7143,95.5752,1.80412,58.4795,5.7554,88.535,4.09982,3.91595,1.31579,2.58621,1.94175,7.63359,5.89431,11.7179,6.97674,0.0,90.2439,2.47525,8.47458,94.47,3.97112,98.1132,10.929,0.796813,10.6897,3.27381,3.98406,45.9459,60.0,9.66292,1.12867,5.45455,5.52326,6.22407,3.7594,5.40541,5.30973,9.09091,25.522,7.44337,0.0,4.60526,15.7303,0.5,1.69492,10.0159,71.7391,0.990099,6.81115,0.597015,3.40426,5.53191,2.67686,3.58491,16.9329,7.33945,6.18762,70.7317,2.04082,13.7589,6.21469,75.3425,12.9376,0.0,1.5748,1.39276,3.94737,7.76699,9.60591,7.08283,84.434,0.0,9.09091,5.10204,2.74841,13.7931,6.50289,8.80952,3.9548,5.90551,10.846,4.42953,16.1376,59.5238,39.9083,13.6986,29.6651,92.6554,93.2203,8.75,13.1429,6.13027,75.4491,3.74332,5.28634,18.5185,7.17949,1.67598,3.25733,4.60123,4.51977,86.9732,82.963,97.8417,1.5625,5.19481,2.85714,2.7933,1.91083,29.6774,19.2982,10.4034,82.2034,10.757,2.42215,8.18182,3.18471,6.00707,4.72441,0.502513,2.12766,0.921659,1.98676,88.3392,15.1685,95.4248,0.0,2.21519,10.4651,3.92157,4.31655,4.20842,78.1513,5.39568,2.34192,83.3333,2.44399,1.05541,7.4856,88.8889,3.18066,0.961538,10.4,1.44928,66.6667,100.0,4.7619,96.6667,30.0459,2.34375,8.55615,60.1594,4.26667,24.8521,3.04017,3.15893,3.9604,13.2653,11.5226,3.0303,68.932,2.68199,41.4286,0.0
HNGH074,97.5177,11.5288,4.20749,6.35005,90.2439,96.3158,98.75,24.6774,15.2993,1.57233,86.9835,5.82524,4.0,5.78662,6.56425,4.64684,6.02941,85.9813,1.48588,3.44828,4.34783,6.09212,1.53846,7.05487,7.08333,7.61494,1.59574,1.02916,4.47344,1.43678,14.8492,86.7749,4.72103,1.60367,10.3896,14.9589,2.73224,3.5,1.80412,2.20994,3.79009,7.03625,0.997862,96.4365,1.16732,4.69388,8.08081,0.712589,7.47664,3.95137,1.12923,87.04,4.41176,97.8261,21.0526,2.07519,1.81269,1.58311,5.08728,2.68097,8.2392,2.49221,0.816523,6.52353,2.00195,0.767754,0.763359,1.4902,84.375,95.5975,81.8742,0.404858,0.60241,3.5443,80.0,5.24345,1.41509,11.859,5.54939,3.77282,94.0341,97.2222,12.7389,2.64603,2.18003,92.8738,2.85714,19.7232,2.40296,0.913242,93.8202,2.99184,1.6129,2.73973,1.46628,1.15607,0.722022,2.16648,90.5325,1.2599,2.72436,5.75621,11.6854,0.764331,2.59794,2.21675,91.2181,97.5,23.0769,16.8142,0.862069,5.38048,4.66179,5.54847,2.49307,96.9529,1.18765,54.0299,11.3208,0.322581,2.6738,0.0,2.30592,2.7735,8.75,1.2037,4.25393,7.53045,0.705882,1.3369,84.0782,2.19264,5.31221,96.6353,2.5641,0.364299,3.37079,5.23952,94.4099,6.80272,9.26594,94.9721,96.1345,88.8755,97.3532,94.1176,8.51393,94.3333,12.731,42.6966,1.44509,19.1358,64.3204,7.37705,43.5432,1.97279,9.50324,2.38704,3.2655,4.01267,70.4981,2.58732,4.46943,92.4125,2.08991,95.3488,7.97546,6.99088,3.21212,3.27869,5.71429,1.04384,55.7252,85.7143,4.01338,2.14216,2.84143,4.82759,0.392157,4.07407,4.3627,2.82132,1.43369,0.806452,4.86486,5.50551,21.3552,0.0,31.6239,88.8889,3.72414,1.07817,92.6829,4.6683,97.1524,94.4444,94.7154,4.45652,7.45342,93.7115,92.9412,97.8386,4.038,9.02037,57.0414,96.1165,90.4762,91.954,17.2308,85.4922,1.33571,94.165,94.47,2.29759,91.3043,90.7692,88.2514,12.9121,8.73239,7.64706,1.85414,5.71924,5.2901,5.41775,5.21643,4.68165,84.058,97.8723,0.688924,62.6062,2.48075,2.05327,10.3208,89.6414,7.2165,1.36687,1.7199,3.98258,1.04167,20.8955,4.74041,2.20264,6.27119,4.30108,0.529101,1.1399,4.73588,2.19298,6.63217,4.09556,9.4235,6.49351,2.79232,5.84239,2.63523,1.79245,6.25,6.41849,5.68306,1.8159,5.81717,3.57782,2.52101,7.44337,0.42735,0.0,12.3324,2.74262,33.0218,6.61715,3.80623,3.63128,13.9405,1.80485,3.15399,3.26894,2.1021,91.2111,31.4607,0.0,88.2943,89.4415,93.0481,95.6679,3.27273,53.8462,10.4575,91.8033,4.17678,0.877578,1.7341,6.34837,0.789733,7.05394,2.32078,13.4109,2.77778,0.0,100.0,3.05085,3.50877,90.5629,0.65445,93.1298,11.7166,1.24031,4.4186,1.79978,4.25101,64.6552,78.7879,2.5577,0.925024,2.91096,4.36975,10.8959,0.715564,3.33118,2.97907,1.38067,1.25733,4.23012,0.473934,7.71388,4.7619,0.881057,2.31884,7.73223,86.6667,1.25,5.8296,0.980392,1.60881,2.67534,0.473934,4.48232,16.7861,1.5083,3.8961,81.9149,2.65487,5.15996,3.5596,92.562,4.33796,1.86916,0.0,1.54982,1.21439,5.06466,5.24226,2.06813,85.8696,17.0588,10.2293,1.55172,2.17786,1.42259,2.44662,4.40283,1.31579,7.84044,12.3047,3.87168,8.97868,80.0,87.1711,3.04348,2.92969,90.387,94.9367,0.924214,7.58123,5.6443,89.8167,1.0219,2.75862,4.41604,8.25581,1.14192,3.63587,0.498866,2.49816,89.1334,93.1559,93.8272,0.0,4.42968,2.15827,3.74429,2.63959,20.654,15.5488,9.66831,83.1707,18.9616,1.27592,11.9403,7.22543,8.19234,4.78261,1.79949,0.0,3.7797,0.729927,89.3333,8.37838,85.0722,1.45631,2.83822,0.966851,6.38298,3.74252,2.07207,97.479,7.36544,1.86125,93.7028,3.81803,5.6005,2.94451,93.5135,2.7361,0.773994,6.17978,2.66667,0.0,93.3333,4.06886,95.6067,9.09091,2.89855,3.7859,93.5967,1.59212,12.987,1.99266,1.07047,5.23865,11.0563,2.86885,3.44828,91.8919,2.81081,42.8571,0.637959
HNGH075,93.7143,9.63173,4.55235,8.56341,94.617,91.7197,61.9048,32.1814,16.2651,0.609756,83.871,5.92593,0.0,9.46237,5.88723,2.21465,4.73416,80.897,1.05263,2.22222,2.32558,9.59556,5.9633,4.61095,17.5926,9.5008,1.95759,0.761905,4.91228,3.81679,16.607,80.0971,7.75862,3.02419,2.66667,15.8254,4.78469,4.72222,2.0979,2.7027,5.91549,6.93196,1.21012,98.8764,5.55556,2.76008,5.55556,3.75335,6.88836,3.03468,1.42672,86.3544,22.7273,95.2941,29.1188,2.91829,1.45003,2.45327,5.04587,5.10345,8.76686,5.28541,1.294,8.76532,2.66753,1.48221,14.5833,1.34576,85.7708,91.8539,75.208,0.302115,0.787402,1.36986,66.6667,2.06897,0.324675,12.6452,14.8695,4.92578,88.9503,86.0465,14.0351,2.2009,1.75439,90.1942,1.16732,23.7651,1.12219,0.951249,92.7536,3.91534,0.383142,2.22222,2.10396,1.58371,0.990099,2.14395,93.9271,0.905563,0.731261,6.50888,6.97413,2.08333,2.43056,6.82594,92.5508,94.3182,36.6667,23.1788,0.719424,5.12465,4.63362,4.50082,1.90397,96.0563,3.5545,70.6827,10.3413,1.76991,0.813008,5.16717,1.39405,4.88189,4.05797,2.48521,4.60585,8.77428,3.24074,1.64384,70.9877,16.8571,6.07248,93.3985,0.645161,0.357143,11.8497,3.49908,97.4026,8.53462,6.23987,90.5797,96.8338,84.4444,96.2134,89.2857,8.15653,95.7597,8.726,74.5856,4.0678,21.1538,66.5385,6.59134,45.9821,2.58216,10.88,1.75781,4.17881,8.20895,68.2243,4.45344,4.3679,91.7143,2.02507,95.8333,2.13333,9.84615,4.00314,4.65116,5.9727,2.13904,71.4286,91.8919,2.07278,2.32558,1.98511,0.0,1.92308,2.35294,6.67447,4.3956,4.39024,0.829187,7.33333,5.69514,22.4771,0.0,45.8333,89.9083,3.60721,1.33011,92.9658,3.2967,97.4217,90.367,95.2206,8.11639,15.5378,94.3493,86.6221,97.8862,3.65854,17.3832,47.569,100.0,92.7039,91.2821,16.8067,71.6867,2.13483,95.0762,100.0,2.03762,90.0,84.8485,92.6573,4.90463,7.80347,6.29265,2.42165,8.67769,4.99139,7.8607,4.7619,3.6855,77.5862,98.3607,3.07845,48.2906,1.23055,3.66714,9.75177,93.2653,12.6801,2.3539,1.31579,2.72521,2.0,13.0435,4.35606,2.836,4.06699,5.78985,1.19048,1.33011,6.2201,2.02343,6.55625,4.16667,6.48298,3.9501,3.90814,4.97238,1.18243,3.46154,9.33735,10.0877,6.12022,5.83756,7.0159,2.75689,4.90956,6.45161,0.0,1.0,14.3631,7.62527,31.2057,9.87203,1.25,0.738007,12.2857,2.37082,2.41379,7.61246,1.53649,88.4762,29.2419,0.0,69.9248,91.5888,93.1489,92.0863,4.49658,70.669,9.86547,93.9058,4.99343,1.40916,1.38067,6.03279,1.89189,5.88235,2.82663,10.9804,1.40187,0.0,98.2143,2.39664,7.03812,94.3794,3.51438,93.9597,9.00277,0.731261,2.72873,1.11857,4.54545,62.7273,62.1622,3.8961,1.84426,1.8648,5.27859,8.21918,7.98005,3.49515,5.7377,4.59459,2.61261,5.14801,0.686106,8.20433,2.94118,0.21097,2.64505,5.73711,90.7895,1.76367,6.90647,1.29151,3.37449,5.29954,0.767085,5.94059,13.4524,1.5674,4.35203,82.2394,1.41509,6.41768,3.02678,92.3469,5.92486,0.621118,0.724638,1.42631,1.81181,6.98758,4.72765,2.85307,88.3382,0.0,8.88639,2.45776,3.40402,5.30697,1.69602,4.07047,2.18069,11.2994,10.7985,3.10694,7.09505,69.9248,78.9203,5.30303,6.72646,85.9459,92.7778,2.62069,9.38511,5.04202,82.3881,0.230947,8.18331,4.37393,7.81893,0.834725,10.0814,1.85759,2.87413,92.8803,95.1567,96.3158,3.4965,3.4188,6.06061,2.29358,2.46361,25.4743,17.2638,15.6812,72.3214,34.6457,1.21212,8.78661,5.41237,8.21206,7.95455,0.869565,0.0,1.53322,2.32558,85.3333,13.8983,67.7612,0.546448,1.29108,7.0073,6.25,3.63062,1.55844,93.1727,5.72519,2.92398,86.1017,1.44231,3.93535,4.0747,90.1639,4.86459,2.83286,10.5079,4.78723,88.8889,88.8889,3.57462,93.5685,11.1483,4.56026,2.68817,72.3077,2.18805,7.8125,2.02373,1.43885,5.15021,12.956,5.7377,5.71429,89.3443,2.99401,41.1043,0.246914
HNGH076,83.1486,10.0,12.9804,9.37913,93.0962,87.0,95.2381,36.4629,25.5494,1.18577,83.4783,2.5641,8.95522,4.29688,5.61122,6.38298,9.64789,75.7911,5.02857,20.0,4.10959,6.14251,16.6667,7.44681,7.29167,6.14618,5.53435,8.66845,11.0138,4.16125,32.1429,63.035,6.07735,1.19826,30.2083,11.5187,28.0788,28.5938,1.66667,3.02198,4.72561,8.0089,4.01786,96.3788,16.4634,1.38313,7.62332,5.15759,3.05287,2.11382,2.77033,82.0702,15.2174,98.4848,15.7895,2.92783,2.98879,0.936524,4.23792,3.93795,6.29416,3.9627,0.445831,10.6987,3.87302,3.43547,4.03587,1.66297,86.0825,93.19,77.038,1.70576,0.0,1.80505,88.8889,2.98507,3.81232,12.2481,32.6861,7.13457,71.5415,92.5,17.7083,2.72767,4.21179,87.7525,19.1083,22.1843,13.2902,2.43581,94.0476,7.02525,0.980392,0.0,23.4328,13.5922,10.687,15.2797,83.7838,2.41692,1.36752,6.48649,5.17241,1.46843,2.21878,18.1009,85.5385,96.6667,37.5,17.1875,5.45455,8.01944,5.91716,5.89336,4.08739,90.8772,24.7323,77.6758,12.6173,0.0,3.74065,6.01852,2.29148,4.19236,15.1886,1.72973,6.44884,13.5514,1.54639,1.45278,75.5208,15.7835,4.04798,97.561,2.92553,0.2331,11.2637,5.98958,92.1348,13.2471,8.20625,92.8571,73.0964,86.2626,96.7684,90.625,5.6331,94.1896,25.3669,63.5135,0.324675,15.5844,59.1029,4.83871,39.4537,16.7111,7.4813,4.04172,2.72071,20.6158,77.4011,12.1726,4.30108,92.5373,3.032,78.0277,3.59116,3.5503,3.31351,2.2,4.66102,23.7557,67.0732,86.0465,3.40861,4.5208,1.1378,10.5691,5.13834,6.43863,31.4774,37.1901,14.2857,6.88406,5.66802,8.58974,18.3099,28.5714,52.1739,90.9864,9.84683,2.75624,89.7756,26.9565,95.7447,80.3681,90.625,5.20833,7.61905,89.5404,84.3318,96.8059,6.18997,25.7238,39.2219,86.5672,91.3386,91.1307,17.6119,69.3548,5.27578,79.5213,83.3333,2.94957,100.0,90.0,91.1765,4.41478,29.2517,4.47205,13.1363,7.98319,3.57686,6.28059,8.36237,5.85831,85.4167,94.4444,17.1811,67.3554,4.3056,12.3175,3.73961,90.3226,26.1209,3.15985,3.69231,4.98551,3.27103,47.541,14.5363,2.98343,4.18327,8.07453,0.991501,3.63924,5.8997,5.60847,10.4342,6.06796,10.0894,4.44015,7.96537,4.57589,4.56062,3.34158,6.6879,7.41139,5.37143,4.54082,5.56003,4.34783,21.3689,3.94737,0.638978,1.64835,6.79348,14.6341,17.1674,9.53516,14.6032,22.6611,12.7451,2.998,4.9505,6.09756,4.04624,85.567,40.6143,1.85185,75.2874,74.115,89.1608,93.1624,2.35897,63.8504,11.8467,68.2857,4.3673,25.3616,2.28471,7.14286,5.25727,7.59931,3.39623,10.9474,10.3825,30.0,100.0,4.32517,33.1288,91.7453,16.4706,92.9293,12.6857,5.0,3.94022,2.07101,7.00637,62.1622,55.5556,4.63432,2.82567,3.68509,5.84239,10.1667,1.39276,4.26563,3.59195,4.09207,4.91803,5.72973,2.55814,7.50988,25.9615,1.71149,3.41006,7.97101,76.3158,3.41556,8.18571,2.68595,6.34146,7.63098,2.26443,7.77676,16.4459,8.28571,3.84615,72.4014,1.98676,4.81069,4.11827,74.0458,7.09534,26.5823,1.22324,2.23464,3.66155,8.77698,6.05364,5.93678,79.3985,4.5977,10.6625,3.9557,4.29104,24.7826,10.7568,8.83074,7.59804,11.3798,16.6792,5.50388,10.5134,79.8507,82.3308,31.2195,19.2399,73.7864,90.5109,28.5403,40.2778,6.57734,77.6882,4.10053,9.97877,8.65318,10.8639,0.810373,6.14002,2.77487,5.19802,70.217,93.7126,95.1923,2.48447,6.05187,2.77778,2.92634,4.34272,21.4286,15.4472,18.2819,80.9668,44.0959,2.67738,7.77874,5.73566,5.72034,7.27612,1.96721,0.320513,4.79233,3.67713,83.4343,9.32312,79.3919,26.8519,4.92005,21.4377,4.15225,5.05253,2.91165,91.133,4.73684,4.65793,79.9043,2.72177,4.91632,25.9179,85.2217,23.433,0.340715,6.9395,5.21921,50.0,100.0,5.71641,94.3205,10.2804,1.95531,4.7749,71.2621,3.66083,10.6426,5.46485,4.72798,7.43945,13.728,34.5646,36.1111,86.7769,6.96721,48.6957,2.91829
HNGH082,96.0177,7.32899,6.54034,7.00779,94.8276,93.6585,96.5217,25.6934,17.9533,0.708383,86.0465,3.80435,4.10959,5.43933,4.25453,2.63158,4.62161,84.8153,3.89171,10.8844,1.19048,6.68414,4.41176,4.37788,10.1961,13.6531,2.44233,3.45622,6.2,2.54237,13.4989,76.9648,1.88679,1.92123,8.86076,14.5086,5.35211,5.46624,1.45414,1.30719,1.55763,6.07815,1.75246,95.9248,3.04569,3.41463,8.57143,2.35294,5.38813,3.16206,1.15321,84.7375,9.67742,98.1308,28.125,1.73817,1.6147,0.831793,5.63119,2.85714,5.28634,4.27215,1.73451,6.05442,3.03951,1.78694,0.598802,1.1655,84.4371,93.1792,80.1316,0.0,0.591716,2.71739,70.0,5.72917,0.757576,7.92741,5.9742,4.52117,87.8924,94.9153,6.25,2.32027,2.42047,90.325,2.11443,24.2483,3.09789,0.68929,94.2029,2.78422,2.42424,0.0,8.41014,2.17729,0.0,2.7027,88.3249,0.810498,1.74129,3.23415,7.70089,1.96078,2.07769,3.00546,90.0,100.0,33.3333,38.5057,3.42466,3.72737,6.92521,6.41026,4.3131,98.2885,3.21637,65.4412,11.6776,0.724638,0.950119,1.84332,2.28374,3.49386,3.37349,1.83121,3.88524,7.86026,1.33929,1.30152,79.2169,1.55807,3.84615,97.0667,3.20513,0.756144,9.60699,2.92826,94.0171,9.39933,5.67976,91.1243,95.8268,88.375,94.913,89.1892,6.47079,93.8875,12.0344,70.7317,0.777202,5.10204,62.6327,5.32895,36.39,7.04887,3.83142,1.89394,4.31796,9.4518,73.8337,6.14125,4.42324,97.5104,1.839,94.1401,2.37288,6.39535,5.01608,2.61438,3.25,4.69083,67.3077,96.7742,3.66418,2.09497,2.7957,3.87597,4.44444,2.21037,3.02307,5.57185,5.63798,0.950872,3.10559,9.34783,22.0676,0.0,38.7931,90.0,1.50273,0.999167,94.5614,5.95745,96.2111,93.7238,94.7222,11.7421,24.9284,91.5294,87.7551,96.2517,3.30097,13.1051,18.8008,90.5172,93.2394,90.6492,10.7143,92.5532,1.44472,94.6237,97.4522,1.50754,89.2857,86.076,92.5481,3.98671,9.96169,8.2703,2.02276,5.33778,3.13779,5.25657,9.62963,2.37741,75.2688,97.3451,5.11247,53.0612,1.84859,1.98142,6.07143,93.0085,11.4058,1.78042,0.686106,3.50481,2.375,0.0,5.16605,2.08877,2.37467,4.1806,0.720288,1.71858,5.40541,1.86722,6.98487,4.7041,5.08167,4.40367,3.51182,3.66032,3.27022,2.92208,8.39506,3.75817,6.82095,5.68843,5.9555,2.6738,6.13288,8.26772,2.95567,0.0,6.56934,4.69897,35.8744,8.40939,0.0,5.44465,14.4737,2.79214,3.31754,3.91272,1.0906,90.3537,33.6538,1.36986,67.0103,90.3832,92.6689,95.8217,1.25336,39.1304,18.0043,89.8876,2.83828,1.83664,1.32576,4.48934,3.01794,6.23377,2.666,10.3615,4.27807,3.07692,100.0,2.90507,5.45455,94.4012,3.57542,94.3005,12.3445,0.263158,3.44009,2.71386,4.61347,72.4409,78.5714,2.50991,1.26751,5.89681,5.39216,8.58417,0.943396,3.14577,3.81282,3.0137,2.55452,5.05494,1.0084,5.60272,10.3825,0.690846,3.15436,5.89696,84.6667,0.924214,7.04976,0.902256,2.42005,5.34944,1.04603,5.51392,8.50202,2.26929,1.59396,71.9335,4.53401,2.92776,2.4453,87.5598,5.29328,3.25203,1.04712,2.18579,3.02756,7.74775,6.20155,2.6644,87.3536,5.26316,11.0329,1.77839,3.59645,3.58852,2.7171,7.62332,1.76991,12.3567,11.3341,2.28605,6.29921,78.2051,81.9048,3.55872,2.44989,84.796,94.7955,5.01618,6.38821,3.7037,82.1229,0.985915,5.4023,4.55965,6.25,0.542005,3.77664,2.34987,2.30643,91.276,96.3554,91.8063,0.613497,4.14798,6.4,3.40074,1.72043,31.2092,13.1579,11.7825,85.2941,15.2348,3.47938,8.08625,4.83871,7.11514,3.09051,0.309598,0.9375,5.47945,2.64706,84.2022,13.0841,60.274,3.92157,2.62919,9.97653,1.63934,4.20507,1.71149,95.1299,4.04355,1.51515,86.7089,2.46508,2.06112,4.62671,91.129,3.262,2.03046,5.94406,4.92611,85.7143,100.0,4.70297,93.5691,10.4121,3.2872,3.40716,83.5987,1.54058,8.02292,2.26017,2.48374,5.21212,9.00735,7.12788,8.33333,91.9913,3.66876,35.3488,0.653595
HNGH083,97.3029,6.81818,5.90129,10.1766,95.2555,90.3509,94.6429,9.0566,21.5633,1.359,79.4444,13.8889,2.85714,5.02645,6.82657,5.30726,3.73599,83.2877,1.35338,4.7619,0.0,6.15989,0.0,6.14754,15.3846,3.38645,2.40113,3.5316,6.26959,4.04624,19.6883,69.5652,2.35294,2.40192,12.0,12.8492,17.801,26.5258,2.30548,1.89274,4.0,4.56432,2.16895,97.5845,10.2273,2.23152,2.27273,2.92398,4.50311,2.32558,1.0142,81.9383,1.69492,92.8571,20.8955,1.03359,1.85874,2.63591,5.46737,3.84025,6.47922,3.17848,1.35521,11.0081,2.49415,1.23839,11.0294,1.28755,88.6228,94.7826,77.7164,1.7316,1.45985,0.377358,100.0,0.0,1.45455,10.8696,14.4828,4.9812,88.5,100.0,16.1074,1.07349,1.85185,94.9275,6.66667,18.4699,4.46927,1.11188,92.5373,4.03023,1.08696,0.0,12.1827,0.257732,0.0,3.58423,81.6327,1.26139,0.344828,6.64962,9.46746,1.83333,2.55319,16.185,88.3838,90.2439,30.0,36.1446,2.63158,3.78378,4.67762,3.49819,4.07451,90.0452,15.0198,65.625,10.7266,0.0,1.5544,1.20482,1.35468,3.08989,5.09383,2.11039,4.28422,7.42268,2.38095,4.90956,87.037,14.0136,4.25532,97.6812,1.33333,1.77515,15.4321,0.550964,94.8052,8.7959,6.10264,88.6364,88.0282,87.6404,96.1732,78.2609,8.0,95.2991,9.375,63.3508,0.46729,16.1677,64.1975,12.7204,43.8247,16.0055,6.56371,3.64372,6.25,11.0754,70.8738,7.67717,4.82199,91.8519,2.2541,95.6863,2.14592,6.38298,3.23887,1.63265,4.42105,9.78261,61.4286,81.8182,3.68129,5.86907,0.334448,3.0303,3.24074,6.86406,9.41385,12.1495,12.0968,4.28135,2.17391,7.0568,11.1782,4.0,43.0233,88.2494,3.56295,2.08877,89.7143,14.1892,93.5714,90.4762,90.3226,9.33333,3.93258,93.0023,92.8315,98.5955,3.34129,11.8681,55.2548,86.2069,93.7824,89.9772,11.5385,91.0,1.41753,92.2105,87.5,1.67464,84.6154,86.1111,92.0635,4.90506,18.5185,5.85774,1.64474,5.24138,4.71584,6.48801,5.79439,3.24074,75.6098,93.8272,12.5786,77.2727,1.42267,3.65297,15.2466,89.9471,7.7381,6.36364,1.33929,2.4975,1.8705,36.1702,8.13008,2.31481,4.62725,8.66142,0.856531,5.46358,3.26797,6.34328,5.76208,4.05904,4.80132,4.27553,3.14961,3.30189,3.21839,5.46218,9.72763,9.42623,6.58174,3.54839,5.58598,3.25203,11.8952,9.35961,1.25523,1.06383,7.81893,7.5067,31.6364,15.6174,9.25926,9.89011,17.7866,2.80778,0.875274,4.38247,1.31926,81.362,27.3224,2.91971,72.8916,78.7342,94.3574,95.2381,14.1104,76.2646,9.24856,89.0411,6.29371,3.09491,1.65746,6.23624,2.5522,5.57377,3.43511,10.6996,10.3448,0.0,92.8571,3.33519,12.4352,86.2745,3.93996,92.3077,12.6623,1.3245,2.33918,1.34228,4.70852,76.4706,73.3333,4.04135,0.460476,2.7439,7.11462,8.40336,2.30415,4.14462,2.53353,3.16901,1.6129,4.0293,1.36986,3.97614,5.06329,1.72414,2.2409,6.34783,81.8182,3.89105,3.61991,2.27273,4.34783,5.65327,0.676437,5.35117,10.089,1.37615,3.0837,75.3846,1.6129,6.49583,3.81862,91.0345,5.56084,0.0,0.917431,2.93663,2.36613,7.26916,6.38298,4.14141,79.2271,1.17647,10.5333,1.0989,2.82376,10.8067,3.19081,8.09249,2.53165,10.0,14.8101,2.26244,8.95522,69.5652,81.746,10.3175,6.96517,85.4369,85.2941,3.38164,11.7117,2.91667,81.6062,1.875,7.22433,5.3961,6.17284,1.2844,7.07876,3.4034,3.64109,89.5161,92.4282,93.7294,0.787402,5.58824,4.0,4.50237,4.02985,24.5283,15.5039,16.7112,82.7869,50.6562,1.47059,12.4286,9.18367,5.47945,7.71277,2.24719,0.0,2.29885,1.19048,84.2566,11.4058,78.6925,1.3245,2.09251,5.13347,4.63576,5.09709,0.792602,92.4419,5.72917,2.72572,88.9535,1.25714,3.67521,9.24658,86.1538,8.73321,0.0,9.97305,4.83271,57.1429,91.6667,4.81928,91.6667,10.7955,4.91071,3.11203,77.5623,3.27225,10.7735,4.18033,4.75746,5.05226,6.71296,21.9048,38.0952,91.3846,4.39122,43.8776,0.268817
HNGH084,93.8775,4.07166,4.27046,8.75995,96.9466,100.0,100.0,38.0531,7.14286,0.598802,87.3016,0.0,10.4895,4.51613,4.75174,1.70455,5.2795,68.75,2.38095,25.0,3.84615,2.00573,0.0,1.77515,2.85714,6.02151,3.47222,0.995025,9.68992,3.0303,6.74157,57.0,0.0,0.413793,33.3333,10.5578,0.0,0.510204,2.68714,4.03458,3.22581,5.7554,2.45283,92.0,7.14286,2.77778,3.96825,0.0,6.76157,4.92958,1.81488,73.9726,0.0,75.0,50.0,0.982533,1.64557,0.877193,3.7594,1.79641,2.46377,3.55872,1.62214,5.30973,2.70728,0.746269,2.15827,1.54799,72.2222,94.5055,72.0588,1.06383,0.0,0.0,100.0,0.0,0.0,7.56302,17.4905,2.86944,68.1159,100.0,0.0,1.8018,3.64742,90.7216,0.0,13.1474,1.52144,1.55671,90.4762,2.50569,0.980392,0.769231,5.2381,4.34783,0.0,1.74672,84.8101,2.18579,0.0,12.0301,7.11744,0.883002,1.14286,1.69492,85.7143,0.0,28.5714,33.3333,1.31234,1.24224,8.24742,4.3038,4.56432,88.3721,1.22951,66.1972,5.03597,0.961538,0.0,21.0811,0.0,1.71429,8.74525,0.96463,2.8754,5.97907,3.84615,7.48663,91.9463,1.94932,2.79661,89.2857,3.82514,0.37594,0.0,8.13953,100.0,6.99433,13.3987,88.8889,89.2562,81.4815,95.8904,100.0,2.44399,91.3043,5.06329,93.9394,4.70588,3.44828,53.6364,2.52525,46.9636,3.05927,0.0,1.40845,7.60518,7.10383,74.6835,2.7027,3.3237,95.0,2.97872,98.8095,7.35294,4.2735,2.24033,0.330033,4.7619,4.5977,13.0435,100.0,3.0303,2.34742,1.72786,0.0,0.0,3.91566,3.03688,0.0,0.0,0.0,0.766284,4.15584,17.1429,0.0,28.5714,93.7008,1.20482,1.0687,94.2857,4.96278,90.7407,100.0,100.0,10.5802,9.375,94.3038,85.3659,96.7391,1.63934,13.0045,1.27119,85.0,100.0,89.8383,11.828,66.6667,4.31034,95.6522,94.2857,2.23547,100.0,100.0,91.8367,4.28016,17.2414,3.46021,2.43902,6.86567,2.34467,2.25,7.43243,2.22222,78.5714,100.0,0.966184,28.5714,1.10331,2.64151,2.80702,91.4286,10.8108,1.10957,3.98773,4.12371,2.06612,0.0,1.62602,5.71847,0.0,3.48059,0.925926,2.27273,4.44444,2.15385,5.16605,5.60748,3.23887,0.0,2.41477,3.06346,1.98347,29.5203,23.6842,12.2995,4.13669,2.93856,3.61446,2.0,1.72414,3.63636,2.9661,2.97619,9.66387,0.0,21.3198,9.94764,0.529101,0.0,6.18557,3.17797,0.353357,7.11538,0.0,87.9725,30.7692,2.89855,52.0,79.7688,70.4819,93.5484,1.66113,32.8413,0.833333,81.4815,2.35935,0.543971,2.52525,4.91803,1.86335,3.46821,3.08642,12.6789,8.69565,0.0,100.0,2.13816,1.66667,98.5075,0.0,92.0635,7.94118,1.06007,2.75862,2.80112,0.966184,55.5556,100.0,5.39419,2.91667,0.666667,1.82648,3.35196,1.40449,5.94295,5.15759,2.5974,2.03327,3.3557,0.729927,11.5385,5.88235,0.0,0.56101,3.95034,60.0,2.48447,13.0705,0.719424,0.892857,2.33645,2.64901,0.307692,3.125,0.0,0.684932,100.0,3.5,4.95726,1.6129,64.7059,4.80302,0.0,3.30579,0.573066,1.03627,2.63158,2.76074,3.7594,90.8654,0.0,5.50847,0.684932,4.93827,18.5841,1.32159,4.81928,4.44444,3.52941,11.9298,0.842697,2.8169,55.5556,88.0342,0.0,6.25,88.2353,0.0,0.0,1.49254,0.0,84.7328,0.284091,6.25,3.13653,8.55615,0.0,5.3961,2.74725,3.06748,87.037,98.3607,92.2078,3.62473,5.32213,0.0,4.57143,0.636943,19.4656,26.6862,9.02935,84.0,3.88889,2.79898,11.7424,0.0,3.11615,4.5977,0.0,0.0,8.95522,0.749064,90.7407,5.16796,61.5385,0.0,1.5873,1.86916,5.47619,6.87023,1.20482,100.0,3.25203,3.08642,85.7143,1.61616,1.48368,5.21739,82.4561,3.78578,2.6465,3.78549,1.86335,50.0,60.0,3.65854,66.6667,2.84553,2.8777,2.20441,77.193,4.52586,6.03448,1.21156,1.40086,7.5,10.9434,1.83486,50.0,95.6522,2.73973,35.4839,0.0
HNGH085,92.4242,2.97872,4.58716,3.53866,100.0,86.6667,100.0,25.2033,7.93651,0.735294,73.8318,12.9032,0.0,6.55738,2.15311,3.84615,5.92335,87.1795,6.89655,38.0952,0.0,20.4819,3.0303,2.92398,10.2564,2.62009,0.757576,1.72414,0.952381,0.833333,21.4286,73.5294,0.0,1.3245,14.2857,6.96517,0.0,2.94118,0.826446,0.980392,1.38249,3.16742,2.7088,92.7083,3.57143,2.27273,6.47482,0.0,5.09915,2.5641,3.20856,84.8101,10.0,100.0,42.623,1.79372,2.20264,1.51515,5.46875,2.23881,7.16724,6.55738,0.791139,2.75229,1.57068,1.81269,4.70588,0.4914,100.0,96.1783,72.381,0.380228,1.19048,0.0,50.0,14.2857,0.0,11.7647,2.17391,4.61538,95.9459,100.0,0.0,3.52423,2.30769,86.9416,1.36054,10.628,3.71747,0.0,92.6829,6.77966,0.0,5.55556,3.84615,1.03093,0.0,0.819672,74.6667,0.380228,1.08696,1.04167,10.2564,0.0,1.37931,2.17391,95.2381,95.8333,6.25,28.2051,0.0,0.0,4.34783,3.47826,5.94595,100.0,6.48649,77.2727,11.0092,5.26316,5.26316,0.0,0.0,1.17647,1.93548,0.531915,1.7301,7.72532,0.952381,0.0,88.3721,4.87805,1.02564,99.115,1.40845,0.0,3.7037,0.0,93.1034,3.23625,4.92505,91.1765,90.8367,80.6452,98.4694,100.0,6.70391,100.0,20.3008,70.0,3.125,0.0,60.2151,2.15517,26.4706,7.48899,9.09091,1.0,0.0,3.65854,83.6066,2.66667,4.37828,89.8734,6.2069,92.6471,6.25,21.7391,2.10843,1.44928,6.38298,26.8519,36.3636,75.0,2.42086,0.628931,0.537634,0.0,4.93827,1.5625,4.12979,0.0,0.0,5.53506,1.12994,6.50407,16.6667,0.0,41.1765,88.0597,2.73973,3.00429,89.4737,11.3269,96.0526,100.0,100.0,9.52381,11.8421,94.7368,87.3239,98.9362,1.36054,6.38298,24.7619,90.0,100.0,94.332,10.8434,64.7059,0.248756,74.4828,100.0,0.0,100.0,100.0,95.4023,2.08333,8.73786,5.88235,0.847458,2.07254,1.10701,8.80282,12.5,8.55019,100.0,100.0,4.08163,82.0513,2.58398,6.03774,3.22581,97.619,10.0,2.38095,2.5974,2.29008,2.23048,4.7619,7.56302,4.86486,3.93701,3.92157,0.0,0.0,7.14286,5.01931,3.84615,1.5625,3.77358,5.22876,3.07692,1.01523,1.02041,0.0,4.0,0.813008,3.81944,1.06101,4.6332,2.45902,6.61157,12.963,1.78571,3.22581,0.546448,2.63158,51.0638,6.41399,11.8421,1.6129,8.75,2.62582,0.0,3.0303,0.970874,93.2854,25.0,0.0,75.0,65.1261,93.5583,94.8052,0.909091,38.0753,12.8205,84.5528,9.86301,2.5641,0.0,3.08824,1.97044,4.86486,2.31214,13.2265,25.0,0.0,0.0,1.02669,2.38095,93.7888,2.0979,100.0,6.17284,0.423729,1.55039,1.84502,1.11111,71.4286,0.0,2.47934,0.0,5.97015,2.6738,6.56934,3.62319,1.91489,3.3195,3.125,3.003,1.81818,3.96476,3.33333,0.0,2.10526,5.88235,4.06504,73.3333,1.51515,6.06061,2.08333,1.05263,3.6036,1.12108,10.1399,9.77011,2.08333,1.39535,78.0488,2.12766,5.85284,5.47264,92.3077,5.50898,0.0,3.40909,3.48837,2.82609,5.92593,2.75689,1.52091,83.1461,0.0,2.10526,0.395257,2.97398,2.54777,1.06838,4.26997,1.16279,10.6061,12.549,0.534759,6.57277,75.0,76.4706,6.18557,0.0,81.3187,80.0,10.7143,6.66667,7.48299,83.1461,0.0,10.2804,4.47761,10.0,2.27273,8.0,2.29226,0.420168,84.4444,92.7007,95.7983,1.88679,8.8,0.0,3.92157,8.10811,15.5844,4.7619,8.90585,85.7143,9.03955,2.43902,18.6441,10.6383,6.45161,2.12766,0.0,0.0,4.34783,1.5625,90.3226,3.47826,13.6364,0.0,2.95858,1.06383,5.90278,1.21457,1.67598,96.2963,1.83486,0.8,85.7143,2.44444,4.62046,14.1667,77.7778,3.29068,0.826446,2.85714,4.16667,0.0,0.0,0.330033,92.3077,13.5231,1.35135,1.11524,75.2809,7.86164,4.7619,1.54185,3.18302,2.8169,7.16724,1.53846,0.0,89.1892,2.94118,32.0,3.40136
HNGH086,91.853,3.78151,5.70207,7.02247,95.3271,91.5385,94.6237,25.9635,39.6226,0.815661,85.4331,3.14961,2.48756,4.8048,4.95842,4.45434,6.5666,79.0146,5.41205,21.0526,13.4146,7.21848,8.94737,7.52566,9.40594,8.82353,5.15789,8.1407,6.07662,3.75723,28.6217,56.1453,3.84615,2.58792,22.2222,9.46186,20.8889,13.5204,1.55914,2.98165,3.68349,7.07317,3.23951,97.0509,18.4211,4.16107,2.64026,4.24929,3.9548,3.46908,2.95608,84.0077,25.0,98.1818,23.4807,1.83812,1.58494,0.40032,5.90254,2.73271,5.02711,4.02802,1.2605,13.697,3.98601,5.3554,3.92857,3.36283,81.9672,92.9889,73.1183,1.60321,1.04712,1.91693,80.0,0.943396,4.5082,14.4022,14.3908,7.42716,75.4839,93.75,18.3246,3.94678,1.47401,86.6213,10.929,21.3793,6.12094,3.50047,94.6237,4.66613,0.420168,3.8961,19.8734,1.02249,0.706714,2.5641,92.0962,1.84758,1.68269,7.16578,8.1,2.58137,2.20412,23.4421,86.7704,96.7213,11.5385,24.3243,2.55537,3.94737,2.09003,5.65676,2.47132,92.4084,26.8499,72.6531,11.1872,2.7027,3.71429,6.15385,2.21147,1.65746,14.1383,1.58983,5.55095,14.8417,0.888889,0.605327,79.7015,7.70609,3.53049,95.1456,2.98165,1.47493,10.2941,2.59067,98.3051,8.97111,8.05802,79.6748,71.3026,91.954,96.2791,93.3333,5.69589,92.1569,17.0599,50.4065,3.87205,10.1852,57.582,4.56824,49.2308,20.4789,7.25244,10.299,3.4188,11.245,76.092,16.6929,3.64947,91.1765,2.01238,90.9531,6.88623,4.22535,2.42086,2.02177,2.52708,15.0685,76.7857,88.4615,4.04772,3.47667,4.85714,1.65289,12.3711,3.73444,17.1784,32.2344,12.1569,7.10059,6.63391,10.2629,23.062,28.0,48.9796,86.5909,4.77528,1.52505,92.4915,11.7886,95.2174,71.9008,89.0152,5.70571,16.4557,90.6005,84.1216,98.1352,5.41667,16.6853,37.6543,75.9036,94.2857,90.0722,11.9284,85.3333,2.4602,85.3997,88.6957,1.36766,100.0,83.871,91.2088,4.1841,26.9231,5.54631,11.4362,2.65306,4.20521,11.9581,7.58355,4.18848,89.0625,97.8947,16.5234,56.7976,3.91181,6.47922,10.8462,83.6538,8.51648,2.85171,0.916031,4.31212,3.07571,46.4286,10.5263,3.31541,3.34507,10.961,0.407332,8.79433,7.30337,2.42086,9.42623,5.28634,6.58385,3.52505,6.09382,4.18605,3.09038,9.74155,5.42373,8.76945,6.95225,3.11778,5.48204,3.57143,21.8241,6.69456,1.02459,3.62903,7.8637,6.45161,18.4116,7.96813,14.5503,18.5185,9.38511,2.2805,1.96078,3.23368,0.862069,91.1128,37.4269,2.95567,76.8212,69.6165,90.8584,94.1624,2.52649,21.7527,17.3759,69.898,3.36134,13.638,2.40175,7.02875,2.48804,8.17996,3.63331,14.172,8.29016,36.3636,91.6667,3.19882,37.5,89.0845,7.00584,95.5556,10.2448,1.1236,3.29381,2.91568,3.41085,57.6471,71.4286,1.5448,1.34466,2.76923,5.72354,9.39394,4.0305,3.74046,3.09498,3.2872,5.75499,4.91228,3.15789,7.05882,20.2381,2.79441,2.51969,4.58874,82.2581,2.61194,6.77052,3.7234,5.21999,5.6,1.49351,7.89141,9.53545,5.00894,3.5964,66.9528,1.48699,3.16017,4.52393,66.6667,5.53092,4.7619,0.688073,2.65178,3.49687,5.34351,5.87786,2.30991,75.8514,0.0,10.1623,4.13437,4.76679,27.5956,2.71084,10.3448,3.30789,12.9156,14.1892,3.85488,5.98425,87.0588,85.0598,15.0,6.46388,71.949,92.1986,14.7573,21.1494,4.2508,76.9841,1.40056,8.96226,7.4199,6.34921,1.46751,3.62214,3.42969,1.88482,69.0619,94.7531,96.3964,1.99275,5.78906,4.41176,3.6859,3.21244,17.8155,15.4728,10.6201,77.8761,9.95608,1.81543,9.59438,8.10127,9.25069,8.0,2.07792,0.728155,2.19224,4.28195,84.7305,10.3591,75.8929,14.2857,2.25564,21.2976,4.88565,4.82107,2.01816,67.6471,4.73628,5.14512,84.3902,3.63382,4.87078,26.0708,73.0337,20.9038,2.68199,4.55487,2.84281,100.0,90.0,4.7014,92.4581,6.07798,5.08806,3.78848,70.6633,3.38831,11.3253,4.12078,4.83526,6.78617,9.41667,18.3099,9.52381,88.5177,5.70988,53.6765,2.92505
HNGH087,100.0,8.55019,2.83976,4.55581,98.6487,100.0,100.0,13.7931,17.2414,1.222,85.0,0.0,0.0,0.0,2.38095,3.125,4.37018,54.1667,4.29043,0.0,0.0,0.692042,27.2727,7.74194,4.54545,2.00803,1.88679,4.21456,2.34375,1.59363,15.5556,60.3448,0.0,0.868056,0.0,10.8216,2.77778,8.97436,2.15385,1.51899,3.58744,4.36242,0.461894,93.3333,100.0,5.0,5.55556,0.0,8.38509,2.4,2.29885,87.7193,0.0,100.0,58.5366,1.97487,1.95178,0.757576,2.54902,2.42826,3.69004,2.40964,0.721154,25.0,2.55474,1.69014,33.8983,4.0724,81.8182,84.0909,69.7674,3.18841,0.0,0.0,0.0,6.34921,0.0,14.1176,32.3529,6.91824,65.2174,0.0,2.5641,5.78512,0.328947,90.9836,0.0,8.88158,21.3953,2.37288,100.0,3.90625,0.0,0.0,5.45455,3.2967,0.0,1.28205,68.1818,0.617284,1.12994,4.32692,4.45545,0.429185,4.55927,19.3548,96.2963,100.0,60.0,7.69231,2.58621,3.21101,0.0,5.68182,3.65448,100.0,31.7881,23.8095,8.29694,0.0,1.69492,1.23457,0.571429,10.3659,1.3245,0.595238,3.92562,5.19481,0.925926,0.819672,90.566,27.6471,4.07701,0.0,4.87805,2.43902,7.69231,3.69128,66.6667,5.51724,3.13589,95.0,42.8571,61.2903,91.3043,100.0,4.95208,0.0,9.63855,0.0,0.0,23.5294,51.5152,2.73973,44.186,3.56164,2.22222,8.33333,0.0,10.7623,79.646,27.7027,1.82815,98.9796,1.11111,82.3529,5.17241,1.51515,1.05263,2.41935,0.0,2.96296,0.0,50.0,6.82731,0.0,1.13852,19.6429,4.54545,0.793651,27.5794,5.55556,0.0,1.5625,4.10959,4.13043,15.7143,33.3333,0.0,87.619,0.0,3.77358,96.2963,1.86047,95.3846,94.7368,72.7273,4.39024,5.26316,90.7489,86.1386,95.6522,4.54545,24.498,28.0788,77.7778,100.0,90.4348,22.4138,73.0769,0.641026,100.0,93.1034,2.31959,0.0,33.3333,86.2069,10.4895,14.1026,8.45771,12.0805,4.06977,0.920245,1.5873,8.69565,1.1236,81.8182,88.8889,7.14286,100.0,2.38908,6.94444,3.57143,43.2836,14.7059,3.33333,6.92308,0.866551,5.17241,90.9091,4.0404,3.125,0.0,14.5503,1.03093,0.0,2.15054,3.9356,6.94239,3.125,16.4835,9.21053,3.71517,2.97398,3.59589,5.37634,6.66667,1.15607,4.59016,1.53631,5.26316,1.86335,25.0,0.0,0.0,0.0,3.76344,100.0,27.1429,5.62914,0.892857,36.8852,0.0,2.59067,1.71233,0.682594,5.88235,92.6829,17.2414,0.0,50.0,68.5714,92.9293,100.0,1.53061,8.75912,21.4286,89.1304,3.20513,5.06156,0.0,7.47126,2.77778,4.47761,2.331,12.8913,2.5,22.2222,0.0,1.72414,0.0,83.6066,6.48918,96.7213,6.92841,1.16279,3.53303,2.85088,1.9802,66.6667,0.0,3.37079,3.41615,3.65448,1.82927,13.3333,1.5674,5.19963,3.35196,2.75229,1.25786,5.12048,0.0,5.0,11.1111,0.0,1.14286,6.29032,100.0,1.2,3.78549,6.41026,0.631912,0.882353,0.935829,4.14938,4.69484,0.0,4.56621,77.7778,0.0,3.97554,7.64331,46.6667,4.1196,0.0,0.0,0.689655,2.22222,2.03488,6.07477,1.98864,18.75,0.0,5.57029,0.515464,2.26415,7.8125,2.38589,5.73514,0.0,5.74713,8.99582,2.09974,5.89812,87.1795,90.566,25.0,26.6667,52.2059,80.0,0.0,47.8261,3.22581,83.0769,1.42857,2.96053,5.37313,5.60748,2.15054,1.0181,4.91368,5.66038,87.5,85.7143,98.5714,0.697674,3.80117,0.0,5.71429,0.393701,6.95187,14.0,3.33952,87.8788,25.7143,0.606061,9.69582,11.1111,8.98876,4.96894,0.515464,0.0,2.43902,1.19048,78.7879,10.1266,48.3871,0.0,7.28477,0.0,6.21762,5.74163,1.4652,42.8571,2.25564,2.7027,91.6667,5.47945,5.42169,18.6782,59.0909,5.65693,0.0,8.82353,2.7933,0.0,100.0,1.84332,76.6667,5.20833,1.1236,2.53521,34.2466,1.70394,8.82353,1.03181,5.44959,5.64972,9.84848,21.8182,0.0,91.1765,9.57447,61.1111,0.900901
HNGH088,95.549,6.88913,6.82261,13.1001,95.6098,96.7213,86.3636,12.3746,20.0557,1.53453,85.9756,6.79612,4.43038,10.8295,6.38459,6.34146,4.46266,81.0289,1.64569,25.641,10.8434,6.18436,0.446429,6.15385,11.7647,13.6486,4.19664,0.68306,8.1803,1.02249,11.7402,85.3774,1.14943,4.04381,3.84615,13.6234,6.01093,3.40681,2.0,1.32159,3.2646,6.35452,0.791139,97.0588,8.88889,3.08748,7.49064,1.99005,4.91037,7.4184,2.03851,86.9806,17.8571,97.9167,27.5676,2.23285,3.43137,2.13004,6.86192,3.31492,10.7287,4.82759,3.94442,9.58904,5.94277,2.04403,2.1645,3.19716,82.2368,92.9293,79.8883,0.290698,0.0,0.732601,0.0,3.9604,3.26087,18.9142,9.19355,8.32697,83.4783,68.75,9.23913,6.44461,2.57235,89.4286,2.17391,25.5848,2.7088,1.69147,96.875,3.41064,0.46729,2.39521,5.06912,0.824176,2.45098,3.39321,86.3014,2.08941,3.95137,8.34725,6.78733,2.42424,3.41715,2.29358,90.5405,96.1538,27.7778,42.8571,4.82897,6.56205,5.11628,6.18238,5.09091,96.063,3.19602,59.6491,9.89273,0.0,3.2967,1.70213,2.08333,3.16302,3.95869,1.56076,2.52016,9.69267,3.04054,4.43623,69.5652,5.93343,7.29167,97.8814,5.67823,0.453515,2.17391,2.04545,98.0769,5.74837,10.6383,85.4701,97.7778,86.2069,95.585,92.0,10.0346,93.617,13.0072,43.7956,1.26582,9.05172,58.3607,12.0833,46.083,2.80584,9.66443,5.38574,5.21978,12.1857,70.0229,3.40237,6.3115,94.6479,2.48659,94.7368,5.09804,6.72646,3.00107,5.03979,7.04762,1.54639,70.8333,86.3636,5.77617,4.89865,0.874126,0.0,11.1111,3.74332,2.81224,7.25389,0.735294,2.09424,2.86885,10.3365,24.8826,0.0,43.5897,88.1928,4.09639,0.94697,85.5362,15.4688,92.1965,91.5888,93.1034,7.59931,8.1761,95.0791,87.2,96.7172,7.12329,6.80346,16.1765,94.4444,92.1053,92.4471,10.4027,83.6957,1.6568,94.7522,89.7436,3.38664,100.0,71.4286,83.5681,5.4717,11.9318,8.04816,2.40741,5.547,6.45695,11.4194,9.07591,8.933,80.9524,95.5556,3.76028,83.7079,1.64354,2.9274,30.7243,80.7692,15.1899,5.15564,2.23267,5.3802,2.72727,12.1212,5.0,6.0024,5.35714,6.29426,0.919118,0.516351,11.8421,1.70455,7.14758,9.09091,6.59824,6.23501,4.81117,5.16252,8.53659,4.69697,6.66667,3.59281,4.19727,5.16129,13.2154,3.68098,4.03226,5.44218,1.64835,0.0,8.89952,3.26087,28.8889,5.875,2.23124,1.40845,15.1943,4.85156,5.88235,4.36162,0.573614,89.5928,36.8715,2.07469,75.0,83.0964,93.1452,93.9698,5.44959,47.1582,14.2857,82.8488,4.02219,0.789889,1.1396,9.46271,2.33236,3.02267,4.3239,16.9888,1.53846,0.0,97.619,4.7812,3.25581,90.6344,2.59259,94.7826,12.2892,0.649351,4.73469,2.67857,5.4359,57.7778,58.3333,4.74174,1.42259,4.0404,8.19423,9.53608,3.14136,6.08911,5.85162,7.47253,5.96154,5.66547,0.947867,6.11621,0.0,0.83682,2.4838,8.53443,87.6712,2.47074,5.78985,0.625,5.10689,6.56304,3.57143,5.48647,14.0127,6.92771,4.23341,86.4662,4.30108,5.52732,11.1015,76.9841,6.38941,1.50376,4.77707,4.69432,1.96262,6.79612,7.76621,5.37341,80.1193,0.0,14.6789,1.07239,4.56334,2.55814,1.77846,9.10904,2.29885,12.0879,11.3269,3.88994,7.51073,62.1622,76.2431,7.83133,3.57143,86.2319,87.931,4.04624,4.01235,3.28571,78.8863,0.696056,4.1841,4.44931,9.07534,1.85759,12.8577,5.57123,2.75527,88.7417,92.9907,87.8338,2.3224,4.94737,28.5714,7.48663,6.85871,23.3704,8.77797,14.0414,89.2086,11.7333,2.13068,7.79055,3.10078,9.6463,11.4407,0.722022,0.46729,7.04607,1.85484,89.6739,13.2414,90.7692,11.5152,2.51716,11.6814,2.21239,3.30243,3.1339,89.1304,6.02258,3.88693,88.75,6.20525,5.61036,4.84496,85.567,3.20397,3.73563,3.36391,3.97727,100.0,100.0,5.73828,93.7984,18.6813,7.12401,3.25998,34.6154,5.74163,11.4286,2.07156,3.29144,5.02793,11.898,1.98413,0.0,83.8843,3.63196,42.2414,3.20197
HNGH089,0.0,2.3166,8.88889,5.13219,100.0,100.0,0.0,0.0,0.0,6.25,80.9524,0.0,0.0,1.92308,1.53173,0.0,7.07965,0.0,0.359712,0.0,0.0,2.7027,0.0,25.3521,9.09091,23.0769,5.55556,0.0,29.2453,2.08333,16.5049,75.0,0.0,12.5,0.0,5.06329,0.0,0.884956,0.746269,0.813008,0.0,0.0,1.53061,100.0,0.0,0.0,1.44928,0.0,4.01338,14.2857,1.33333,81.4815,0.0,100.0,0.0,0.704225,2.89256,0.0,7.54717,6.25,4.25532,0.0,1.63399,0.0,0.0,0.0,0.0,2.28571,100.0,0.0,68.75,0.0,0.0,0.0,50.0,0.0,0.0,0.0,7.16981,9.72222,0.0,0.0,8.33333,1.81818,0.0,90.9091,0.0,16.4179,0.52356,0.529101,0.0,3.84615,0.0,1.96078,3.84615,0.0,0.0,0.0,62.5,0.0,22.4638,0.0,4.0201,0.0,4.37158,0.0,0.0,0.0,0.0,0.0,0.0,0.0,0.0,3.27869,6.0241,100.0,0.0,84.0,7.61246,0.0,0.0,10.5263,0.621118,6.66667,4.08163,2.1978,4.18251,2.94118,0.0,0.0,71.4286,8.39695,2.10728,100.0,2.27273,0.0,0.0,1.6129,0.0,11.5942,1.03093,87.5,80.0,84.6154,0.0,0.0,9.0535,100.0,27.0408,100.0,0.0,0.0,45.7627,2.6616,50.0,0.914634,0.0,1.40845,0.0,0.0,86.6667,3.125,3.32481,0.0,0.714286,99.2064,0.0,0.0,10.0917,1.26582,0.0,0.0,100.0,50.0,0.0,3.31126,0.0,0.0,0.0,0.0,2.5,0.0,0.0,0.0,2.32558,0.0,0.0,0.0,0.0,65.0,8.33333,1.6,0.0,5.83942,0.0,80.0,100.0,0.0,0.0,100.0,95.2941,88.0,0.0,16.2281,0.877193,100.0,100.0,77.7778,11.1111,100.0,0.0,100.0,100.0,1.26582,0.0,0.0,92.3077,1.0989,0.0,5.88235,0.0,12.5,3.4375,0.0,8.33333,1.33333,100.0,100.0,13.6364,100.0,10.0295,0.0,2.4,89.6552,19.5122,2.15827,0.0,3.90625,0.0,0.0,2.32558,0.925926,2.5974,6.75241,3.33333,2.96296,0.0,5.81395,8.49673,0.0,6.66667,13.0435,0.0,2.39234,6.07143,1.57895,0.0,0.0,0.0,0.673401,2.6087,5.08475,0.0,0.0,1.2987,5.88235,12.6866,0.0,13.0435,0.0,0.0,6.66667,0.0,1.41844,2.74725,9.67742,0.0,76.1905,0.0,0.0,78.5714,72.0,100.0,97.9592,0.0,73.0337,0.0,100.0,1.32159,0.0,0.0,9.74359,0.0,0.680272,5.27578,22.1344,0.0,0.0,0.0,0.0,0.0,100.0,0.0,95.0,5.40541,0.0,1.14068,3.67647,3.20856,40.0,0.0,1.20482,0.892857,0.0,20.0,0.0,3.57143,4.42177,6.69856,0.0,4.97382,2.6087,0.0,0.0,6.25,0.0,2.98507,0.0,0.0,2.5,11.4286,4.12371,2.15054,4.14508,3.23887,0.0,0.0,0.0,4.16667,100.0,0.0,4.1769,3.63636,46.1538,6.20155,0.0,0.0,0.0,1.2012,0.0,1.21951,2.01342,100.0,0.0,18.1818,11.1111,2.53623,0.0,5.0,0.0,0.0,13.1579,6.34921,9.30233,12.1622,100.0,66.6667,0.0,0.0,80.303,0.0,0.0,0.0,1.5625,93.75,0.0,1.31579,6.89655,9.09091,0.0,2.17984,1.05263,12.766,66.6667,0.0,93.3333,0.0,5.04202,0.0,8.26446,4.20168,27.1186,1.17647,29.0,33.3333,0.0,0.952381,11.8483,15.7895,4.08163,0.0,0.0,0.0,0.0,2.06186,73.0769,8.33333,100.0,0.0,0.0,0.0,11.3636,8.15603,4.25532,100.0,1.50376,0.0,0.0,3.5461,1.78571,0.0,92.1053,2.47934,1.92308,2.91971,0.0,0.0,0.0,0.956938,84.6154,3.38983,4.10959,0.873362,72.973,0.0,7.14286,2.53165,0.628931,12.5,13.1868,0.0,100.0,100.0,7.40741,31.5789,8.4507
HNGH090,62.8571,4.85437,6.61479,7.00576,89.7436,100.0,100.0,15.3846,28.9855,0.211416,33.2061,0.0,0.952381,0.0,5.68182,0.641026,9.20245,88.8889,0.416667,18.1818,4.54545,9.6,0.0,6.22407,2.22222,4.92611,1.93906,1.14504,5.52764,0.60241,15.8046,85.9649,0.0,1.5873,0.0,8.84615,4.54545,2.51046,0.890208,1.5,2.71739,5.21472,4.04192,95.4128,9.67742,2.30769,6.73077,0.0,3.79009,0.0,1.26582,73.2558,0.0,100.0,50.0,1.33929,2.27273,1.74825,5.86319,7.67045,6.42202,2.41935,1.26582,4.09357,2.04082,5.0,4.44444,1.67598,86.2069,0.0,79.7386,0.0,1.51515,0.0,0.0,0.0,0.0,5.30973,14.0162,3.62903,69.6629,100.0,15.4762,4.70085,3.22581,89.5105,0.0,18.8679,4.23198,0.727273,92.0,2.80374,3.84615,0.0,2.07101,3.22581,1.5625,0.0,86.4078,2.08877,0.0,5.92593,6.25,1.30719,3.92157,0.0,100.0,50.0,44.4444,22.2222,0.0,4.33673,2.5641,4.44015,6.26305,95.6522,3.0303,46.6667,11.5578,0.0,9.52381,1.36054,2.10843,2.33918,10.1852,1.53846,2.10084,5.3528,0.847458,1.88679,81.5789,3.30882,4.1958,100.0,4.16667,0.0,12.9032,2.24719,100.0,8.51064,4.13625,93.5484,98.8764,66.2338,98.1366,100.0,5.11628,0.0,7.47126,66.6667,0.0,0.0,63.4615,4.70085,24.3902,2.52809,0.574713,1.02564,1.53483,6.22568,73.8095,1.85185,5.54607,0.0,0.697211,95.0,6.36364,2.32558,3.30579,0.0,4.28571,10.2273,80.0,66.6667,4.65533,6.14035,0.0,0.0,0.0,1.79856,5.73913,2.12766,0.0,0.0,4.47761,4.74576,46.4646,0.0,33.3333,90.991,1.40845,1.90641,82.9787,5.39419,95.4545,100.0,100.0,5.7377,0.0,94.6565,93.5185,97.8873,2.82486,12.2137,0.977995,100.0,0.0,93.9759,9.90099,65.3846,0.934579,96.6443,79.4872,0.898204,100.0,100.0,77.3585,6.68151,9.18367,10.5691,1.42857,4.66667,3.79747,3.19149,8.15217,1.50376,82.1429,100.0,0.0,63.6364,1.16034,2.39044,4.41176,89.8305,1.82927,2.45161,2.85714,2.58176,1.86916,0.0,2.94118,0.651466,0.0,5.34125,1.35135,1.14943,5.71429,3.0837,6.60487,0.0,5.88235,1.49254,3.94737,2.29885,4.6875,0.0,22.7273,6.55738,2.51397,1.78372,6.07083,5.74713,1.8018,8.4507,0.0,0.0,12.5523,2.22222,19.4444,12.9032,1.85185,3.42466,11.1111,2.8777,1.8018,2.08817,5.12821,89.5833,45.4545,0.0,28.5714,81.4159,85.4369,94.3662,1.3587,28.5714,0.0,94.7368,2.36052,1.63339,0.0,4.91071,1.27389,0.884956,3.07692,8.71212,0.0,0.0,100.0,3.83663,0.0,93.1507,2.45399,84.6154,10.0,1.77515,2.90456,5.07726,2.53165,100.0,100.0,2.29226,1.94932,3.57143,5.03597,5.14706,1.93548,3.37838,2.8169,2.94118,2.47191,3.63289,1.17647,6.10329,0.0,1.81818,2.45902,5.14469,91.6667,1.13636,4.83092,2.80899,1.53846,2.34742,1.52478,3.64146,7.90514,0.0,2.30769,84.6154,5.88235,5.72034,5.21327,58.3333,3.65939,0.0,0.0,2.85714,0.692841,5.55556,1.5625,3.82294,75.0,0.0,8.86076,0.0,1.48515,0.0,2.30548,3.96959,20.4301,8.84354,10.1426,2.06186,3.44037,46.4286,75.0,8.88889,0.0,35.2941,66.6667,3.7594,12.0,1.96078,80.8612,1.51515,3.09598,2.15385,8.60215,2.85714,0.524109,1.25899,0.512821,81.8182,100.0,94.5055,0.0,8.10235,14.2857,4.7619,0.595238,9.05923,3.86266,9.40171,77.7778,18.3908,2.58621,8.42697,9.56938,0.985222,3.97351,0.0,2.10526,0.0,3.2491,85.7143,7.73481,89.1892,0.0,0.854701,3.0303,0.775194,3.59375,0.645161,91.8919,3.06513,4.7619,86.0465,2.74725,3.30189,0.0,84.3137,1.16279,2.01342,5.12821,0.869565,0.0,100.0,5.11364,71.4286,8.17439,4.08163,3.10078,88.75,1.91781,12.9252,3.39233,1.51844,5.35714,2.75229,0.0,28.5714,87.8788,2.1978,37.5,8.08081
HNGH091,95.3125,3.07018,1.39064,6.43828,88.3041,91.5493,94.6429,23.5294,25.1064,1.13122,90.5844,1.0,0.0,5.84416,3.21757,3.125,2.94599,85.7143,2.746,0.0,0.0,2.74194,4.72441,7.33333,13.1783,1.9544,2.49433,1.69492,6.63176,1.983,17.8977,90.3614,3.84615,0.333704,14.2857,14.2003,0.0,7.08333,1.5544,2.50391,1.98556,5.3012,1.44274,97.4194,0.0,2.38806,3.97351,1.60428,4.89614,2.22717,3.9604,88.0,4.34783,93.8775,41.3534,2.21519,3.99033,2.1164,4.89381,3.52645,4.38293,3.31325,2.97317,5.02283,2.54958,0.384615,2.0979,0.842697,90.0,92.5581,81.5476,0.346021,0.0,4.34783,71.4286,0.0,0.0,5.54017,5.54273,3.76016,78.8546,83.3333,14.9254,3.17797,1.27119,93.6128,1.86916,15.0974,2.87648,2.01207,88.1579,1.98198,0.0,3.125,2.22222,1.08696,0.680272,3.03951,86.8263,1.19671,2.10526,5.16796,2.47934,0.931677,3.52673,2.75229,93.3333,89.4737,0.0,18.5185,0.869565,3.00578,4.25056,10.7483,2.32945,97.2727,1.08696,58.427,16.4286,0.0,2.75862,11.8644,3.14136,2.02703,9.05263,1.51844,2.82427,8.42391,1.31387,0.968523,88.961,5.51948,4.41582,97.1731,2.54237,0.395257,9.32203,1.2987,97.8723,5.14821,4.30925,78.481,97.8873,88.9189,97.5104,100.0,6.55226,89.2857,16.0345,58.1197,0.364964,12.8492,50.3759,2.537,36.0996,0.991501,10.8456,4.57831,3.44828,8.75912,70.9302,3.25203,4.90088,95.302,1.08565,97.3118,7.45614,5.22388,3.43008,1.73611,2.63158,4.58716,63.4146,80.9524,5.72956,4.87179,3.63636,0.0,0.653595,1.75439,5.39773,36.9697,6.03448,5.61497,2.88462,4.16667,19.0323,0.0,48.7805,87.0871,3.53698,1.83983,93.7158,4.48343,92.0,95.0617,99.2,6.48968,11.4286,91.5254,91.4634,98.3607,4.56989,8.97666,9.76139,73.6842,96.1165,93.3066,12.0253,85.5263,1.48515,92.4286,96.5517,0.923788,100.0,94.1176,92.0635,5.34125,10.2041,10.7807,3.85396,2.78422,4.19075,5.2381,3.04233,2.29508,78.9474,92.4242,5.95483,72.2222,1.41543,3.51201,2.86225,87.7193,3.63036,3.52941,1.52838,2.92463,5.41728,4.16667,8.15217,2.84006,6.38298,5.56128,1.38504,1.5873,5.29801,2.28758,4.45104,6.87285,5.05747,4.37318,4.50508,3.0,2.35525,2.35988,5.12821,7.04501,1.86047,2.55918,8.19367,1.71821,16.1765,9.79021,8.63095,0.0,5.43294,7.94702,27.0588,15.4098,0.0,12.2581,14.0449,2.2335,2.76753,4.94297,1.17925,93.9145,19.3548,0.675676,80.8081,85.9223,91.9414,94.2308,2.89532,53.542,15.3005,91.0891,2.1601,3.33333,0.990099,10.5556,1.1194,7.24638,3.78215,11.2588,0.0,3.84615,100.0,3.24232,7.34694,91.8728,0.382409,87.5,10.0,0.0,0.847458,4.44811,2.71318,57.1429,81.8182,3.88007,1.18519,1.35135,4.16667,18.6667,6.58436,3.8242,4.32099,1.98413,8.23096,3.698,1.04712,7.84314,0.0,0.0,3.17757,4.73761,88.5246,4.30712,5.8114,3.67347,2.73598,3.51494,0.610998,4.53297,2.07792,0.0,2.86738,60.0,0.0,3.56455,1.38018,94.2308,4.05582,0.0,3.19489,0.956938,1.67158,12.2271,3.94537,5.53936,73.4015,0.0,11.7967,2.13415,4.13534,1.93705,0.539957,5.40275,2.53165,14.7368,14.7436,3.10786,6.27615,79.1667,81.383,11.0092,0.595238,91.2052,96.4912,4.09836,5.84416,4.44444,78.3333,0.851064,6.99301,2.51256,6.60066,0.5,1.86375,1.5814,1.64745,87.2727,95.4545,93.8525,0.46729,4.73062,2.04082,2.76873,1.92308,21.4521,14.8472,7.39247,84.7458,21.5625,4.07332,11.2605,7.69231,7.10173,2.96296,0.0,0.0,1.14416,1.83246,95.3917,9.29487,81.8681,7.29167,2.57732,6.39731,1.47783,3.09837,7.66962,97.1429,2.85714,2.01149,84.8101,0.994036,5.20394,11.5789,87.3786,2.35362,1.34228,4.87805,4.17827,66.6667,100.0,1.96399,98.2558,7.40741,2.8436,2.66223,80.8824,2.79683,18.7879,1.52403,2.68817,4.31655,14.1026,0.0,0.0,84.7368,7.14286,20.8333,1.54321
HNGH092,95.8904,2.25225,1.03627,4.22721,100.0,0.0,75.0,31.0345,14.8148,3.85356,96.1538,0.0,0.0,10.6667,2.32143,0.0,6.66667,82.9787,0.549451,0.0,11.1111,6.45161,0.0,5.12821,5.0,0.0,0.462963,1.50376,5.58659,1.0,8.3682,100.0,0.0,0.607287,0.0,3.61446,0.0,0.0,0.0,0.0,0.746269,5.61225,1.40845,100.0,5.55556,0.0,3.84615,1.88679,4.28571,0.0,1.39535,66.1972,0.0,100.0,41.6667,2.15311,2.99625,0.0,2.32558,1.39665,3.46154,3.53982,1.31234,0.0,6.73077,1.75953,1.53846,0.49505,95.0,100.0,81.4159,1.55844,0.0,0.0,0.0,0.0,0.0,8.92857,0.829876,0.0,70.3704,0.0,5.0,0.740741,3.37079,92.1875,0.0,46.2264,0.0,1.50376,45.4545,0.900901,4.65116,0.0,5.61798,0.0,0.0,2.63158,87.7551,0.686499,0.0,0.0,6.86275,0.0,2.7933,0.0,100.0,100.0,0.0,0.0,0.0,1.17188,25.0,3.22581,3.10734,100.0,3.0303,80.4348,1.9802,0.0,0.0,0.0,0.0,0.0,1.69492,1.23457,10.0962,7.2973,0.0,1.23457,59.2593,0.0,3.4375,95.8333,4.16667,0.0,0.0,0.0,100.0,4.82955,6.45161,93.9394,98.5075,37.5,100.0,100.0,3.85714,73.3333,11.6197,0.0,0.0,0.0,59.5745,0.636943,14.0187,1.53846,2.76498,0.0,5.67686,16.9811,36.9565,0.0,2.72251,68.75,0.631912,96.0,5.35714,17.7419,1.53846,2.43902,14.2857,7.01754,100.0,0.0,3.01003,1.55039,0.0,0.0,0.0,0.546448,6.46154,2.66667,0.0,0.0,0.0,4.39189,25.0,0.0,0.0,87.8378,13.7931,1.29032,94.9153,1.98413,100.0,93.9394,100.0,0.0,5.26316,93.75,94.0299,100.0,0.78125,14.6154,7.93651,100.0,100.0,88.3978,12.1951,54.5455,2.38095,96.2963,100.0,0.921659,0.0,0.0,88.5714,2.61438,28.5714,10.1064,1.72414,9.85075,9.85915,8.88889,0.0,0.961538,100.0,100.0,2.5641,100.0,0.160256,1.67131,0.763359,81.25,4.0404,1.40187,0.0,6.70554,0.729927,0.0,2.85714,4.6729,0.0,9.51009,1.05263,0.0,16.6667,0.671141,8.63095,0.0,0.0,0.0,3.5503,4.16667,0.518135,0.0,0.0,0.0,5.83333,0.421941,3.4965,7.8125,0.0,0.0,2.42424,0.0,9.70874,0.0,15.0,14.6789,0.0,0.0,9.67742,3.52941,2.65957,4.34783,0.0,79.4118,0.0,0.0,0.0,73.0337,94.2029,100.0,4.03587,5.55556,50.0,83.5821,1.3245,0.549451,0.0,5.95238,4.42478,5.29412,3.00752,6.76101,5.88235,0.0,0.0,3.23625,10.8108,7.69231,0.497512,100.0,5.41401,2.94118,6.20155,1.38408,2.19436,100.0,100.0,3.003,0.817439,1.19048,2.94118,13.5802,5.33333,7.57825,2.4,0.0,1.17878,5.40541,0.0,0.0,0.0,5.81395,2.67857,3.44828,50.0,0.0,3.85965,0.0,2.12766,4.37956,0.0,2.5974,3.4188,0.0,3.0303,57.8947,0.0,3.08219,5.7554,97.3684,5.28483,0.0,0.0,4.8913,1.2931,4.8951,1.08108,4.79042,89.2857,0.0,8.70786,0.900901,2.68199,1.44928,1.2987,2.63889,9.09091,14.2857,6.62252,3.26797,10.5528,72.7273,79.0323,0.0,0.0,61.2903,100.0,4.65116,8.16327,0.0,68.0,0.0,1.03093,8.02139,0.0,0.0,3.77953,0.0,0.0,89.0625,100.0,85.3333,0.0,6.875,0.0,3.57143,1.90476,23.8095,7.14286,10.8696,70.0,11.9658,0.0,12.0275,3.57143,7.5,8.30565,0.0,0.0,0.0,0.746269,89.4737,5.17241,100.0,0.0,1.27389,0.0,4.57516,2.63488,0.0,96.2963,10.6557,5.06329,97.8723,0.735294,2.34987,25.8621,95.5556,1.82927,0.714286,10.4762,4.44444,25.0,100.0,1.31579,100.0,9.04523,3.84615,1.31827,50.0,1.89983,4.06504,0.316957,0.47619,3.38983,6.77083,12.9032,0.0,94.958,1.46341,36.8421,5.88235
HNGH093,98.4848,7.04846,1.91939,5.03202,92.6606,100.0,80.0,8.75912,6.41026,0.337838,82.8704,6.66667,17.5439,3.53535,3.52858,1.19522,5.98291,75.9124,0.769231,16.6667,15.5556,4.42478,1.75439,7.74908,6.38298,7.1535,4.06699,0.872093,4.62963,3.34448,9.70655,90.8257,5.88235,2.33577,0.0,9.23077,22.2222,7.7381,1.31579,3.5443,5.05263,4.8913,3.9267,98.2143,2.04082,3.79464,3.46535,4.6729,4.97738,4.54545,1.92837,82.6667,11.1111,100.0,45.0,1.23131,2.00803,2.94118,3.01783,5.02283,4.52617,7.51708,2.3118,14.1818,2.64151,0.961538,0.0,0.587084,88.8889,95.7983,72.3301,0.0,1.07527,0.0,0.0,0.0,0.0,2.18182,7.9646,8.74007,81.25,100.0,18.9655,2.39044,1.93548,85.5932,22.6994,15.3005,1.6035,1.32159,100.0,2.34542,0.0,2.06897,6.53595,1.3986,2.94118,6.22407,90.0662,0.668896,0.909091,7.61905,4.43213,0.519481,1.60735,1.13636,93.1818,100.0,40.0,59.5238,2.96296,14.1777,5.92593,4.89691,3.75723,100.0,10.5263,41.8367,9.04977,1.33333,2.29885,0.0,3.03867,0.826446,3.77907,0.78329,3.48837,6.72131,1.31148,0.411523,80.7339,9.11215,2.30216,98.5075,0.568182,0.0,0.0,1.33333,88.2353,6.40809,8.70488,65.2174,82.9384,73.3871,90.25,100.0,9.36842,100.0,20.4819,41.6667,1.5674,0.0,70.0,5.41667,28.0851,1.5528,5.6701,4.30108,2.31481,7.88288,72.8261,8.0292,4.85269,90.2256,4.3673,88.9706,4.8,4.41176,2.43902,5.73248,7.07071,4.44444,80.0,82.3529,3.14342,2.64317,3.05882,9.09091,0.0,4.27807,4.56693,9.25926,8.33333,0.0,5.52764,1.94175,23.9631,0.0,16.2162,82.8829,3.87324,0.656455,71.3513,8.10811,96.7213,24.1379,100.0,5.90278,26.8293,91.4062,87.7358,89.8551,7.53623,16.8285,42.381,92.8571,91.6667,90.1879,9.63855,75.5814,1.20192,88.1818,96.4286,0.341297,100.0,100.0,93.6709,3.10078,13.5417,5.94262,4.81482,2.41379,2.38095,10.5919,4.55927,12.3077,54.5455,96.0,5.61404,31.25,2.14286,2.54902,12.439,89.313,4.3956,5.18518,0.75188,2.13904,6.25,50.0,5.88235,0.338983,4.59184,8.29493,0.660066,1.02041,4.91803,6.6482,4.24242,7.65306,8.7108,4.5082,6.53527,2.38095,2.80269,4.07407,5.71429,18.0473,1.54242,2.34192,8.62534,5.03145,12.0438,5.31915,3.2,0.0,10.8871,2.35294,5.37634,2.57511,18.018,1.63934,15.1163,1.35135,3.95349,5.33333,1.0101,91.4286,30.1587,0.0,53.8462,80.9524,91.8033,96.3303,4.92958,51.3636,10.0,88.6792,2.69608,1.4245,0.0,6.73575,2.89256,8.51064,2.88925,15.1404,2.43902,0.0,100.0,3.4588,0.0,93.4579,9.85401,91.4894,13.0332,1.6129,2.45161,2.58065,2.53165,80.9524,100.0,2.7972,0.724638,1.4652,4.7486,2.87081,4.24837,4.85437,2.14669,4.16667,3.08642,1.5674,0.534759,4.06504,11.2903,3.8674,1.91693,4.52261,45.0,4.38871,2.92683,2.33918,3.63322,2.44898,0.907912,5.7047,12.7329,5.98802,6.12245,82.8125,1.08108,1.55807,4.4898,83.8235,3.02511,0.0,0.847458,1.80723,1.18577,3.0,3.34928,2.98507,88.4615,7.93651,8.85714,3.81944,1.74014,4.0625,5.71429,2.92994,2.91262,9.02256,11.0921,5.20095,4.0,88.4058,91.875,36.3636,0.0,82.7068,69.697,0.52356,14.3617,3.1746,70.8738,0.632911,6.66667,4.26471,9.63855,1.48148,0.819672,2.8169,3.94089,97.351,95.4248,95.3846,2.75689,4.92611,14.2857,2.63158,4.23077,22.5464,14.4509,17.4419,64.7887,18.2692,9.84252,11.6998,9.09091,4.69799,16.8,0.0,0.0,0.0,2.20264,89.6296,7.26744,59.4406,6.06061,1.84049,21.9858,8.27068,16.4905,0.716846,93.75,6.4588,4.79452,88.785,5.26316,10.2679,4.41176,93.6709,5.9322,1.40845,5.55556,0.934579,100.0,50.0,3.71991,93.9394,11.9306,7.82609,1.5873,55.9701,3.32278,2.94118,2.72189,2.5,2.15827,8.18505,10.4348,0.0,87.8924,4.03226,37.931,4.94506
HNGH095,0.0,0.0,2.77778,4.31548,100.0,100.0,0.0,39.1304,50.0,1.48699,100.0,0.0,0.0,8.33333,3.93162,3.7037,0.0,33.3333,0.0,0.0,0.0,20.8791,0.0,5.05051,0.0,6.94444,7.89474,0.956938,0.0,1.72414,17.8082,0.0,0.0,4.7619,0.0,6.42857,0.0,3.33333,4.45545,0.52356,0.0,2.97619,0.78125,100.0,0.0,7.84314,0.0,0.0,13.4715,22.6027,2.15827,46.1538,0.0,0.0,23.3333,0.0,0.892857,0.0,5.4902,2.8169,1.27389,3.10078,1.08538,0.0,0.0,0.0,0.0,0.724638,77.7778,81.8182,80.198,0.0,0.0,8.88889,0.0,0.0,0.0,35.0,7.94393,6.66667,100.0,100.0,25.0,0.0,12.9534,89.5238,2.22222,28.2313,0.0,1.4218,100.0,5.12821,0.0,0.0,6.75676,0.0,2.04082,1.25,84.6939,3.67647,3.125,2.8169,6.25,0.571429,6.04396,11.1111,0.0,0.0,0.0,7.69231,5.42169,0.0,0.0,21.3198,1.90476,100.0,0.0,77.9661,3.45821,0.0,0.0,6.06061,1.89873,8.69565,0.628931,0.0,6.30631,0.0,0.0,0.0,91.6667,0.757576,0.591716,0.0,6.66667,0.0,0.0,0.0,66.6667,6.52921,8.02469,100.0,98.0,97.619,93.75,100.0,8.9939,100.0,2.85714,77.4194,0.0,0.0,32.8125,4.29043,11.6883,1.78571,12.7517,1.66667,0.0,6.71141,53.8462,0.0,3.54767,100.0,0.416667,95.6522,0.0,0.0,0.0,0.0,11.1111,0.0,94.4444,0.0,4.74777,0.0,1.88679,0.0,0.0,0.0,4.34783,0.0,0.0,0.0,0.0,6.25,0.0,0.0,28.5714,100.0,0.0,0.0,100.0,0.0,86.3636,0.0,0.0,1.33333,0.0,100.0,98.75,100.0,0.0,10.3448,1.06383,0.0,0.0,95.1456,5.0,73.5294,1.40845,100.0,0.0,2.78638,0.0,100.0,100.0,2.89855,0.0,1.24224,0.0,2.5641,15.0,0.0,2.10526,0.0,50.0,88.8889,0.0,0.0,0.738007,0.502513,3.96825,100.0,6.0241,0.0,0.0,0.673401,11.6788,0.0,5.71429,0.0,0.0,1.28205,0.0,0.0,25.0,2.90456,2.78746,0.0,16.6667,0.0,6.89655,0.0,6.52174,0.0,14.2857,6.45161,5.74713,0.573066,3.125,17.1429,0.0,6.66667,0.0,5.0,15.625,0.0,24.0,9.09091,0.0,0.0,0.0,2.92398,12.987,6.43564,0.0,90.9091,0.0,0.0,0.0,67.5214,100.0,100.0,0.0,1.26582,0.0,85.0,0.0,0.0,3.84615,3.37838,1.81818,0.0,9.47368,11.7647,0.0,0.0,100.0,0.0,0.0,92.5926,1.51515,0.0,19.7452,0.966184,3.30033,2.94118,1.45455,0.0,0.0,0.0,0.760456,2.38095,10.0,10.2804,9.31677,5.0,2.85714,0.0,1.5544,10.596,6.66667,2.85714,0.0,2.27273,8.94309,7.28155,50.0,0.0,4.67836,5.88235,5.53506,9.375,1.79641,0.0,2.5641,3.77358,3.33333,100.0,0.0,8.13953,0.0,100.0,7.41206,0.0,0.0,1.6129,0.0,7.25806,2.0979,6.69456,100.0,0.0,11.5385,0.746269,4.54545,0.787402,3.56164,13.9535,0.0,0.0,12.2449,2.24719,2.54545,88.8889,74.5763,4.16667,0.0,96.0,0.0,0.0,0.0,0.0,82.9787,0.0,3.19149,8.17942,0.0,1.06383,0.18018,3.84615,13.8889,100.0,100.0,66.6667,2.53165,5.12195,0.0,0.0,0.0,36.3636,18.2432,26.3158,100.0,4.6875,3.2,5.55556,9.09091,0.0,14.1892,0.0,0.719424,0.0,8.33333,87.8049,5.30973,100.0,0.0,1.78571,24.6914,0.0,1.93705,4.0,65.0,16.0,4.16667,89.2857,0.0,1.23457,0.0,92.3077,0.46729,3.57143,65.2174,0.0,0.0,0.0,2.09205,100.0,8.24742,12.1212,0.37037,100.0,1.97628,11.7647,0.394477,1.80505,5.26316,50.0,2.43902,0.0,0.0,0.0,57.1429,0.0
HNGH097,0.0,5.93607,0.714286,3.305,100.0,0.0,100.0,2.32558,95.0,3.79747,87.5,0.0,1.02041,0.0,8.0,0.0,6.03175,91.6667,4.22535,18.1818,20.0,6.12245,13.5135,10.1695,18.1818,0.0,1.01523,5.29801,0.877193,6.86275,7.69231,76.0,0.0,0.0,0.0,2.5974,0.0,0.0,4.71698,0.364964,6.84932,5.6338,1.06762,97.9381,25.0,0.0,11.1111,11.1111,11.6071,0.0,0.0,100.0,0.0,100.0,25.0,0.547445,1.11111,3.04878,1.01523,3.10078,8.77193,4.20168,3.04348,0.840336,3.77358,1.75439,4.08163,0.819672,66.6667,100.0,100.0,0.0,0.0,0.0,0.0,0.0,0.0,0.0,4.10095,0.0,20.0,0.0,60.0,1.14504,0.0,93.5897,0.0,45.2174,3.7037,2.29008,100.0,3.53982,0.0,0.0,2.7933,0.0,0.0,0.0,75.7895,1.36986,1.75439,5.55556,11.4286,0.657895,3.59477,0.0,100.0,0.0,0.0,12.5,3.55556,0.0,0.0,1.27119,5.0,88.8889,0.0,66.6667,35.4167,2.85714,0.0,0.0,4.72973,0.0,1.16279,7.69231,0.0,7.32759,4.34783,1.47059,59.0909,8.60215,1.83727,81.8182,0.0,0.0,0.0,0.0,100.0,7.48031,3.44828,57.1429,81.8182,78.3784,100.0,50.0,4.77612,0.0,6.19469,92.3077,0.0,28.5714,38.4615,0.0,34.4086,1.0,0.0,0.0,4.72727,0.0,71.7391,11.7647,2.37624,87.5,1.52284,100.0,12.8571,0.0,2.32558,7.62712,5.55556,0.0,6.25,100.0,6.30631,4.54545,1.92308,0.0,0.0,0.0,1.08696,6.66667,0.0,0.0,0.0,12.3853,12.5,0.0,0.0,90.0,2.29885,0.0,90.0,0.0,0.0,0.0,0.0,0.0,20.8333,93.2039,89.4737,100.0,3.33333,3.1746,0.0,100.0,0.0,94.0299,28.5714,87.5,6.66667,68.9655,100.0,0.0,0.0,0.0,88.8889,0.0,2.77778,5.0,0.0,11.8644,6.56934,1.86916,6.42857,0.0,100.0,0.0,0.0,100.0,3.24006,0.8,4.42478,18.1818,0.0,11.0132,0.0,4.71698,1.92308,44.4444,0.0,4.83871,2.17391,5.94059,0.0,5.88235,0.0,0.377358,15.3285,0.0,7.69231,12.5,4.09091,10.6628,3.38983,8.51064,0.0,19.2308,0.0,1.55844,0.0,0.0,0.0,0.0,0.952381,0.0,3.57143,4.34783,33.3333,22.6804,0.0,2.73973,12.5,1.85185,0.0,0.851064,0.0,84.6154,50.0,0.0,0.0,51.2821,97.7273,100.0,2.08333,26.6667,0.0,85.0,0.0,0.0,1.72414,9.17431,8.33333,0.787402,0.97561,7.9096,0.0,0.0,100.0,0.334448,45.1613,92.4528,1.44928,0.0,20.5882,2.0,3.37838,5.40541,3.59281,66.6667,0.0,5.15464,2.50784,0.0,8.19672,2.32558,0.0,2.04082,5.92105,0.0,2.20588,10.5528,12.9032,0.0,16.6667,0.0,0.0,9.2511,83.3333,3.77358,2.7439,0.0,0.0,0.0,0.518135,4.08163,2.04082,0.0,3.67647,0.0,0.0,2.23214,2.60223,100.0,5.45455,0.0,2.04082,0.0,3.7037,12.6984,1.94805,2.39234,94.4954,0.0,4.08163,0.0,3.61011,1.40845,0.0,2.21607,0.0,4.34783,3.7037,26.8817,15.2941,84.6154,100.0,0.0,0.0,41.3793,100.0,77.7778,0.0,0.0,89.3939,3.6036,0.0,1.3468,0.694444,0.0,3.7037,1.66052,0.0,100.0,90.0,96.4286,1.1194,2.43902,0.0,5.6338,3.30579,9.67742,9.0566,4.16667,100.0,0.0,2.98507,5.0,0.0,2.8169,11.5385,6.25,1.31579,0.0,0.552486,83.9286,4.13793,100.0,0.0,6.12245,3.57143,4.0,1.97239,1.5625,100.0,8.13953,3.125,100.0,10.0719,13.986,0.0,100.0,1.0084,2.29885,6.20155,3.33333,50.0,0.0,4.54545,100.0,8.78049,0.0,2.64151,85.3659,1.59574,17.5,2.39808,2.7668,0.0,31.25,45.0,0.0,0.0,0.0,100.0,5.15464
HNGH098,96.2963,5.83039,9.28382,6.53477,85.567,94.8276,98.2759,9.68661,22.1557,0.8726,80.1829,5.06329,1.76211,5.91716,4.15155,6.11511,4.75737,86.7804,1.00334,8.88889,2.38095,6.37149,5.47945,14.4737,14.4,10.2828,3.90947,5.92885,6.5776,2.44565,11.8329,78.125,6.66667,1.82025,14.6341,14.2388,1.96078,7.32484,2.9703,4.05405,1.4652,6.07735,1.99005,96.4029,16.129,3.15789,3.94089,3.33333,6.02007,2.43902,3.71134,89.2265,10.7143,100.0,32.9412,2.72277,3.68159,6.54206,4.5584,4.39024,6.30531,6.12903,2.05739,7.80488,4.73322,1.92308,0.833333,0.383142,81.982,96.5147,78.6184,1.61725,1.04167,0.790514,75.0,3.84615,2.74725,10.0515,9.23077,5.0,88.4817,100.0,5.7971,1.24575,4.90196,96.4824,0.0,14.3418,2.05198,1.55229,86.2069,4.07569,1.66667,2.5641,3.44828,4.83092,0.813008,1.60772,82.4561,2.14689,2.51046,6.95876,3.52645,0.655022,1.34875,6.54206,84.5494,97.9167,22.2222,26.087,4.34783,5.48387,6.2645,4.70756,3.60262,96.9512,2.8125,53.1915,14.1129,1.52672,1.64835,1.37931,4.21456,3.15789,2.41935,0.738007,4.03361,9.83425,2.73224,0.339559,79.1339,15.1568,4.71464,90.2857,2.3622,1.57895,7.87402,0.790514,96.9231,6.32244,7.97619,78.9474,92.3214,85.8407,98.9673,100.0,5.44983,85.7143,10.5915,32.7869,1.53846,10.3896,47.8873,10.5744,35.2941,4.97382,5.21092,3.34507,3.63436,6.86456,67.8571,3.39943,4.13677,90.625,3.76712,93.6288,8.07175,5.26316,3.04636,0.784314,7.35632,8.42697,49.3507,90.3846,3.09575,5.73427,0.444444,7.40741,3.07692,2.32975,4.46429,11.6279,3.57143,5.41667,2.87958,5.55556,34.7985,16.6667,29.1667,93.8503,3.87097,1.65746,92.2509,17.7936,97.4468,98.1982,94.4882,6.98198,4.30108,90.991,95.5446,97.6636,2.92683,10.099,29.6782,85.7143,89.8204,87.7347,18.4971,86.5672,2.12164,91.5789,86.7924,1.11576,85.7143,84.2105,94.8148,4.19948,8.84956,5.14706,3.21716,6.78808,4.78261,4.83642,8.61027,2.55102,82.1429,95.082,7.01754,80.3571,1.56822,2.80899,2.31214,84.5679,4.97925,1.7562,6.30137,4.86674,1.59011,0.0,9.3617,3.44828,3.08219,2.28216,0.224719,6.16438,3.7594,1.00143,6.0207,1.94553,6.6474,3.71517,3.82916,2.02312,1.79487,1.28617,9.09091,10.7649,4.92197,2.85525,3.49265,5.66929,13.4921,5.44218,2.89855,0.0,10.7826,3.91061,12.0482,12.5589,1.92308,2.83401,12.7907,1.25714,4.53401,8.4788,1.0101,92.2772,41.7178,0.980392,84.9057,82.2394,93.819,94.086,6.91318,18.2039,16.2037,90.0383,2.81369,5.69106,2.82486,6.78733,1.08865,3.16206,3.22196,13.6788,10.3226,8.0,88.2353,1.48285,4.54545,94.7195,2.22222,91.8182,8.86288,0.775194,3.51317,1.91011,2.08589,68.5714,80.0,1.61551,0.820419,2.30548,3.51648,8.4375,3.55649,2.45399,2.02276,2.43902,1.59933,2.5641,2.09581,10.4478,16.9811,3.66492,2.40096,6.96692,82.5397,3.67454,4.73538,2.1097,1.76,4.26667,2.42248,5.24109,20.2091,1.21654,1.97628,85.7143,8.48485,5.04202,3.62225,95.1456,6.26263,0.0,1.02041,1.38504,2.84302,9.38776,6.83845,2.71682,86.2843,0.0,6.29371,2.08877,3.92157,3.75783,1.71429,6.06654,2.29358,10.6576,12.1542,3.91949,8.32196,78.5714,80.9717,10.0,7.35294,90.1961,95.8333,1.41844,13.3971,3.44828,93.5484,0.568182,5.66502,2.91498,11.2211,1.28866,10.2497,1.00541,2.62295,90.2098,89.3491,92.3767,1.35364,4.27046,5.26316,4.33276,3.37621,23.192,15.2299,8.83055,87.4372,15.1394,1.29534,7.17423,7.8534,9.51009,3.44828,0.0,0.819672,1.85615,2.08333,81.7857,18.9189,81.0056,9.85915,2.23642,2.48963,4.86891,3.58852,4.33884,98.4375,4.11523,1.10803,88.6667,4.08163,3.14506,8.42105,83.7838,9.77285,6.09137,1.78571,4.4586,66.6667,100.0,3.48653,97.0414,5.50459,5.04587,3.06258,72.5424,4.27083,10.9091,1.67533,3.7133,6.85484,15.2108,4.48718,12.5,92.3913,3.49854,28.8462,1.43149
HNGH101,91.358,6.38298,2.04866,5.62249,93.75,100.0,90.9091,22.2222,18.0723,0.588235,57.0743,24.2424,0.0,9.09091,4.4072,2.12766,3.3557,76.6667,3.08483,21.875,29.7297,4.59559,0.0,15.0997,11.3821,10.5541,3.86598,1.9544,8.75912,2.4,13.6752,79.5181,0.0,3.67647,0.0,10.1887,0.0,2.34375,3.35782,22.0844,1.1655,3.48259,1.66667,97.1429,0.0,0.0,10.5505,0.0,9.12698,5.45455,1.87394,93.8356,0.0,0.0,0.0,2.39587,5.53295,1.36612,4.58221,3.87324,14.0893,0.0,1.47524,4.2042,1.28655,8.0,5.55556,1.16009,70.4545,87.4016,81.3688,0.485437,0.0,4.31034,100.0,3.125,1.94175,12.0846,4.4843,11.2112,50.6849,100.0,32.3529,4.75352,1.71607,72.956,7.29167,12.766,9.70464,0.678295,100.0,2.51046,0.0,4.0,9.00383,0.0,0.564972,6.36943,87.013,0.995575,5.26316,6.09137,4.57143,1.31004,0.918367,2.43902,86.9565,90.9091,0.0,58.3333,5.45455,1.41643,5.52147,4.40771,1.91388,95.7747,11.4625,72.0339,4.92228,1.5873,44.7368,4.6875,0.378072,6.09756,1.92308,2.34375,1.50754,5.81395,5.9761,8.46561,60.5769,4.98339,4.98688,89.5349,0.47619,0.896057,0.0,1.85185,100.0,8.22368,5.78512,41.4634,65.9459,83.6478,88.2051,100.0,8.82353,100.0,8.22669,100.0,10.3448,50.0,53.7736,4.70779,29.9803,3.22581,6.15385,1.50538,4.23729,7.54098,76.8116,3.16456,4.13793,75.0,1.38705,84.7458,7.2165,3.0,4.60948,2.32558,7.85714,14.0351,100.0,90.0,2.78578,5.95238,1.89702,0.0,11.4286,5.01475,3.90805,0.0,0.0,6.06061,3.08642,9.47977,0.0,16.6667,0.0,94.4954,2.32558,2.60078,87.9518,0.617284,93.2432,100.0,87.013,8.42825,26.3158,91.3313,85.6,100.0,2.17391,12.2881,13.6364,75.0,98.1481,90.2913,13.2075,80.3571,2.40175,95.8333,67.6923,2.24033,0.0,0.0,93.6782,6.84211,11.3043,3.05466,2.51799,4.33437,4.66531,7.42358,3.21101,12.3404,47.8261,95.2381,1.63934,5.0,0.375235,0.0,13.0597,100.0,7.8125,4.71125,0.526316,3.38542,1.7341,20.0,5.28455,0.268817,6.43564,4.50771,2.51889,2.43902,4.05405,1.75781,6.17551,4.65116,16.1905,3.125,6.48276,0.417537,3.47985,4.90798,33.3333,0.0,4.82077,4.94845,8.29876,0.938967,0.0,2.1978,3.22581,5.55556,9.42408,1.31579,52.4096,8.06452,8.10811,6.59341,13.0435,1.07296,3.63196,4.77759,0.0,94.9109,46.1538,0.0,63.6364,70.3583,92.4686,79.1667,1.54321,65.5556,0.0,89.3204,3.06859,1.19695,1.50094,5.81114,0.0,7.43802,4.44712,11.1691,0.0,0.0,40.0,4.32653,5.26316,88.0,0.442478,97.2222,19.8925,4.35897,5.32319,4.61216,2.94118,70.0,100.0,3.81605,1.84874,6.42398,4.35897,2.8169,1.52174,2.61981,2.8028,1.25,2.36967,6.72878,0.833333,6.10932,83.3333,0.374532,4.44079,6.69291,31.25,6.21118,7.51252,1.36986,1.4652,3.27456,1.11607,1.9943,8.92857,1.6,5.45455,61.2903,11.1111,6.33205,4.0,52.0833,8.42491,0.0,0.0,1.43266,2.88336,10.1036,4.14847,1.64534,77.7419,0.0,9.97921,2.68657,3.4632,2.15385,0.899743,10.9993,7.95455,18.9873,15.6835,2.77778,5.15759,44.1176,61.8557,0.0,1.7094,56.4706,75.0,32.9545,31.1475,2.20264,68.0,1.07143,16.4345,11.902,0.740741,0.0,3.16742,2.65655,1.79211,58.0247,100.0,89.9281,2.1322,2.78884,0.0,2.6087,2.71084,10.6007,16.047,18.7275,87.8049,1.92308,2.21519,12.7464,10.4478,4.36137,3.52423,4.16667,0.862069,4.65839,4.08377,76.9231,8.16327,80.6122,0.0,4.78088,17.284,8.21053,4.9459,0.561798,88.2353,3.40557,0.0,88.4058,2.38095,4.17941,0.923077,78.9474,10.6072,2.45902,6.64894,8.75,0.0,100.0,4.76758,100.0,2.18182,2.18978,0.441501,30.7263,11.1383,23.6287,2.11346,3.12125,0.0,7.63889,6.97674,12.5,64.7619,3.78007,33.9806,0.0
HNGH102,92.5373,4.56204,10.8883,3.33069,100.0,0.0,100.0,8.33333,70.0,0.560748,76.1404,5.0,0.617284,6.42202,3.88756,3.0303,1.82094,65.2778,0.0,0.0,18.1818,3.93258,4.61538,2.89855,0.0,10.1056,1.91571,0.0,9.93915,0.635593,10.5802,95.8333,4.34783,1.19048,0.0,10.8943,0.0,0.0,1.82232,3.49127,8.64198,0.0,1.5873,100.0,17.6471,3.62694,0.0,0.0,2.51716,0.0,12.1951,87.2727,0.0,100.0,0.0,0.844391,0.13245,3.31126,6.25,1.53173,6.13333,6.28931,0.651466,2.05479,0.0,0.0,1.00503,0.0,0.0,91.25,65.5172,0.0,0.0,0.900901,50.0,0.0,3.0303,18.1416,7.44102,7.02247,50.0,0.0,11.5385,0.0,4.78469,88.0952,1.65289,22.7723,4.3299,1.04167,100.0,3.7594,0.0,0.0,0.0,2.3622,0.0,3.84615,90.4762,0.0,0.900901,8.69565,5.64103,1.60966,3.26296,0.0,100.0,100.0,16.6667,28.5714,0.0,4.7619,0.0,5.34125,3.39321,100.0,0.699301,71.5686,7.14286,0.0,0.943396,0.0,3.08483,0.0,0.0,4.69799,1.63265,9.73684,1.04712,3.76344,88.3929,0.684932,3.02457,72.973,0.0,0.666667,0.0,0.0,100.0,4.73373,2.2409,84.0,96.9697,77.193,85.3659,100.0,5.08242,100.0,12.9032,0.0,1.6129,50.0,72.7273,4.87062,35.7595,1.2987,2.29885,1.85185,4.31596,2.25564,81.1111,0.632911,2.00348,91.3043,1.86263,66.6667,10.3448,3.18471,5.23883,4.0404,2.35294,0.0,6.66667,50.0,1.81406,0.0,1.56863,0.0,0.0,0.507614,0.218818,0.0,0.0,0.0,1.94175,3.72771,0.0,0.0,0.0,98.0952,4.87805,3.41246,82.2581,1.68539,100.0,100.0,100.0,4.09091,0.0,91.3876,83.9744,91.8919,8.60215,7.24299,0.0,100.0,100.0,95.0138,16.2791,90.9091,0.0,96.0784,96.6667,3.81679,0.0,0.0,77.7778,10.3659,0.0,5.82011,0.956938,2.22222,3.78007,0.0,2.23464,2.04918,95.2381,100.0,0.0,80.9917,1.5625,6.95187,3.73832,90.6977,0.0,1.26354,3.15789,4.43623,0.0,37.5,8.82353,0.995025,0.0,3.3543,0.735294,2.31214,0.0,2.17391,3.41463,0.0,2.62391,0.628931,3.78788,3.10881,0.809717,7.40741,13.3333,0.0,4.62428,2.75928,0.0,0.0,0.0,2.89855,2.98507,0.0,2.75862,0.0,4.54545,1.38408,9.49367,0.0,8.33333,2.59434,1.62791,1.28755,4.7619,83.7388,25.4545,0.0,64.5833,65.1079,98.4,91.8919,9.1922,32.3829,0.0,89.1566,4.92126,0.0,0.0,2.44898,0.0,2.89855,4.42105,17.3653,0.0,0.0,100.0,3.34395,0.0,85.9813,4.16667,93.8272,2.8481,0.239234,3.35052,1.02041,3.28185,33.3333,0.0,1.74419,0.519031,0.763359,0.0,8.88889,3.07692,1.67112,5.04386,4.08163,2.97533,4.51237,0.0,4.34783,0.0,1.25523,0.0,11.6071,80.0,0.425532,3.41207,0.0,2.1601,5.65371,0.869565,0.666667,3.58127,0.0,2.01005,69.0909,0.0,6.94864,2.34192,100.0,5.87695,0.0,0.0,0.0,0.0,6.19946,5.63003,2.43243,72.1311,36.8421,7.56302,5.61798,2.8754,4.37956,1.7321,0.281162,5.64516,7.75862,11.4355,4.31373,4.96183,94.7368,94.2029,8.82353,0.0,97.7778,100.0,0.0,4.91803,8.92857,94.0541,0.554529,8.39416,2.29885,6.25,1.5873,3.67647,1.39165,0.0,91.5493,92.8571,100.0,2.38095,7.89981,0.0,0.0,1.95122,1.86916,8.28877,10.9149,94.7368,1.2987,0.0,5.92593,0.0,0.872093,0.0,0.0,0.0,2.8169,0.566572,88.3721,14.4385,96.8,21.4286,4.20168,4.5045,4.10678,2.30375,0.0,100.0,0.714286,3.06748,87.6712,0.424628,4.52261,0.0,90.1639,2.69637,2.5641,3.9604,4.6729,0.0,100.0,1.75439,100.0,1.3369,4.31655,4.16667,40.2778,0.35461,2.5,2.8786,3.90356,0.0,9.09091,0.0,0.0,84.7619,1.97044,25.0,0.0
HNGH104,100.0,0.980392,10.989,6.04333,96.5812,100.0,100.0,0.0,0.0,0.665557,80.3109,0.0,1.36986,2.53165,7.19903,0.0,4.05405,92.4528,6.30631,0.0,0.0,12.6712,20.0,10.0,16.6667,10.473,3.58423,11.6,0.0,1.86916,36.129,62.3188,26.6667,1.27119,0.0,8.42788,0.0,0.735294,2.92553,0.0,3.16742,1.54639,2.41287,100.0,60.0,0.0,12.234,0.0,3.74065,7.14286,1.9174,94.7917,0.0,0.0,0.0,0.797607,0.404858,0.0,3.74707,1.15942,2.00445,2.53165,1.9774,1.54639,3.69231,1.14286,16.2055,1.49573,100.0,100.0,80.0,2.33463,0.0,0.0,0.0,2.75229,0.294985,9.03614,6.15385,2.5,100.0,100.0,11.8056,1.0989,4.97382,88.0,0.0,35.7143,1.82724,3.78788,75.0,2.5641,2.94118,0.0,3.89222,0.0,1.5625,11.4943,95.0,1.14943,0.444444,12.3596,9.0566,2.41546,0.440529,10.2564,46.1538,0.0,31.25,36.3636,13.4454,7.09046,50.0,3.22581,2.65849,100.0,8.09524,30.1724,8.47458,12.5,0.0,3.66492,1.69492,4.10959,5.75916,0.0,4.10959,16.763,0.0,0.0,69.5652,2.04082,3.45912,100.0,0.0,3.06122,0.0,0.0,0.0,9.33852,2.76498,100.0,87.0968,81.1321,100.0,60.0,10.0604,0.0,31.0345,85.7143,1.38889,25.0,71.6667,9.32642,57.6389,1.81818,4.13223,0.0,0.35461,5.30303,95.2381,0.0,3.45395,76.9231,0.0,90.0,11.3924,0.0,5.32995,2.57143,0.0,20.8955,7.69231,100.0,4.18994,5.33981,2.99003,12.0,3.33333,1.3245,2.09618,6.45161,0.0,2.4,2.16216,4.60705,12.766,0.0,60.0,93.2432,0.0,0.0,0.0,9.33333,100.0,100.0,0.0,0.0,14.2857,88.0682,89.5604,100.0,2.09424,10.0694,52.9644,100.0,100.0,93.0435,4.87805,76.9231,5.67376,62.4,69.2308,1.68539,0.0,0.0,94.2308,4.54545,36.8421,4.3956,0.0,2.74725,4.32612,3.51438,0.0,5.0,0.0,100.0,0.0,0.0,1.2016,0.803213,0.0,0.0,15.0,0.0,0.0,0.0,6.15385,100.0,4.65116,0.0,7.69231,10.1695,1.04167,0.0,6.89655,1.26316,8.52391,2.80374,11.2903,7.33945,2.46407,4.94297,12.9296,4.66321,0.0,0.0,7.44681,7.14286,9.91254,3.41463,26.8293,0.0,0.0,0.0,8.0402,0.0,29.6296,7.23861,82.8571,3.8961,0.0,4.0,2.92553,5.66038,0.0,93.2432,0.0,0.0,17.8571,47.3684,71.9626,100.0,0.657895,33.1461,0.0,88.2353,8.10811,1.33333,3.38983,3.07018,2.0,2.52101,0.0,17.0426,0.0,0.0,0.0,2.44648,17.4242,100.0,1.80832,90.9091,29.9213,2.94118,6.61765,1.48448,5.87002,50.0,0.0,2.45232,0.322581,15.2284,5.19481,7.77778,1.08696,5.94059,4.87365,0.0,0.961538,9.0796,0.0,9.42408,0.0,6.81818,0.843882,2.93663,0.0,0.598802,13.8462,0.0,4.57831,3.60577,2.10526,10.1266,4.82456,0.0,16.3551,82.8571,0.0,6.45963,5.13595,100.0,2.8169,0.0,0.0,5.94406,0.0,7.86517,5.9081,1.64271,96.8504,0.0,2.7972,0.0,3.5124,4.28571,3.34448,6.13682,0.0,4.83871,5.41872,1.7316,7.76053,68.1818,80.9524,0.0,13.8889,57.1429,0.0,0.0,5.17241,0.0,91.7526,1.36054,1.17647,8.23529,13.4831,0.0,0.275229,3.29986,0.757576,0.0,95.2381,92.0455,2.46914,3.69069,0.0,0.0,10.4972,22.7941,7.02341,13.7405,100.0,13.8614,0.0,8.55263,0.0,8.46154,5.22388,0.0,0.0,0.0,5.59006,79.4872,5.12821,95.5224,0.0,1.66205,0.0,0.446429,4.97738,0.0,97.5,1.82648,4.72973,81.25,5.04732,3.48837,1.52672,78.4,3.3463,4.51807,2.85714,8.82353,0.0,0.0,0.763359,100.0,9.64187,2.18978,0.461894,96.4286,2.40722,8.57143,2.15356,4.3883,2.41935,19.1617,0.0,0.0,90.8571,3.125,46.5116,0.0
HNGH106,96.6601,6.43863,5.83804,9.42319,95.9877,95.1219,96.6667,10.3687,5.95611,0.580271,78.6364,3.62319,1.13636,2.32558,4.16254,9.48012,4.88842,89.0819,0.920245,9.63855,12.5,5.34091,1.0101,2.93399,35.5263,3.14815,2.71186,2.05224,6.96864,0.643087,14.0548,85.5721,0.0,0.75188,0.0,6.62589,3.14961,1.65289,3.36488,2.6087,5.8651,5.11073,1.70261,99.4737,1.49254,1.51844,1.04167,4.26829,3.40426,0.915751,1.16448,91.6667,13.3333,100.0,23.8095,1.40982,1.58259,2.78884,3.34539,0.771605,4.0,2.12766,0.730554,2.66667,2.00594,0.70922,3.38983,0.0,71.5278,96.8571,77.284,0.0,0.369004,0.0,0.0,0.0,0.862069,15.1899,16.0417,5.93723,81.7568,100.0,5.08475,1.61031,1.22222,88.7946,0.217391,16.9106,2.29202,1.74632,88.764,2.9595,1.36519,1.26582,2.65363,0.689655,4.93827,0.813008,84.8837,1.45792,3.30789,8.29596,5.42169,0.809061,1.23457,1.15607,89.7143,97.7778,17.3913,13.6986,0.0,2.13415,6.55172,3.66886,1.96078,96.789,4.29864,67.5926,11.4407,0.0,1.77936,6.06061,2.5,7.09046,0.255754,1.15681,2.18878,6.26536,1.03986,1.44928,80.315,15.0794,3.09973,96.0976,1.91571,4.09091,6.95652,1.67131,96.6102,4.97427,5.9792,92.8571,97.6247,89.1089,94.9383,100.0,6.08543,91.3333,6.15142,46.4286,4.66926,11.7021,54.0351,3.49345,32.8283,2.04082,9.07534,1.26263,5.45809,5.51839,70.7071,0.0,4.10665,94.8718,2.71619,92.1671,6.08365,17.4419,3.22581,2.8169,3.38028,1.5625,32.8358,73.6842,3.03532,3.74332,0.165563,0.0,0.0,1.27462,3.3195,7.91667,0.0,0.0,3.63636,4.09511,13.5417,0.0,42.8571,92.037,3.8961,0.802139,97.2222,10.5263,95.3069,87.2727,95.6522,0.907029,3.23625,95.1923,91.8216,98.8764,2.01511,14.6538,58.3466,88.4615,96.1111,90.6298,14.2132,80.0,1.17647,96.9438,88.3721,2.58752,100.0,68.4211,89.726,6.94915,5.5794,7.09677,2.58481,7.36579,5.42373,6.51214,4.66165,1.1236,74.1936,100.0,2.01238,54.3478,1.18214,0.431034,6.53153,92.4399,9.41177,1.69252,1.59574,3.23363,2.08062,13.0435,5.52764,1.41844,7.90816,3.70066,0.307692,0.632911,4.42478,1.3373,3.15107,3.68852,9.91453,3.25733,1.77059,0.285714,1.18812,1.07527,3.38983,3.90071,5.19836,1.05448,4.10628,5.16304,4.79705,5.0,1.32159,1.82927,8.50662,11.6105,23.4973,6.22222,0.760456,6.48148,6.8,2.04918,0.236407,1.74825,5.88235,85.9272,29.5699,0.0,80.6452,84.743,95.1613,94.6429,1.66898,5.79345,8.20312,94.4056,3.22581,1.46739,3.18021,5.08326,0.920245,4.4164,1.9665,12.481,2.12766,0.0,97.4359,3.48584,10.1604,96.2644,1.98366,95.8333,12.0558,0.507614,5.34653,2.55942,2.09059,59.4595,100.0,4.09756,1.57807,16.4179,3.15789,10.0592,1.07335,4.93631,3.79747,4.74684,1.03676,4.13625,1.68776,6.16883,0.0,0.769231,2.64706,6.18828,70.0,0.0,3.08244,1.59151,2.07792,2.24525,1.04463,1.94236,4.71513,0.473934,1.83486,74.1379,5.59441,5.99859,3.02267,91.7808,6.87243,0.0,0.668896,1.9685,1.13339,4.81928,4.87329,1.93878,88.172,12.3711,6.53595,3.97237,4.98721,0.761035,0.682594,4.49264,1.0989,7.44417,17.1066,2.24215,5.27211,85.9649,84.4156,3.78788,2.68199,88.3636,92.4242,0.257732,8.28025,4.82759,78.3951,1.32979,6.6474,1.1022,2.11268,1.53061,1.31579,2.84322,2.81924,91.8288,96.7213,97.619,0.60241,8.82709,5.12821,3.93443,6.62651,13.6259,14.5383,7.55396,85.0932,12.8169,2.00893,5.50576,5.10204,7.33453,8.27586,0.0,2.8169,4.80349,2.56709,94.6996,5.74949,69.0722,1.71429,1.4068,2.54403,4.90196,3.5004,5.45746,99.1936,6.78337,1.49701,91.4773,3.33333,1.9037,0.0,88.5714,3.10933,0.429185,13.3333,5.4878,100.0,50.0,3.26855,90.6504,4.70958,3.55556,0.544662,68.5259,1.99833,8.92857,4.36737,5.65891,2.99786,6.0,0.462963,0.0,92.9448,1.47874,36.8794,2.12766
HNGH108,94.3114,4.66321,5.12397,4.85893,89.3258,94.7368,94.8718,23.9057,12.2449,1.23457,83.7338,6.75676,8.43373,6.0241,4.89282,3.53535,3.33651,79.5213,0.178891,23.3333,4.41176,4.7619,2.95858,7.45033,5.58659,5.32915,1.67939,6.71642,5.95745,1.25392,10.6241,75.6881,1.52672,2.63636,1.85185,7.8516,0.877193,0.294985,1.94064,0.481928,2.746,2.3166,0.882724,94.8087,0.0,7.61421,4.88889,3.21285,5.79297,1.18483,0.933333,80.4124,10.8696,100.0,29.4798,0.850592,1.8595,0.858369,2.36686,2.97521,6.61686,5.26316,1.89166,5.92286,1.14025,1.78306,5.02793,1.47059,78.2787,94.8718,67.3828,0.158983,1.23457,1.83486,100.0,0.970874,0.833333,13.3436,6.87646,3.86978,90.6883,91.6667,8.58369,2.79452,1.49083,92.3688,1.88679,13.591,2.98229,1.71211,86.8421,3.54059,0.301205,0.0,6.43777,1.65746,0.393701,1.48601,87.3874,1.22265,1.3986,2.73349,5.82751,1.55979,3.90132,6.55738,89.6861,90.2778,14.2857,37.1795,1.40845,4.50161,11.925,5.03356,3.06554,95.3975,8.31643,69.6581,11.9488,0.0,2.4,0.0,3.73726,5.33049,3.01587,1.47348,1.2487,6.72269,3.34347,1.8018,70.0,4.38356,2.30665,97.3244,0.420168,0.0,2.82486,0.0,88.7097,6.01002,3.58153,83.4356,97.1989,85.7831,95.6085,78.5714,5.85299,87.0588,6.3197,47.6562,1.14286,8.33333,47.807,4.35876,31.1203,6.04113,3.2967,0.551471,5.91966,6.78899,78.0488,1.56028,4.44444,94.6176,1.45191,93.5561,2.68456,8.33333,2.09059,2.34192,2.17391,4.69136,58.6667,81.5789,1.99513,2.98507,1.38889,6.95652,0.543478,2.22222,1.43416,4.22535,1.62602,1.26582,1.00503,5.83581,15.7233,0.0,36.8421,87.218,2.65781,1.1333,88.5621,8.07799,94.7489,91.9118,92.9032,4.90196,7.35931,94.0433,92.4528,98.4709,6.99301,12.7686,45.122,92.8571,86.4,90.2943,14.9068,75.6302,1.55642,96.3415,92.1053,1.49893,87.5,92.3077,90.5303,3.20856,17.9739,7.33114,2.92826,4.8913,3.82514,4.29646,5.16207,5.61798,81.3953,92.2078,1.9883,51.0638,0.859951,3.72915,3.9653,94.1423,8.15217,4.91118,1.13636,2.5268,1.68269,16.3934,5.6701,3.08725,4.22535,4.66133,0.532623,3.31325,7.31707,2.00267,3.98262,4.36681,5.54804,3.65854,3.56963,6.20155,2.46046,1.80505,8.41584,6.24093,3.08824,1.5252,3.54147,3.9653,2.91595,3.6,1.97183,0.549451,1.85185,6.40394,20.339,5.56174,0.431965,4.18251,10.6195,1.65119,0.803213,2.6465,0.601504,90.5263,28.9474,1.81818,82.4074,82.5465,92.2523,91.4773,6.96938,31.0219,10.1695,92.1801,1.0453,1.0565,0.867052,4.94944,0.290276,3.5,3.62473,7.10332,4.34783,18.3673,98.0392,2.67559,0.0,93.0412,1.01083,91.3669,7.64563,1.65631,2.80899,1.20385,2.89673,60.9375,42.8571,6.79739,0.64257,1.86047,3.4375,8.0292,5.68182,3.07775,1.6444,2.29885,1.72811,3.64431,0.623701,8.22785,1.23457,1.78571,0.617284,5.70202,59.6899,2.7833,4.82993,0.854701,3.24763,3.10966,0.382044,5.18602,14.2638,0.52356,3.64277,64.9682,3.47222,4.28427,4.50098,82.7586,5.0155,0.0,0.0,1.41304,1.23839,5.95041,3.18182,7.63285,87.8378,22.619,5.83804,0.178253,4.71281,5.60292,0.531697,2.29102,0.414938,7.28597,8.11012,4.11622,6.71642,60.6557,79.4872,11.5578,2.85714,83.8115,92.2156,2.02703,6.29139,5.11111,80.9352,1.5674,7.40741,2.12766,6.10687,0.796813,3.79041,0.942803,3.76569,91.4583,91.4397,95.1219,2.83401,3.81594,4.16667,3.21637,1.97044,28.5714,13.6792,17.1315,73.4783,7.63473,1.63488,9.72424,3.19635,6.08466,2.9703,0.771605,1.20724,3.0581,0.573066,86.1635,10.6776,84.2308,1.88679,1.37112,2.07006,1.76211,3.07785,1.84645,96.0396,3.16832,4.43491,91.1765,1.66667,3.28612,18.4874,73.4694,2.15054,1.77305,6.90909,6.80851,50.0,92.8571,2.44648,91.3934,7.51708,3.99061,2.35162,93.4694,1.72069,4.21836,1.01074,1.65468,3.83973,6.36364,9.57854,0.0,92.6254,3.37838,34.8148,2.95858
HNGH113,96.3415,5.49683,4.91266,5.79795,93.9457,88.0,98.1132,40.7273,12.2363,0.813008,85.3202,5.97826,2.16718,4.82456,4.82739,4.23573,4.90899,80.9004,4.20513,7.59494,5.81395,5.40717,1.0453,6.20609,9.69163,3.75114,2.08483,2.8135,6.63616,7.92507,11.9691,69.5238,0.862069,1.24896,12.9496,10.1142,10.4803,5.56701,1.69851,2.42915,2.15164,1.76367,4.18516,95.8621,8.75912,6.02151,5.34351,0.362319,4.30855,3.32168,1.96375,87.1914,7.57576,97.1014,36.3184,1.02937,1.97802,1.77706,5.56564,4.68085,7.67102,3.77907,1.04415,3.87524,3.06554,1.32802,3.66667,2.79503,86.1765,95.1123,75.1389,1.44231,0.461894,0.369686,90.0,0.273224,1.36364,7.63098,7.7167,4.49219,87.4429,97.8261,8.16327,0.796813,1.26502,87.902,2.96412,16.5238,3.88457,1.79487,94.3262,4.1052,2.25,0.615385,8.79447,5.74949,1.03093,1.5493,89.8,1.12056,1.17647,7.91629,5.49645,0.305188,2.02931,10.8992,86.9792,91.6667,65.2174,21.1864,5.6338,3.90407,2.74725,5.05618,2.56567,92.246,5.25909,63.2399,8.94569,0.0,0.443459,2.17391,2.42317,2.71647,4.81513,1.90347,4.0,6.89496,0.829016,5.13834,82.4147,5.6677,4.12214,95.315,3.15315,1.53846,14.5078,3.43053,97.9167,7.45549,5.17928,92.3077,95.1835,84.5989,95.3832,91.1765,8.73626,98.7805,16.9522,58.0645,0.225734,11.7647,58.8486,4.99212,37.1579,1.40845,4.71698,1.33111,3.58153,8.09295,73.0375,17.7243,3.84775,93.8462,1.51755,90.1173,3.06122,5.13919,2.31425,3.0,3.51906,10.0952,42.8571,70.5882,2.5379,5.23385,1.76166,5.0,4.72441,1.88679,6.17225,6.88406,2.28311,4.37018,2.90381,6.17733,19.8915,7.14286,54.6667,88.7987,4.05983,2.00846,90.4685,7.49601,97.7901,89.372,92.3077,2.63435,7.62195,94.3246,85.5984,95.8071,2.53807,15.1362,15.8021,91.4286,81.0078,87.3826,12.9834,80.8511,1.58416,92.0591,97.5904,2.16401,85.7143,86.2069,89.5833,4.54545,15.894,9.75452,3.5503,4.4739,5.19783,5.14752,6.35838,1.70455,81.3333,98.8235,6.55319,55.9682,1.57233,2.38791,3.58696,89.4191,7.57282,5.77664,1.55131,2.16685,2.39774,17.8571,5.98958,2.2995,3.24763,5.34387,0.555042,5.28967,4.18605,1.94856,6.00836,3.19149,5.00642,2.89157,3.36973,4.86527,1.65387,5.18934,1.72911,8.46433,3.29787,3.93241,7.05882,6.2069,5.32915,7.36434,4.48878,0.733496,2.94627,2.83843,14.0426,8.59375,4.34783,5.91017,11.5578,3.56647,2.42291,4.38853,0.988142,86.5079,33.6683,1.5444,75.5814,70.5833,89.3829,90.6606,5.22822,28.2636,4.77387,84.2912,3.88158,6.28726,1.2605,5.55,1.23131,6.91995,2.23292,7.26415,1.23457,3.7037,93.5897,1.56041,7.52688,94.4724,4.12201,92.8395,9.5679,0.671141,3.24939,1.75896,3.86152,78.0488,70.5882,3.77622,1.05656,1.99557,2.44698,4.77299,3.28639,3.36606,3.63215,2.60116,2.42347,5.22273,1.49502,4.34243,0.0,1.8018,2.16648,4.22053,74.5902,2.77502,4.60578,3.49418,1.6184,3.43511,1.0978,4.14277,6.66667,3.59356,2.00138,67.7686,1.44928,4.69704,2.03252,89.3805,4.95317,0.0,1.26812,2.61076,0.900532,4.62701,3.81569,1.97021,73.3742,0.0,8.81567,3.50665,3.5482,5.04808,1.36167,6.4257,0.683371,9.57324,8.54527,2.75914,5.30903,88.172,83.1579,8.02676,4.67033,74.8062,91.8605,4.60526,18.6667,6.09555,82.9508,1.58888,7.86517,3.83091,8.02005,0.732064,6.0615,3.27343,2.37467,84.5054,95.9227,97.2892,5.19263,4.71895,0.0,1.75879,2.74859,12.3249,8.95795,11.9977,87.2727,36.6636,1.0917,11.7174,2.55906,4.85933,3.51852,2.18978,0.686106,2.04263,2.54453,87.9859,9.2068,72.1491,4.26357,2.13723,15.3584,3.1401,4.54545,0.633803,91.8803,6.33397,2.25681,83.2168,1.61064,3.47794,6.49926,84.8185,7.40535,1.0101,3.46821,2.8866,77.7778,76.4706,3.62131,92.3483,6.78825,3.83212,2.38257,62.7706,2.55569,15.0485,0.730727,3.62438,2.98851,9.32401,15.4023,19.5122,88.0,3.58796,41.4966,0.409836
HNGH114,92.389,6.33446,9.79484,9.57711,92.8,94.7917,98.6301,31.6667,17.6471,1.47913,86.6038,10.0,1.44928,6.07029,5.57284,6.95067,6.51198,79.5132,0.73193,8.43373,8.4507,5.39419,1.8018,7.02918,21.9298,7.15198,4.21488,3.51317,6.85185,2.21402,13.2833,76.9231,0.0,4.25281,16.3265,12.2659,7.14286,3.42105,1.76166,1.14943,2.43902,5.31997,1.30435,99.1781,5.60748,3.91645,5.73477,1.94986,6.45455,1.9802,2.0316,83.3034,5.97015,100.0,31.5789,1.43939,1.59138,1.24777,3.9281,2.2293,7.62398,2.93255,1.28496,10.1215,2.34708,2.03459,5.44747,1.51515,87.2483,96.0526,75.0369,0.980392,0.968523,1.90114,81.8182,7.69231,1.16959,16.4006,13.5366,4.80296,82.7731,86.9565,4.16667,1.91795,2.62626,86.8769,1.04895,27.6165,2.29202,1.24334,91.4286,3.78727,0.263158,4.97925,2.64741,1.35593,0.262467,3.86643,79.4872,0.981997,1.03359,5.41401,8.15508,1.01449,4.22392,0.647249,89.2116,100.0,38.4615,49.5413,2.10526,4.07166,5.92593,6.04438,2.90965,93.1915,1.03397,56.4103,10.7692,2.03046,0.735294,16.6667,2.56809,2.58964,7.67414,0.916667,4.11862,10.0729,1.00251,0.609756,77.5735,13.4259,3.63942,95.4128,2.79441,0.19084,3.95257,2.62295,92.7273,7.16454,7.35931,79.1667,94.8905,88.1159,95.8406,95.0,7.43272,90.9953,5.32544,52.7778,0.731707,10.9091,58.3333,4.91679,35.3535,1.08161,10.8062,5.22134,5.12666,5.80357,72.3127,6.94143,5.07105,94.6121,2.65211,96.1771,3.57143,10.8434,2.95405,2.24215,3.43348,5.14541,60.5042,85.5263,3.63212,3.3241,3.62069,1.1236,0.0,3.21317,2.31377,5.42636,1.14943,0.560748,3.72493,8.2205,23.6902,0.0,36.7647,87.9875,8.17052,0.98661,95.0649,4.86726,96.0884,96.9325,93.4343,6.59971,5.45852,93.3913,86.4271,96.1832,2.6973,8.79479,27.4838,91.5254,95.7447,90.3386,11.9332,90.8163,0.787402,96.3006,83.2215,1.98807,76.9231,100.0,94.9309,7.2973,5.75758,6.96168,1.20087,7.77656,6.11995,8.73216,10.7345,2.47074,83.3333,97.0874,1.48472,55.3398,0.993831,4.45344,5.16667,87.9845,11.0294,2.74542,2.50965,3.35655,1.7988,19.3548,9.06667,1.40562,5.81162,6.4,0.117647,1.7094,3.0303,2.32288,5.35602,5.18018,7.31293,1.93662,4.10908,7.23473,10.3385,2.93333,5.41667,2.64317,3.69914,4.36105,6.32184,7.02614,0.773694,7.30594,1.47601,0.735294,12.4339,5.30612,31.5271,3.9521,0.446429,1.95312,8.27068,1.76565,4.38596,7.26552,1.25786,88.5376,32.3988,0.0,75.6757,88.4454,91.6968,93.4783,2.53497,57.0037,7.11462,88.5246,2.15873,2.03535,0.859107,7.14286,0.795756,3.61446,2.99625,13.6723,1.28205,4.7619,100.0,2.34522,1.44404,92.2671,0.11274,90.099,15.0038,0.34904,3.73134,2.01884,3.5249,67.3913,86.6667,2.61497,1.1072,2.08768,3.22967,8.62385,1.15321,3.66406,4.81818,4.49102,2.98507,3.65169,0.771605,5.41012,0.0,0.823045,1.4881,5.04125,72.807,2.71132,4.34092,0.837989,2.27519,3.74532,0.59761,4.25844,5.63962,1.52381,2.36869,78.4884,2.22222,3.71661,3.04026,91.2,4.8951,1.73913,0.925926,3.37711,1.52838,8.20433,4.10256,3.1405,82.6648,14.2857,9.22045,2.59259,2.68949,1.99297,1.90409,5.06555,0.401606,10.1754,12.4478,3.29392,8.80218,67.0886,77.7778,0.772201,0.542005,81.6156,91.2,0.255102,14.3885,5.22788,85.2732,1.12994,4.48916,4.7777,7.99087,0.468384,2.64317,2.28245,4.16667,88.3024,95.3405,92.2857,0.166667,3.4626,0.0,3.60551,3.39721,21.1299,16.4154,14.0646,86.8726,22.8718,2.86123,7.59047,9.8434,9.43912,4.40678,0.806452,0.374532,3.83523,1.99693,88.4,10.3757,79.0323,2.3622,2.64901,2.05011,3.77698,3.11005,4.7619,95.0,4.75207,4.06699,95.2727,1.63701,4.24739,7.19875,91.791,3.79132,1.88679,5.62347,4.2735,90.9091,100.0,4.61659,94.1558,9.96169,2.118,1.4531,88.8031,2.41532,13.6719,1.54639,2.746,5.41667,9.62048,0.0,0.0,94.1368,3.18021,43.7158,1.44928
HNGH115,94.9387,6.41221,6.96839,4.78369,96.4072,89.3805,94.1176,32.2775,29.798,1.72285,81.5308,10.6061,13.8614,8.82779,4.53828,6.27503,6.11559,74.6479,3.75335,19.2308,1.38889,6.82183,8.33333,5.39153,13.4884,11.4486,6.14996,8.2922,8.69565,4.52055,21.5952,79.4286,0.0,2.79476,14.4737,13.7672,18.107,21.5781,1.47213,1.25945,3.54478,7.3224,2.78317,97.9339,26.3158,8.6728,7.95455,4.3771,4.75303,3.51906,3.28358,82.0158,12.1951,97.2603,26.57,1.1542,1.48291,0.772798,6.4578,3.01932,7.23982,3.93325,1.06312,7.74443,3.45912,2.13755,9.80392,2.03602,79.7909,93.9627,86.4604,1.09409,0.0,2.00893,87.5,1.23967,0.251889,12.3519,14.2433,7.60437,85.0,84.9057,13.2184,2.61109,2.68398,90.6426,14.0065,22.5047,6.62824,1.9375,94.6108,4.0305,0.755668,0.0,17.9856,2.6253,0.793651,4.20475,84.8416,1.16592,1.33333,13.6986,10.0719,1.18064,3.92157,12.9032,92.6267,96.6292,10.7143,34.8214,4.43038,5.54939,4.86486,4.2648,3.48475,97.482,12.2653,57.6547,13.9241,4.13793,1.6129,10.3723,2.58844,2.47253,7.98669,1.3346,7.67263,8.84462,5.65693,0.423729,73.4177,4.36397,3.70138,95.3654,1.39535,0.655738,5.97015,3.6,95.8904,8.32838,7.68608,87.8981,91.2017,90.3553,95.5581,91.1765,6.66667,89.7059,19.3124,56.25,1.98511,18.6235,67.4208,10.5156,42.5957,9.01909,5.07519,3.71991,6.84444,16.4363,80.1917,14.8368,4.04201,94.4915,3.09777,94.2766,7.08661,4.71698,4.16079,3.59066,4.48065,16.4223,45.3846,77.7778,2.13496,5.29501,5.10345,1.30719,3.48101,3.04569,18.4602,23.6994,10.3943,2.39596,5.55556,6.74567,23.2715,5.55556,47.561,92.7245,6.25,1.72702,91.0017,8.11966,98.7342,80.6818,82.197,6.66667,4.88889,92.8354,87.9668,97.032,5.94185,11.2607,40.9541,87.3239,92.1397,88.2434,11.4362,86.4516,1.98388,84.9166,85.9649,3.59447,86.6667,88.8889,91.1111,4.7619,24.8899,9.71251,2.57186,3.78863,6.91685,5.09777,6.64697,4.53686,84.9315,98.1818,14.3173,68.1275,3.26017,1.68937,4.73773,87.7285,10.7438,3.96761,0.43573,4.24895,2.88675,45.3125,6.86275,5.04634,3.47349,5.93287,2.08333,1.15533,6.98529,3.55987,6.75958,2.49221,6.78571,2.86807,4.50729,3.6061,5.42056,7.47922,3.56083,6.38298,4.79774,3.7892,5.76419,5.00642,13.0137,3.32103,1.25628,3.0303,12.7139,7.18336,32.9356,7.45402,7.35931,16.2011,15.9021,3.11751,3.58255,2.7408,2.99145,86.0412,32.7206,3.80952,57.1429,85.5888,91.727,91.9753,3.485,55.8659,9.33333,76.392,5.53337,17.1792,1.68303,4.71995,3.31695,11.4754,3.18627,12.2741,8.66142,5.0,95.8333,5.09122,11.3636,90.4232,10.124,96.6667,10.2362,2.04082,3.66492,2.18833,4.29072,53.5211,72.7273,2.97275,2.07557,5.09642,4.76879,9.56175,1.27971,5.9415,3.87737,2.23642,3.79965,5.20325,1.79775,5.89354,14.4231,2.06718,4.8893,6.98061,67.2269,3.14342,5.83658,1.99336,1.57629,6.01504,0.641483,6.42693,9.48905,5.75758,2.74295,66.7721,4.57746,4.1275,1.61399,83.8889,7.2601,5.5814,0.84507,2.1987,2.38889,7.24852,5.13573,6.16147,83.9552,0.0,10.3825,1.55039,5.44313,21.6374,2.76587,5.63565,4.33437,11.3429,10.723,4.629,8.02834,93.9759,81.7844,17.6471,14.0805,76.7148,92.3567,5.84958,23.9336,7.75316,85.6061,0.740741,6.09929,5.96394,5.81395,1.2285,8.22764,3.35526,4.05117,82.744,95.3441,97.5477,4.35644,2.61337,2.22222,2.23048,6.22837,17.0306,9.97783,10.4053,80.1325,22.6648,2.96167,7.29847,5.98086,5.46584,4.3257,1.14504,0.0,1.78306,1.22873,86.4964,12.5376,80.4511,18.93,3.60559,22.2054,5.35456,4.10655,2.30024,89.5705,5.80808,4.71698,88.0682,3.3046,4.87923,16.9746,85.0467,13.5054,2.13592,7.53205,3.05556,80.0,87.5,4.05797,94.5455,10.4116,5.06073,3.23383,71.9128,2.20251,11.3014,3.08739,4.36808,4.22323,13.1241,15.0685,24.3243,89.3258,4.78723,42.7136,2.78481
HNGK002,94.7487,11.2098,4.2928,9.63173,92.2474,95.8763,97.1429,22.6926,17.9671,1.66778,79.2117,3.15315,0.0,6.38436,7.31881,4.36214,5.83305,84.3426,3.38983,10.0,9.7561,5.56492,3.5,6.10447,13.3333,11.8103,3.68617,2.43902,8.25902,0.983607,14.4767,79.9591,0.485437,2.5,17.1103,12.5343,20.4638,6.64894,4.78668,6.94444,3.92857,8.09642,2.03969,98.6928,0.896057,4.84758,26.5896,4.48239,5.9989,3.07564,1.25654,85.6755,12.5,95.9821,23.1511,2.24347,1.5864,2.54111,5.17339,3.64512,7.72344,7.26216,1.35834,5.27554,3.76254,2.29376,1.78571,1.766,84.7512,89.3432,77.9412,0.0,0.333333,1.25174,93.75,0.454545,1.0453,10.9175,5.00578,5.72359,94.5578,95.0,21.5663,3.00061,2.15467,91.7442,6.68675,29.2986,2.41692,1.45292,97.549,4.5844,0.607287,0.0,6.20646,3.125,0.227273,5.28949,86.8354,1.59731,4.34783,5.209,7.17822,2.54301,3.95265,6.6561,89.8657,92.3077,28.2609,40.0978,3.125,2.42494,4.48251,4.05817,3.70499,94.4649,9.10265,70.0337,16.6154,0.0,2.38095,14.4578,2.0683,3.66446,5.22928,1.31648,4.35852,10.4293,2.457,2.40741,83.5871,5.3316,5.6211,97.1599,3.3189,0.307062,7.14286,2.6383,96.5686,8.25821,6.16438,87.7193,94.5678,91.5503,96.8504,87.6923,6.92067,93.9791,12.3923,69.8492,0.741656,17.6309,62.2433,8.5,42.0182,6.27279,7.44153,2.82862,3.48837,16.7994,74.5545,5.43272,5.66903,93.9294,1.62602,92.1555,7.393,9.14037,3.22409,3.37621,6.18297,7.44986,63.2836,93.0769,3.39126,5.90349,2.1978,1.62602,1.03245,3.28379,2.99162,8.21078,5.20059,2.38885,6.61479,7.35816,27.376,4.16667,39.0476,93.4383,8.26291,1.44989,92.9919,18.2609,94.5429,86.5009,93.0362,4.80538,12.9771,92.3473,88.6114,96.5226,3.2,17.834,12.8582,88.6957,91.0277,91.1884,20.3704,81.978,2.33586,87.7062,91.3636,1.88457,90.9091,86.6667,90.4636,6.10128,13.9252,7.72994,2.62361,3.35289,6.11082,7.4301,6.40274,4.14716,79.5918,93.9759,5.17241,60.3976,2.09822,2.91944,8.08937,93.8757,14.4068,2.7027,3.50877,4.24658,2.22379,26.2136,6.39159,2.51383,4.4107,5.90077,0.336984,2.42942,5.5,2.11093,6.37895,4.90421,8.58565,4.46872,5.8584,2.41287,1.53291,3.80849,7.0529,6.25567,4.81513,3.53461,5.37555,3.85396,5.76132,9.02256,1.23675,0.711744,10.8051,2.73271,25.4587,7.97473,8.15534,8.07382,12.8,2.19754,1.88172,3.00081,2.69231,92.627,30.8996,0.83682,77.9635,89.2233,93.6759,95.2756,2.73904,49.5402,12.0053,85.0669,3.58366,2.02721,0.758725,5.15793,2.30155,7.31949,2.58503,13.8242,5.88235,3.84615,97.8633,3.40651,3.6,89.8931,5.48523,97.0213,14.2637,0.642673,4.83124,2.91233,3.38418,72.3404,78.3505,3.79413,2.02429,5.49313,6.51885,10.0352,3.8674,3.20529,4.96454,2.57442,5.17304,7.39979,1.4158,6.5625,3.96601,0.954654,1.43481,4.97765,83.7782,4.01786,4.40986,2.18069,1.03155,5.53158,1.45548,4.32406,9.47051,1.81219,2.17092,77.1838,2.66667,4.33105,4.12328,85.4037,7.32304,0.0,1.99667,2.45818,1.94899,6.1828,6.50538,5.51027,84.1509,9.16335,10.2734,1.56087,3.48379,3.78499,3.3687,8.52619,1.82371,9.96785,12.3374,3.32124,5.95768,80.4416,84.4538,7.2,6.61994,85.6643,93.6902,2.38095,8.40497,4.29159,84.0949,0.843558,6.00145,7.97178,6.71774,0.921053,5.59322,3.01429,3.29508,86.3636,95.7463,96.2892,5.64516,3.42612,1.2,3.46793,3.04183,31.6364,17.6056,13.1699,87.4842,28.0552,2.46502,11.9446,5.20833,5.82804,3.69541,0.704225,1.34529,2.61714,1.98822,88.5397,10.5678,85.1814,0.858369,3.78117,5.64436,5.75816,5.32506,2.51029,88.8211,4.15815,2.18182,88.2934,1.61588,6.54651,7.6679,87.6667,3.48339,2.99685,6.36943,3.14286,43.75,88.0,5.07472,93.6692,9.37082,1.55356,1.87793,57.5789,3.09512,10.9865,1.52735,2.75037,3.92968,13.3176,12.9469,3.8835,91.2485,4.22604,38.9351,2.24796
HNGK003,94.401,12.8898,5.80589,14.7718,93.0728,92.0,100.0,29.7909,16.875,0.497018,86.3216,3.58744,5.76923,6.61157,6.94205,1.79211,3.94626,78.6822,1.35952,0.0,6.94444,6.10973,1.23203,7.24382,23.9669,5.56745,1.93611,0.64695,10.6286,0.0,14.206,64.9606,2.14286,1.09489,10.6667,10.7586,6.23441,1.65975,12.2727,0.0,2.5974,4.81928,2.53846,95.7295,6.18557,1.5873,6.25,1.0989,7.91738,2.26969,3.25318,80.4045,16.1538,93.7888,27.0718,1.20413,0.992439,0.685602,4.93197,4.3222,7.82762,0.744879,1.76341,4.39783,3.89805,0.783605,0.990099,1.4944,87.5,94.824,70.3633,0.288184,1.62242,0.843882,90.0,2.10526,0.0,14.3951,13.9796,4.27807,88.498,90.0,11.2727,2.094,2.45515,88.0915,1.21951,20.1325,3.04976,1.65587,92.0354,4.5614,0.0,4.54545,5.70687,0.635324,0.0,3.32356,85.5615,0.753138,3.60825,4.43864,4.11622,0.37594,4.50116,1.90024,94.1176,93.0556,30.0,45.2174,0.0,2.45262,3.50485,5.56701,6.00639,93.0851,1.23692,66.092,14.1401,2.43902,5.82524,0.0,2.19342,4.4898,2.04545,1.10442,5.73566,11.3844,2.1978,0.483092,75.5906,3.38462,8.05085,94.751,4.66926,0.383877,2.76074,2.94511,91.7241,6.33047,9.25076,88.3978,97.9029,81.2698,96.4972,77.7778,6.30594,93.7685,12.4026,53.0435,0.487805,8.33333,38.9034,7.10383,35.0437,2.83333,6.46831,3.32569,4.81073,11.8372,71.6636,7.26447,4.90551,91.7178,3.66096,92.7769,6.52174,9.39394,3.76923,2.75229,4.70588,0.47619,59.5745,91.6667,5.12618,2.87474,1.79283,0.564972,5.57621,1.92188,2.51572,5.32544,0.286533,1.64319,3.91061,10.118,20.4604,0.0,33.5714,86.4162,0.702576,1.48699,93.6198,9.92366,86.8146,93.8144,98.0,6.86427,6.25,92.4258,86.1171,93.4811,7.03884,10.1167,36.7841,96.1538,93.0091,90.5741,18.8192,78.983,1.33432,94.1414,90.0,2.05479,91.1765,88.3117,94.0171,3.77074,11.3086,7.71462,1.42993,4.45609,9.61945,5.49777,7.50361,10.3257,77.8947,97.2477,0.952381,46.1326,1.64319,3.88937,2.82353,94.6612,16.6667,2.55354,5.10638,3.13936,0.35503,2.91262,6.01375,1.60966,10.0,6.60939,1.28205,1.26582,4.04255,0.309598,5.10823,2.41758,7.99585,6.44567,3.30661,3.85542,2.17391,2.01465,7.47423,7.21393,4.19753,5.2901,5.83396,3.92749,0.896057,2.69058,3.1746,0.0,16.1765,2.13371,18.0791,7.88415,0.0,14.7239,9.51705,1.32159,2.83019,1.93949,0.627803,89.9886,30.75,0.0,68.0851,83.0741,90.6164,95.4936,0.740741,26.4259,17.0799,82.3224,6.1996,0.934066,0.550964,6.06673,1.77778,2.92758,2.98443,12.9247,0.623053,0.0,90.6977,2.4905,4.78088,86.965,0.959233,96.6667,7.72889,1.28755,3.10881,2.07748,4.63918,66.8831,93.9394,5.0,0.648415,4.28016,5.80952,7.89755,0.963391,3.29457,3.71204,3.38346,2.63852,1.5625,0.238663,7.98122,7.69231,0.503356,4.37601,6.82566,62.6866,1.05708,4.24791,0.647668,1.73745,4.23729,0.648415,6.97115,5.16717,0.169779,1.46036,69.3627,0.0,5.99415,2.42792,92.5566,8.04871,1.80723,0.784314,2.08955,0.534998,6.45774,3.20088,2.89975,86.1111,3.77358,7.51055,5.60579,3.45224,3.74294,1.38169,7.59275,2.3569,11.7881,15.5983,3.75,5.57308,70.0,74.9616,1.97531,2.67857,89.9873,90.3346,5.10708,11.1905,2.67738,85.3786,2.62172,0.891266,3.58306,8.08081,0.678426,8.16777,2.34542,2.24981,87.2229,88.0819,93.0605,9.39597,7.00976,8.51064,3.15969,5.78818,17.7083,4.90196,17.5155,86.119,10.084,1.78571,14.7368,6.66667,12.071,4.96454,0.840336,0.0,2.44898,2.94118,88.8728,9.79667,70.6306,4.0293,1.74002,1.52039,2.03046,5.69343,2.84483,96.2547,4.51264,3.41969,91.1043,4.01259,4.24403,1.01758,87.963,2.58467,2.73349,11.4815,0.0,71.4286,100.0,2.54997,94.5455,10.1406,3.5225,0.837989,54.3243,1.15433,6.29139,1.8847,2.01845,3.68488,10.8333,7.74487,3.63636,90.5797,5.88235,29.6651,0.996678
HNGK004,95.4515,9.6882,6.98455,13.9175,96.5714,94.7761,95.082,36.0981,19.8098,0.916031,90.1653,6.0274,2.5,8.52187,5.02092,4.92891,6.94381,83.7963,1.96429,21.5054,2.29008,7.78555,5.51075,10.3125,11.7431,8.29016,4.27987,4.14166,6.75032,3.86364,21.7129,62.963,3.92157,2.80464,16.1491,12.4052,16.0,16.7677,2.77778,3.40909,8.3004,8.19981,1.28205,95.9016,14.0713,3.68715,6.07735,2.7957,6.21359,5.30099,3.61809,82.0334,11.3402,97.3282,22.8178,1.55583,1.84366,3.22959,7.38786,9.47666,6.38298,5.4115,1.62883,6.9058,3.30487,2.78322,2.85714,1.29164,81.6062,92.4186,75.1724,0.769231,0.359712,0.777202,66.6667,1.6,0.431034,11.0272,11.7038,5.23273,84.0745,96.3855,14.1935,1.71177,2.96677,93.9006,8.92963,26.3627,5.85267,1.58381,89.8901,2.74232,0.692042,0.0,13.4558,1.87793,0.974026,3.20069,85.7143,1.55417,3.92157,4.77728,9.45946,2.34742,1.31262,11.8267,89.057,95.0758,59.0164,38.0846,2.40385,5.5794,3.77843,4.1845,3.60968,95.5844,16.803,71.2366,14.8452,0.835655,0.853659,14.6497,3.20366,3.3938,8.69018,1.13485,5.7629,10.6167,3.14465,0.719424,83.1921,3.83258,5.33419,95.7938,3.28358,0.4662,4.6042,2.0979,93.1034,9.0555,11.2008,90.7455,95.9474,91.128,97.0947,92.3077,7.43243,92.7711,15.8449,73.2955,1.3245,8.96359,62.2074,9.36687,42.7923,15.8129,8.35681,3.97974,3.91621,11.4876,77.2672,6.9103,4.83103,91.6991,2.11433,95.8161,3.41556,6.41221,2.55122,3.71681,5.32838,8.08709,60.9065,88.189,4.02669,4.41899,0.974659,2.12014,3.65854,4.15842,9.3881,17.1875,6.32754,0.428571,1.70213,14.6584,25.4494,7.54717,52.2613,91.3144,10.163,1.32774,89.8901,6.23917,94.5277,89.5874,85.8396,6.11799,13.0243,92.1569,82.5719,96.6712,2.99625,16.6223,58.3914,89.759,91.874,92.5238,19.3299,84.1727,1.14329,92.6595,92.5134,5.06757,93.2203,86.9919,92.4577,2.91667,22.707,10.6383,3.38555,4.93019,6.19946,8.11856,6.88384,2.36967,80.0,97.3214,10.2964,69.382,2.12801,3.45149,5.5814,91.6129,17.1898,2.32829,1.45103,3.31288,1.1072,31.0345,7.61478,4.00543,3.37972,7.46725,1.22744,1.5674,5.24297,2.28311,7.86608,2.88568,6.68973,4.1958,5.14963,4.52343,2.12202,2.06186,7.30994,12.0724,4.57064,2.8804,6.32722,4.09175,19.9545,6.79095,1.04712,6.72783,18.1818,5.33563,18.5185,10.8831,12.0521,11.9741,11.2026,2.07297,3.78788,4.99398,2.51296,92.2484,30.8021,0.938967,73.1783,88.0584,92.1978,94.4444,4.35876,55.3533,15.074,88.0074,5.14152,6.57752,2.55319,6.03499,2.63158,4.21687,3.43727,10.6622,1.23457,3.14465,97.931,2.80083,5.81761,94.4961,4.44444,91.1111,12.8793,0.27972,4.2461,1.34551,4.25978,62.5378,83.3333,4.41341,1.20788,4.48384,5.94406,10.5977,4.561,3.66972,3.89333,2.28758,3.98671,5.96491,1.31148,7.68567,4.91071,1.65289,3.90102,8.11716,75.3165,1.79806,7.21267,0.423729,1.08225,5.71429,1.44605,5.58943,6.09903,3.24385,2.1978,70.4682,2.11382,2.62475,3.38983,87.3391,6.56771,11.7647,0.851064,2.59451,1.8302,6.9371,4.82218,2.59395,85.6178,5.33981,11.5851,5.44747,3.88571,11.1742,1.02002,5.13752,1.56403,11.0629,13.0627,6.22517,8.31947,74.5257,84.9292,9.52381,7.31901,79.4099,95.1183,8.07175,17.7398,3.93487,84.7555,2.85205,6.98132,1.96918,7.38774,0.46729,5.0885,1.73375,3.87707,89.0304,94.0411,96.1458,0.0,5.5269,5.37634,4.69938,2.96696,19.9262,8.10811,17.2966,82.1256,19.8179,1.5949,12.8307,4.44115,8.00933,5.20362,0.988468,0.273973,5.32481,2.89655,85.0701,12.866,69.4604,7.87234,2.89049,7.18563,3.25,4.60405,3.7586,86.1252,3.81041,3.88601,83.5556,3.91283,3.69672,10.8333,91.1392,9.69014,1.1254,6.50888,5.33333,66.6667,100.0,3.98702,93.4288,11.7351,4.06091,1.77839,91.5123,1.98004,10.7843,2.11187,5.14988,4.06863,11.9963,8.96359,6.59341,90.3151,4.96509,45.7516,2.74112
HNGK005,94.3431,8.26833,5.53097,11.21,93.4351,92.7757,96.1538,12.4795,33.2714,0.737327,83.4123,4.34783,0.0,9.12052,5.79869,3.42052,6.43642,86.6966,10.5708,12.6582,0.0,4.53497,7.5067,7.41627,13.9535,7.8727,2.33494,1.80995,10.2564,18.1818,21.3847,77.4603,1.17647,6.23974,29.5775,22.1649,22.449,35.7143,1.88679,0.0,4.49438,8.36576,1.4652,95.8848,18.9873,2.63975,10.5263,1.11857,3.36239,0.692841,1.57303,82.1856,12.6582,95.7143,28.9157,2.7248,2.73438,5.7971,6.94228,2.43902,9.29919,5.64516,1.21212,12.0444,6.02353,3.47032,0.0,0.716846,86.7188,91.3333,84.7162,0.0,1.83824,0.0,87.5,0.0,0.558659,13.2174,17.4279,4.36118,81.3559,94.5946,21.2264,1.65204,3.33753,89.1525,8.25545,23.8041,1.80723,5.89336,92.1466,3.15917,0.0,0.0,12.8174,5.6962,1.6129,5.28926,91.8182,1.89175,0.529101,3.93836,9.63303,2.26244,1.52314,22.3776,92.1875,93.2584,10.5263,13.1783,0.0,3.05755,3.69811,2.83316,4.15122,94.2982,4.66045,65.3595,14.8912,0.0,2.07039,100.0,2.03593,4.57934,1.20482,4.93827,8.02037,7.96915,5.12821,3.1746,85.6707,11.0153,5.0813,96.9789,5.43478,1.35823,8.53659,4.80769,88.5057,11.2824,8.73016,89.172,80.6848,93.6983,96.4927,88.8889,10.0977,89.8876,18.6136,82.0144,0.0,13.7931,69.3662,4.04722,37.8449,2.91667,12.8159,1.51007,1.77398,29.3878,72.0588,6.79487,4.30493,87.6768,2.42718,92.8453,0.0,9.21502,2.42024,0.526316,9.42813,27.3171,66.3265,84.6154,4.46081,4.34193,0.645161,5.73248,1.09091,4.36418,19.8157,29.25,6.18557,6.85185,2.25564,9.44351,31.2115,16.129,33.3333,90.1205,4.01691,1.32743,88.79,11.399,96.0219,80.2419,94.6078,6.06618,1.68067,94.1353,82.5792,95.6589,3.32103,32.0482,91.6923,89.8305,90.2098,91.8216,18.6207,79.7546,1.21622,91.4115,84.058,3.33333,85.7143,90.6977,87.037,2.4024,16.7464,11.1554,2.31621,5.90674,8.08344,10.1019,6.41361,5.65046,73.8095,95.0276,10.7417,70.2479,2.06032,3.65199,10.6936,89.9065,7.81759,4.69231,4.49438,1.47225,3.89344,0.0,5.15873,3.48189,3.39463,9.42761,1.07527,9.23379,2.76243,0.701262,8.87949,5.05494,6.33609,7.30594,3.98918,2.98165,3.5316,0.552486,4.91453,12.3333,1.99203,4.51436,2.64817,2.92683,18.7134,5.42373,2.53807,5.55556,21.9178,3.94511,12.6214,7.64572,22.2222,14.0845,13.3205,5.28026,3.97351,2.83019,0.237812,90.5213,38.0435,0.0,79.697,88.0366,94.9314,91.3043,16.2835,47.0721,8.51064,83.376,6.31068,34.7131,0.319489,5.47009,4.48207,7.86885,2.80374,10.2767,4.31655,5.45455,99.0196,3.05652,21.0332,88.7427,16.6667,89.4737,13.0346,0.234742,8.34621,2.95469,3.69393,59.3023,90.3226,5.52659,3.08285,0.0,4.61216,6.83157,7.91667,2.93542,3.47705,2.8169,2.3622,13.0208,2.15517,5.20231,24.6154,0.968188,1.18644,11.4533,81.8548,2.86885,3.59043,0.656455,1.03627,5.15933,2.45262,4.56973,9.55166,0.0,1.63399,71.7993,3.24675,4.04135,7.71972,81.5,5.49133,4.3956,0.0,1.2973,3.21806,6.7908,5.94595,4.12288,84.2105,0.0,9.63426,1.68539,3.80952,12.766,1.64496,14.1927,2.35546,5.44629,13.4876,2.90123,6.2,68.2353,78.9474,5.45977,3.82409,77.095,90.9524,12.218,22.2513,5.01223,93.6255,2.94985,6.0,5.45295,6.58385,0.911458,8.6072,3.64964,2.91667,77.1987,93.6214,95.1777,0.0,7.16783,8.87574,2.21367,2.3416,28.91,8.79121,9.03955,82.0598,21.6389,9.86842,11.6525,8.59951,7.78626,5.06757,0.0,0.0,2.50752,0.0,76.6764,18.4416,90.785,10.3226,2.43056,11.2,8.33333,2.68456,3.66848,85.0,4.13793,2.6971,86.3636,3.68715,4.84429,4.99244,89.3333,24.8792,0.0,7.94702,7.14286,20.0,95.4545,4.31034,94.5324,10.0128,4.58716,0.0,73.1292,3.05011,16.2571,2.87356,2.20884,3.9726,6.3228,16.1125,16.2791,91.4425,4.58136,32.381,1.09091
HNGK006,94.2895,14.0086,2.78232,7.46367,94.2424,92.9134,96.7742,21.0634,26.9311,0.42796,73.2057,12.1795,0.0,6.06742,6.90891,2.31729,8.67238,86.3189,4.48065,4.7619,1.49254,8.62275,8.20895,4.30528,12.8889,2.42656,6.08,2.48848,4.93963,0.995025,13.9182,73.2456,9.67742,7.45891,6.0,33.2553,6.89655,11.3537,5.8997,4.7619,3.6036,6.96203,1.21654,97.0149,0.900901,5.10204,10.0,4.77327,7.52137,4.73934,0.242718,80.1743,6.52174,92.7835,41.0853,2.6567,2.80682,0.839454,5.73427,2.55682,9.50447,6.21302,2.65174,3.84272,3.04071,2.16285,20.8333,2.14753,84.5426,96.1492,83.7012,0.0,2.5641,1.3245,60.0,0.0,0.0,16.9355,20.028,4.9574,74.9004,95.8333,8.14815,2.26433,2.75928,91.0338,1.76211,36.3372,10.1124,1.35135,94.7712,3.52221,0.0,9.67742,3.85109,1.84426,0.0,0.796813,93.4579,1.87609,0.636943,4.75561,14.6104,4.01662,3.75063,8.10811,87.1711,99.0291,23.0769,23.3533,0.0,2.53165,5.30531,7.70128,4.76529,93.7337,2.89687,58.8235,14.5598,0.0,1.81818,0.0,2.25179,8.02326,7.83784,9.28726,2.91723,10.0075,0.0,3.21285,77.5862,4.12903,13.0877,95.3905,4.0,2.41935,4.0,7.21868,97.3684,10.2686,11.919,96.732,98.3914,92.2727,95.7373,88.8889,3.12343,97.7358,10.0629,61.7225,0.0,15.3226,57.4468,14.303,47.0985,8.33333,4.89297,1.28505,5.82227,24.3243,82.3219,0.961538,6.72574,94.6136,1.95122,94.3601,4.53461,7.85498,3.05927,1.50376,5.53571,1.2766,63.5294,90.0,2.40254,6.88666,1.41956,0.0,2.65957,1.25,15.1471,7.34463,6.71937,1.60256,6.25,9.45017,32.9457,0.0,50.0,94.4262,5.59441,1.20968,95.9114,21.1111,95.8188,86.194,96.6667,6.17155,9.65909,89.3112,90.0,93.1677,4.22164,14.6853,87.74,93.5484,93.125,93.3241,25.1142,83.75,2.9347,90.3487,79.3651,3.30579,73.3333,93.4783,92.1502,3.66492,12.5592,8.25147,5.75428,8.2,1.79856,5.24523,2.91153,1.5873,85.2273,94.1748,5.42373,69.5122,2.05986,5.75153,9.85577,90.4867,6.17761,4.80094,1.40845,5.10638,1.92102,18.1818,2.05761,1.27737,2.17865,8.76095,0.466563,0.191939,7.71429,0.0,3.52324,3.85542,5.39326,2.36967,5.34096,2.04082,0.811359,2.38095,6.73684,8.19277,2.12766,9.55585,10.1734,3.48653,9.52381,8.7156,0.0,2.8169,8.88889,9.70874,42.0063,6.72547,13.6986,5.35373,5.44355,4.69157,1.19332,5.37535,12.4498,89.5619,40.3315,3.05344,77.7372,82.5088,88.1818,93.9474,5.36013,70.7885,9.93377,83.4467,8.23204,14.0054,0.684932,5.84416,1.76565,2.64026,3.16719,16.4119,0.0,0.0,89.4737,2.54103,2.30263,91.866,1.22449,88.6792,16.4474,0.479616,2.94985,2.45947,4.23387,62.9032,63.8889,5.46407,1.69161,3.0303,5.59701,7.18232,2.57511,2.50955,2.58765,1.57895,3.80334,7.86802,1.60256,4.87239,6.08696,0.0,1.8746,6.78063,45.1613,3.7464,11.2528,0.683371,0.338983,3.72041,0.922509,5.40541,6.62252,0.506757,2.05198,72.3529,1.11524,7.36936,4.55794,92.9577,7.73847,0.0,9.76864,5.58899,1.01843,7.52158,6.99507,2.25694,77.4903,12.5,15.2466,2.23214,4.32208,6.29139,3.14637,5.90842,1.51188,7.44298,11.6077,4.44592,7.5067,63.125,69.5652,0.355872,10.7595,81.965,94.1964,1.75439,5.05952,2.75974,86.9792,5.62061,1.5625,2.97834,7.91618,1.25448,4.67391,1.59664,2.11506,88.5167,94.7047,96.9819,0.0,5.02035,2.83688,3.67483,5.44444,21.0526,16.129,13.6752,84.0625,8.28652,3.11203,7.27273,5.66038,4.45469,5.10204,0.0,0.0,4.44994,4.55696,83.4405,15.8929,83.1169,6.66667,1.55556,4.88656,0.0,7.12401,2.65907,96.0,2.66667,3.55839,90.5325,2.12592,0.942285,5.07937,94.8276,6.04583,3.86598,4.92611,0.0,80.0,88.8889,3.78188,92.7247,9.90874,1.03093,1.84615,81.7006,2.50223,10.772,3.0837,3.70592,5.84145,14.1066,2.28311,0.0,87.5803,15.0303,48.3871,2.19224
HNGK007,95.0935,9.7561,3.23847,4.71698,83.1025,93.662,100.0,20.5357,9.38272,1.39373,75.5043,0.0,0.0,4.57143,3.49908,2.38095,5.10367,86.1345,1.00334,0.0,10.5263,7.85071,7.28745,3.11284,25.9615,5.88235,1.07296,4.91551,10.0282,6.08696,21.2025,64.9402,2.85714,0.0,17.6471,11.6418,11.6279,8.71795,0.0,2.5974,7.45098,5.26316,1.04167,97.9675,2.6738,1.54242,12.1951,3.33333,5.78512,1.28205,0.0,78.2178,3.84615,98.0769,41.5541,5.49575,2.34875,1.22324,3.38235,0.651466,6.46258,6.86567,1.91441,4.875,2.69939,1.34615,0.0,0.607903,86.3208,91.6667,81.2665,0.0,0.0,0.847458,62.5,3.66972,0.0,7.02247,1.5,2.7451,83.5616,75.0,14.5349,0.705467,0.925926,88.2076,5.6338,20.4403,0.549451,0.732218,89.2857,2.0362,0.0,0.0,7.15631,0.222222,0.0,0.172414,82.7586,1.80995,2.04082,5.53977,20.7071,2.59067,1.74039,2.64317,93.6975,94.7368,45.8333,40.3846,0.0,5.43478,2.9877,6.15034,2.09205,92.891,0.793651,61.165,12.2727,0.0,1.5748,0.578035,0.310559,2.43507,7.62712,0.0,0.848656,10.7639,2.36686,0.0,75.7225,7.06179,2.09644,93.9516,5.21739,0.0,2.81124,2.6455,98.5916,9.66628,4.12698,84.9711,86.1972,87.6091,95.25,84.6154,5.2766,89.6947,6.51685,62.6374,2.17391,9.09091,67.8201,5.6338,37.6106,2.10084,1.5873,1.8315,7.58294,6.7086,67.9389,2.55864,3.94477,94.717,1.26326,96.2457,2.9304,6.95971,2.19491,10.4167,2.44275,2.22222,38.9474,85.7143,2.67459,2.00893,2.95359,1.28205,0.0,1.5919,0.635593,5.88235,9.23695,4.36681,0.0,3.1941,39.1566,0.0,53.4091,91.5408,4.60829,0.0,95.6693,8.11808,94.1176,95.2381,94.1667,6.56814,15.1316,91.6914,88.8889,95.2688,3.78788,30.9446,54.6326,83.3333,100.0,93.9024,19.8312,89.4231,8.07175,95.1579,88.1579,0.449438,100.0,97.561,88.0208,11.5385,8.37438,10.1874,3.37553,6.3172,2.0595,2.90503,5.96026,2.27273,76.3158,93.6709,0.0,79.1878,0.573723,5.16014,6.70732,94.3894,7.89474,1.51515,0.689655,4.18251,1.06888,71.4286,3.84615,2.47934,4.68227,2.4735,0.0,7.33945,2.0979,0.829187,2.78373,0.0,5.82329,3.40909,4.70723,4.44444,1.02041,11.8774,26.5896,6.14525,1.27119,0.0,6.83594,1.61663,3.92157,2.08333,1.51515,0.0,7.65766,4.44965,50.5263,6.98027,1.47059,0.0,11.5242,6.72389,33.3333,1.72786,6.67421,84.9003,28.2353,0.0,87.3418,82.9365,92.7711,89.5,4.91803,55.787,7.22892,90.8497,2.49458,3.77937,6.69856,2.21286,1.99387,3.41297,1.88034,8.64281,0.0,5.55556,94.5205,2.16306,1.84049,85.3053,1.17302,91.6667,7.28972,0.694444,3.83481,1.59574,2.56,47.6923,88.2353,1.91327,2.33333,0.0,5.29801,11.4407,0.0,0.923361,2.90698,0.986842,1.2939,5.32787,0.0,4.375,9.61539,0.0,0.634921,4.94572,66.6667,2.84091,4.19512,0.2457,2.17391,10.8992,3.89222,2.05339,8.83978,2.66667,1.68539,73.6842,0.980392,5.30847,2.7512,97.0588,7.45551,0.0,0.0,0.0,1.32924,6.53595,2.25035,2.58193,68.4397,10.0,5.32995,2.66667,2.73973,10.9453,2.02224,2.95775,3.19149,10.0917,8.53933,1.2987,3.85802,67.4847,56.8452,5.60748,4.10557,83.6585,86.1635,12.8906,6.6482,6.99774,88.9952,1.20968,0.316456,5.01701,7.24191,6.89655,2.63441,6.89655,3.07692,85.7651,96.3333,95.2632,0.0,0.621118,21.374,2.62391,0.596125,20.5128,0.0,12.1019,81.7757,7.66962,0.877193,3.36134,5.0,7.93037,0.0,2.94118,0.0,2.50784,0.0,81.5436,6.15836,81.0811,0.0,1.38568,7.47423,2.25989,0.4329,0.302115,87.4439,3.31126,1.98556,91.3793,2.23979,1.39752,1.12994,81.8182,1.88457,3.13808,0.0,9.16667,63.6364,100.0,2.72232,94.3878,1.88235,1.8797,0.862069,91.0653,3.06324,10.5634,1.01112,2.53012,2.7439,13.6882,4.0404,0.0,95.6989,2.22841,39.3258,1.0929
HNGK008,98.0337,15.4362,9.2504,5.36332,92.2559,95.1515,94.5946,45.2128,48.9362,1.01351,75.3906,6.75676,0.0,14.3885,7.34597,3.9604,6.58915,79.3173,0.0,13.3333,24.0,7.33138,0.0,0.980392,9.88372,2.72727,1.66436,3.43348,10.2767,0.367647,16.6384,59.8214,0.0,4.04624,15.6863,22.7709,24.5614,42.2222,0.0,0.0,0.0,5.50847,2.79146,98.4536,41.1765,4.43864,15.3846,5.66038,5.62249,12.5926,3.3033,86.5204,4.0,97.5,37.3563,1.97842,1.43965,0.621118,2.85375,2.80374,12.1302,1.15607,1.92525,11.3596,3.28358,6.14973,5.26316,2.87253,93.4911,92.803,79.3478,0.0,0.0,0.0,75.0,0.0,5.97015,20.1681,6.97674,1.89189,86.8132,100.0,13.7255,2.44898,3.06513,91.8182,5.61404,19.1919,8.62069,1.63205,97.9592,6.90537,4.9505,0.0,6.77966,1.2987,0.0,2.31788,92.0,1.43369,1.85185,1.51976,8.64865,6.0,1.71206,11.8421,92.9825,89.6552,6.66667,49.4318,0.0,0.50505,6.95067,5.40037,2.05314,91.0345,3.67647,57.5758,23.4234,4.65116,3.8835,6.06061,1.51188,3.42105,1.93548,0.314465,3.22307,8.26542,0.0,0.0,74.0,11.7988,3.9627,96.0422,0.0,0.790514,1.31148,3.85675,98.3871,7.53138,4.0,87.0968,94.2584,89.8129,95.625,50.0,6.61253,88.6667,12.2164,39.7436,0.0,23.2558,64.5631,0.564972,38.7534,7.35043,7.3913,2.34192,0.963391,3.19149,77.4194,4.34783,3.71714,91.8782,2.67442,93.8081,6.80851,4.81928,4.12371,5.07246,6.80473,27.7778,90.3614,78.9474,4.42834,1.90476,0.0,0.0,0.0,5.91054,16.2602,4.10959,10.2362,3.67505,6.06061,5.5814,16.7401,0.0,80.0,94.7735,1.41343,1.05263,90.1274,15.7407,97.4441,92.1986,99.0654,10.3659,0.0,90.566,82.5243,94.3343,1.87793,21.5116,14.6497,82.8571,96.0,94.4724,8.73786,91.8367,3.63985,92.7336,99.0654,1.74419,63.6364,75.0,94.0887,1.21212,7.46753,12.5255,3.22581,8.25688,6.80473,5.32178,4.65686,7.18232,77.2727,91.3043,7.82493,54.1872,1.88341,8.17308,21.3333,97.3684,5.34759,6.41593,4.54545,2.31405,4.22265,36.3636,9.34844,1.7341,6.4,4.48833,0.829876,1.28205,7.38255,2.18341,4.90798,4.93274,3.7037,2.39521,5.92194,0.0,5.95238,2.87356,13.089,5.10204,1.60643,2.15054,2.5825,2.29885,1.98864,1.08696,0.0,0.0,12.8,5.2381,41.0448,7.77605,0.0,10.6667,27.7108,1.38249,15.0,12.2762,0.793651,88.206,31.7568,0.0,70.4082,88.535,91.2736,90.7895,1.35135,52.9032,16.9231,94.8617,3.80577,0.818331,0.0,5.13552,5.26316,6.92641,2.80475,8.4507,4.65116,0.0,100.0,5.70676,6.34921,93.4211,21.5686,100.0,5.86667,1.1583,2.92276,1.18871,6.07903,57.8947,42.8571,7.46753,3.47826,0.0,5.78035,8.16327,0.0,4.40678,3.24575,3.04054,5.31561,10.1695,2.80702,2.95359,23.2143,1.7316,4.32692,4.8583,82.3529,0.0,9.18367,1.35501,8.54922,8.30721,1.45396,3.2,6.71463,0.729927,0.490998,71.4286,0.0,10.5622,4.9505,85.0,6.00353,2.77778,3.2967,2.09205,0.881057,11.2613,3.72208,1.07527,92.9919,5.55556,8.96309,2.8777,3.77682,16.1238,3.9801,14.1935,2.15517,5.91716,13.7615,2.85714,4.11523,67.4699,64.0523,36.1446,11.6379,90.2077,81.6327,13.388,23.0769,4.61538,81.8182,1.0989,6.02837,2.6506,9.79228,2.32558,3.25203,0.980392,1.14416,94.1896,93.865,96.4844,0.0,8.4507,4.16667,2.99786,5.6962,6.81818,66.6667,19.0574,72.4138,37.9147,1.3986,20.2128,5.76132,4.44444,5.78512,1.6129,0.0,0.973236,5.20833,84.6377,16.0326,74.2138,0.0,3.66492,9.30657,0.0,1.65746,0.862069,91.4062,3.19635,2.95699,95.4545,2.59366,4.7081,11.3949,100.0,2.59259,0.0,0.0,6.79612,100.0,100.0,5.60472,99.1632,14.2119,2.31023,0.854701,67.6712,2.36742,6.05096,2.18579,2.76968,5.12821,17.0984,14.4044,0.0,93.5185,2.52454,43.75,0.598802
HNGK009,95.8407,12.0983,7.27612,10.0535,95.2894,94.0,99.2126,22.8891,10.3524,0.854701,83.9474,10.2564,3.57143,6.09952,6.63598,2.72315,6.85003,81.1321,2.83353,0.0,12.7907,5.60316,2.14133,4.37601,13.4831,3.48837,1.82648,1.43247,9.51768,1.94175,15.9462,78.169,1.33333,2.2508,12.5714,18.3901,6.23946,12.2449,4.36782,9.52381,4.54545,4.87805,1.24031,94.0133,3.65535,4.10385,4.10959,0.883652,6.28803,2.65781,1.44509,79.8995,5.19481,93.8462,33.3333,1.56304,2.11153,0.932994,5.90551,4.99139,8.72328,6.5764,1.09007,6.59026,2.44507,2.55918,9.1954,2.87115,84.6004,93.813,79.0073,3.17919,0.0,0.0,72.7273,3.125,0.94162,14.3429,7.46562,6.01367,89.0034,93.3333,17.4098,2.20367,1.89546,90.4899,2.45902,30.7125,2.30061,1.94489,90.5983,4.75504,0.0,0.0,5.97345,1.35135,0.0,1.99253,87.7698,1.4775,3.85852,4.89914,7.63547,4.08163,2.00286,8.93536,90.4642,96.8944,60.7143,38.1443,0.0,4.20875,3.73333,5.32458,3.53623,95.6643,6.62526,76.1905,19.2345,1.0101,4.90798,7.52688,0.959233,3.27869,6.06061,2.06084,2.82246,9.61232,0.0,5.26316,79.0419,2.44626,5.28523,94.7788,4.32099,1.90311,2.14447,1.0223,92.5287,9.19427,6.38723,88.8372,96.3293,92.1358,97.0665,100.0,11.4495,95.3052,9.05797,59.0116,2.18447,5.0,63.357,6.70827,34.589,8.83333,7.07483,1.68889,4.03836,14.4703,79.6671,1.20482,6.25626,94.6429,4.63801,93.2948,3.74833,7.55208,2.33766,1.06383,3.72608,7.36544,82.7476,94.382,3.28095,3.46062,3.04348,2.34375,5.48926,2.1805,2.71493,9.44625,1.89573,2.10035,3.3557,11.3131,18.8034,5.55556,40.2116,86.5896,10.1476,1.1194,93.3223,15.0485,97.2067,91.1175,94.9731,4.96183,12.4011,93.3893,92.3077,96.2392,3.47648,13.5741,14.1141,99.0476,94.4334,91.0431,19.7861,85.2243,1.48354,94.5277,92.1053,2.79823,100.0,93.8775,93.8671,4.85232,10.6832,8.60832,2.2973,7.40242,10.8896,5.48819,4.45434,2.14626,75.7576,94.6667,3.29545,47.6821,3.00246,2.2696,5.26316,94.0711,4.47368,3.59712,0.50505,4.34783,0.711238,11.4754,7.33945,1.15207,5.54245,6.37149,2.11361,8.18505,5.83756,1.43392,6.93277,7.17863,5.27919,4.78927,6.2621,1.43885,2.7027,1.79426,4.82315,7.25552,10.6329,6.17978,4.34028,3.55872,5.5336,10.0865,1.19048,1.31579,6.53595,4.02597,57.8431,7.8116,7.94702,1.50538,10.026,1.53061,1.89189,4.36999,0.898742,88.4231,31.8996,0.0,70.0508,90.7536,94.8534,94.4551,2.78834,58.6055,7.02247,89.635,4.93066,5.05212,0.284091,7.33083,1.4158,4.66667,2.85808,11.4379,2.5641,5.9322,92.1053,2.71365,4.13793,95.9227,0.582524,90.9836,10.5769,0.245098,2.87009,1.38371,2.67592,67.1875,60.6061,3.14961,1.00418,3.58974,2.71739,6.98254,3.61991,3.26531,2.77971,1.57835,3.86543,4.10023,3.23326,6.40097,7.19424,0.715015,3.36439,7.37135,81.9209,4.40252,3.63837,2.4369,4.34084,4.9308,0.679117,5.48061,8.85417,0.832178,1.52838,76.9771,3.32226,4.41176,1.67696,83.5125,10.9506,0.0,0.0,2.92063,2.43252,8.61917,6.84524,4.76773,86.8618,2.46479,10.1955,2.59179,3.85835,5.56962,1.95008,5.59593,1.42248,10.1562,9.0946,5.32875,10.9252,73.4513,78.0231,7.92952,4.33333,80.5515,94.5087,7.12531,12.5737,4.55272,84.8297,2.33645,4.89209,3.10078,5.41667,1.3905,3.69075,2.05541,2.88462,84.9403,93.1034,97.2692,6.66667,7.6179,4.72973,4.90506,2.85714,34.188,3.87597,21.8009,83.0467,11.0899,2.89855,7.76398,6.35838,8.67188,6.8323,1.03627,0.0,3.92523,0.352113,87.5098,15.8447,59.194,4.79042,3.44531,10.5611,12.6582,6.71581,1.14336,93.6709,5.5,2.17087,90.8903,2.75112,4.84429,9.76116,84.4961,8.21182,1.11111,11.039,2.32558,100.0,100.0,4.83532,94.6541,6.23229,2.69122,6.54762,94.3227,1.91221,11.9312,2.09397,3.51299,2.97372,12.6582,5.98802,9.85915,90.8064,4.95532,35.7377,1.14548
HNGK010,93.89,13.3574,1.46138,4.47368,94.0803,91.0615,89.2308,26.5363,12.9902,0.819672,80.1572,8.84956,0.0,6.32911,4.58415,4.69083,4.31849,78.9883,14.3266,6.4,4.28571,10.355,2.91971,10.2167,10.396,6.10687,1.70157,1.03093,8.21918,0.4329,12.1007,67.0103,2.04082,1.95822,12.5,14.23,16.6667,5.21327,2.5641,0.473934,4.23729,4.19162,5.49451,94.4056,3.94737,3.94737,7.14286,1.78571,5.85305,2.77778,0.539084,79.3594,13.3333,96.5517,31.6092,1.10643,1.22249,1.73243,5.33049,5.2381,5.85739,1.6,0.863309,3.80117,2.77136,1.69323,4.25532,0.283286,80.226,86.5285,75.8755,0.704225,0.0,0.0,54.5455,3.1746,0.966184,16.9059,9.05433,4.14508,95.0704,100.0,11.8421,2.14988,1.89349,88.253,4.57038,19.3705,2.32558,3.02439,96.4072,2.74223,2.24215,0.0,6.30252,0.316456,0.0,2.537,93.4673,1.5852,1.81818,7.61905,7.22022,0.552486,1.60681,4.95496,88.4615,95.0617,53.8462,34.7826,1.68067,1.24334,3.2316,2.90698,2.48538,96.2069,5.94595,63.2812,14.8541,1.19048,4.08719,3.61446,1.83028,1.5625,6.94444,1.03093,1.03413,2.57117,0.787402,0.0,81.0345,1.01652,1.18906,94.1748,1.73611,0.0,3.01075,6.94444,82.716,6.88679,5.26316,90.2655,95.8571,79.6429,96.0233,92.3077,5.63035,90.2985,7.59219,49.3421,0.0,17.9487,50.9225,6.66667,36.98,0.813008,7.55008,2.88316,3.43384,1.07914,75.8491,0.0,5.6142,91.9414,1.10032,96.1404,1.27796,5.61798,2.47148,5.0,4.54545,0.438596,57.0621,90.9091,1.91939,3.5503,0.617284,1.44928,1.25,1.1178,11.2378,4.65116,2.51572,0.564972,0.925926,4.86726,13.172,6.38298,38.3333,88.6051,6.2069,0.908059,94.7917,19.6429,95.1111,90.7407,95.4545,3.90016,5.46875,89.1414,84.6797,90.8686,1.95122,16.3102,68.6312,80.5556,90.6667,92.2397,19.0323,80.137,2.80374,92.5385,72.1088,1.95195,89.4737,97.2222,90.0,3.37909,15.2688,4.65608,2.36559,1.34146,4.79134,5.09259,5.45073,2.12443,72.0,93.0556,0.960512,65.7143,1.61824,1.04287,5.51181,88.5593,6.25,1.15274,2.17391,3.82044,1.26292,0.0,3.77907,1.13895,5.8296,1.65631,0.0,1.40449,8.97436,0.355872,3.59771,3.43643,5.17711,3.36879,3.37942,1.79104,0.0,3.45964,3.10881,6.38298,1.35593,5.24899,2.92793,3.32103,1.99601,5.27778,0.917431,0.0,1.60428,4.57038,52.5974,4.97592,0.0,3.9604,8.4375,2.44421,0.0,5.22979,1.04384,89.9388,45.3125,0.621118,64.532,77.6577,96.0212,97.3783,4.75561,81.4815,10.8491,82.2742,2.37885,3.67586,1.92926,6.04351,1.81582,1.78571,1.51899,10.1667,0.0,18.9189,94.7368,1.44828,10.3226,93.2817,0.547945,86.5854,2.06897,0.490196,5.16717,1.84859,3.125,67.2414,83.3333,2.65996,1.97206,0.0,1.72043,13.9571,0.0,2.62143,2.34375,4.28016,0.651466,2.26629,1.0989,7.86517,0.0,1.0582,0.406091,5.01894,66.129,1.11111,3.20513,1.03093,4.14201,2.76243,0.609756,2.80957,9.74695,1.95312,3.13514,88.6364,1.57068,3.11573,2.13592,93.6047,7.66404,0.0,0.584795,2.19675,0.915332,5.27307,5.06156,4.41501,89.2368,8.21918,8.43882,2.03252,2.41884,2.21963,2.64211,1.75439,1.68919,10.6007,10.8547,3.15789,3.47003,91.6667,90.9657,0.0,4.41767,80.1512,95.3488,0.75188,10.8911,4.5679,78.481,0.0,4.26439,8.36197,7.34558,1.52964,5.01601,3.59771,1.6791,93.3437,95.9184,90.884,1.17647,4.33884,3.1746,2.15343,1.81818,17.1429,0.0,17.3824,80.8824,7.71084,0.694444,5.54675,4.21941,8.7344,3.5461,2.08333,1.16959,2.5572,2.08877,84.0215,12.5198,75.2427,1.77515,1.10701,6.58579,1.6129,2.93758,1.36752,94.5701,2.71493,1.22378,79.5122,1.87793,4.36864,4.4837,82.1918,2.5788,1.36364,4.5614,4.8951,100.0,100.0,1.90756,95.4274,5.81583,1.30293,1.1544,82.4053,1.54768,5.89681,1.14473,4.26357,3.09951,6.30631,4.64286,7.14286,88.6598,4.53461,25.6158,2.47678
HNGK011,94.9106,7.05882,5.13017,3.62647,95.5556,91.3706,88.2353,37.1308,27.9514,0.869565,87.947,5.22876,1.51515,5.32407,3.93743,2.9724,5.25316,88.0171,6.43678,1.92308,4.61538,5.66038,7.69231,3.65217,5.70342,7.08447,2.61337,2.92237,5.48554,2.99401,15.3509,71.5877,5.64972,0.641026,13.6842,9.36795,11.9534,8.81226,1.05263,6.0,0.0,13.2505,2.14352,96.5398,5.69106,1.92503,3.66972,1.82292,6.37931,4.28571,1.0582,86.1538,2.27273,96.5517,17.7665,2.21221,0.758653,1.18343,11.5931,2.58176,6.63391,2.8481,3.46275,6.98503,1.33891,1.04762,0.0,0.833333,79.1667,93.8664,84.1289,0.531915,0.294118,0.0,83.3333,0.0,2.26629,10.8943,3.94366,2.19608,73.3918,96.2963,19.6078,3.13305,2.13864,91.4505,2.66821,11.0609,3.44234,4.59302,92.4528,2.20183,0.636943,9.375,7.07269,0.742115,0.606061,6.49123,87.5,1.78313,0.91954,11.6967,8.77193,2.40642,2.15154,6.16967,86.5116,94.9153,64.0,29.6296,1.63934,6.60377,1.80587,4.4181,1.93587,95.3659,10.8835,64.6226,12.5815,0.662252,7.84314,24.0741,4.03531,5.06667,9.11271,1.3901,2.7972,16.8053,1.84697,1.36054,74.7253,2.37417,7.79221,94.575,1.91083,1.37825,5.87121,3.89864,94.8148,7.34375,4.29043,89.916,92.9695,87.395,94.5251,100.0,9.55414,92.8571,11.7028,56.5934,2.30415,8.38323,62.716,3.42857,33.4957,3.99334,6.1157,2.81518,3.59013,9.72477,73.1993,6.01336,4.5672,93.5685,1.64042,95.2941,5.14469,2.73109,3.06569,1.14286,2.54545,5.42636,59.7087,82.5397,3.84249,3.76238,0.0,2.7027,5.66502,0.933126,4.27529,10.733,4.24354,3.64026,2.17391,8.34575,20.3971,0.0,34.3137,91.1803,2.43243,1.42349,93.1393,3.11526,95.9322,93.125,90.7246,5.26316,10.9649,91.8256,90.0958,97.1326,4.75207,14.0483,8.12325,94.5055,96.7593,90.7692,10.2778,66.6667,1.61427,95.2941,83.9161,1.78306,100.0,84.9057,93.5345,2.77778,9.8434,8.6326,1.17548,3.76344,16.6008,7.92,6.90299,5.68513,86.0215,99.0654,9.60615,63.3188,2.55459,5.97372,3.54331,93.4555,20.6731,2.91181,0.0,2.33683,3.40136,12.5,3.92465,1.36286,5.41126,6.96821,0.558659,0.273973,4.28135,2.57511,9.10911,6.66667,9.0511,4.64396,7.16232,5.55556,5.09915,15.0743,4.6683,2.49307,1.55844,0.628141,8.64528,2.06297,19.0083,12.2186,1.90114,19.6078,6.25,4.12371,3.94737,8.32864,5.5794,0.302115,9.87868,1.35708,0.816327,4.30464,0.749064,91.1324,28.866,0.0,72.7273,90.5095,91.7348,93.9394,5.46697,31.8885,3.25444,84.7534,5.20566,8.06867,1.06383,9.78487,2.78054,6.28099,4.5109,8.56354,2.64317,1.31579,100.0,1.63934,10.1911,90.5085,5.62015,94.8718,15.1476,0.57554,1.88088,2.01439,6.86456,65.2893,84.0,2.54958,1.63416,16.1017,3.89805,6.08247,0.3367,3.37621,3.74332,3.95869,4.06504,5.49133,0.0,7.86517,5.59441,1.65485,2.99345,6.26411,73.2759,3.44828,6.56827,0.477897,3.13531,4.87541,0.350263,3.95399,1.92813,10.2857,3.32569,77.7778,0.727273,8.74503,4.12371,84.0136,11.0343,0.0,0.0,2.23672,0.85639,5.24476,3.87324,4.59477,79.3427,0.819672,11.5942,3.63248,2.48883,9.99116,2.0914,6.17005,0.826446,7.15447,7.61052,1.59642,10.3152,73.9837,87.0842,17.0139,4.03226,80.6452,89.0977,5.15298,5.86592,5.69853,80.6818,1.29534,4.74308,3.64188,4.57198,0.393701,4.19501,7.50247,1.15207,82.4286,91.9255,95.501,0.0,9.14543,0.0,1.74165,2.90909,29.7398,9.72763,12.6079,75.7669,10.4423,0.58651,11.617,4.32836,7.12695,7.33591,1.35135,1.14943,3.51035,2.00803,86.5583,12.2353,81.9328,1.47783,3.37079,9.47255,5.83942,3.34158,4.41441,89.9329,4.55373,2.35064,84.2615,1.85529,15.219,11.6412,93.6508,9.91597,0.787402,0.584795,0.625,88.8889,100.0,3.61174,88.7795,11.122,2.24033,2.7027,92.823,2.37352,16.4006,2.59939,2.38095,7.25446,15.3846,4.10156,0.0,88.4454,3.33704,33.8308,1.20773
HNGK012,96.1145,15.0327,9.49198,3.92749,94.1691,91.573,100.0,22.4359,11.3636,0.628931,78.1893,4.90196,0.0,2.06897,5.8753,5.05415,4.82456,86.6087,0.638978,3.92157,2.77778,5.22088,1.18577,18.0723,9.49367,1.39373,3.46939,1.90678,4.86957,28.0193,16.8524,76.8657,0.0,0.0,12.5,3.95257,7.23684,0.0,3.58744,5.20833,0.0,7.01754,1.81347,89.8734,4.5045,1.72084,0.0,3.73134,2.47525,7.69231,3.8835,89.7887,8.69565,94.6429,14.4033,0.841751,0.559702,0.223214,5.83039,1.02041,9.96603,2.44648,1.08303,8.39695,1.70854,6.03318,5.17241,0.353357,84.7328,90.9091,79.6512,0.0,0.0,1.20482,66.6667,0.0,0.666667,10.0559,6.64207,5.72864,94.1176,100.0,8.33333,1.83824,1.90996,92.629,11.0057,30.1703,3.01508,2.48869,81.3953,3.5982,0.0,0.0,5.70776,1.47992,0.0,1.9305,84.7059,1.23288,0.0,0.0,18.2879,2.64901,2.41493,0.0,89.8649,100.0,0.0,11.3636,1.15607,3.77778,3.67133,2.81996,3.19803,92.6471,2.09059,51.1278,11.5057,0.0,0.0,0.0,1.88679,2.92096,7.73196,0.479616,3.86473,11.3269,0.0,17.3554,90.2655,1.42857,2.77778,95.8242,7.02703,0.0,4.36242,4.86322,97.4684,6.53846,9.56679,83.3333,95.7066,83.2599,97.7528,100.0,5.31108,95.5224,12.1813,85.3659,0.684932,26.9231,75.0,3.27553,38.3663,1.24481,8.49057,7.83646,5.36779,12.1287,70.8861,7.31707,3.66534,96.1832,3.17965,92.0962,5.32319,6.16438,1.96937,0.0,8.01887,10.6667,68.2692,73.2143,1.88989,2.80899,2.40385,0.0,2.06186,2.62751,1.74927,2.91971,4.72973,0.813008,0.0,11.3636,25.6831,0.0,38.75,92.4419,23.8095,0.655022,91.3513,4.65116,96.9492,89.7436,74.6667,1.0582,10.0,88.2911,85.4839,96.2441,1.04712,4.64135,84.8943,100.0,84.8606,91.5294,16.9492,87.3563,1.40665,96.9636,88.8889,2.17391,100.0,100.0,92.9487,0.952381,15.6757,14.0278,2.5974,4.92958,1.44928,7.42754,2.11268,3.64238,88.8889,100.0,7.84929,62.6214,1.59642,3.28947,5.92105,84.5614,18.9189,0.873362,5.26316,1.62162,1.4876,18.0,3.00752,3.88601,4.8913,11.8902,0.0,0.296736,5.88235,0.0,6.88406,7.44186,2.91262,4.58716,2.68318,3.125,0.0,1.91388,17.757,10.6628,0.0,1.0,3.01887,3.05085,0.0,12.4224,0.471698,0.0,18.6047,3.01003,40.0,7.08502,15.942,8.10811,14.0056,1.4742,3.47222,3.03951,4.87421,91.6961,38.8489,0.934579,71.9008,89.7626,80.566,93.4911,3.31492,29.0837,15.1163,88.5993,6.5481,0.920245,0.555556,4.00943,0.628931,7.8341,2.87026,7.42297,2.20994,0.0,100.0,0.859599,0.0,95.1009,0.0,92.0,9.1195,0.0,3.14607,2.93399,4.86486,67.6923,66.6667,2.85714,1.28,18.0328,9.34066,5.7971,0.0,3.24826,2.38806,2.01613,4.14013,11.0778,1.81818,1.32159,34.375,0.925926,0.460123,5.30452,88.6792,2.63158,5.90717,0.0,1.14943,1.31579,2.2293,4.73538,4.89418,0.0,2.30415,68.0628,6.4,2.36531,3.23741,67.619,7.23906,0.0,2.8777,4.96894,1.51099,14.2857,4.7619,2.7027,89.9857,0.0,11.2903,0.416667,4.13793,0.869565,2.74286,8.62069,5.57491,4.24028,15.3483,3.66109,6.4133,71.1111,94.0439,0.0,1.9337,87.1257,89.4737,2.74725,11.6592,1.07296,85.4167,0.321543,6.16114,0.614439,6.02911,0.0,0.914205,1.59011,1.6,87.1332,89.3617,96.5753,5.55556,9.0,0.0,2.53807,1.5873,18.1818,16.9935,8.74525,79.8165,3.59116,0.787402,1.9774,6.18182,6.18956,3.92157,0.0,2.63158,2.84238,0.769231,89.6057,7.46269,80.4082,8.10811,1.2605,5.59284,0.0,1.94444,3.30396,98.4615,6.28272,1.04167,89.5307,3.38983,2.4188,10.1781,80.6452,8.52273,5.51471,5.4878,0.0,69.2308,100.0,4.97835,92.887,10.4746,1.5444,1.5674,92.5234,1.73077,9.81964,3.11042,4.34353,4.58716,3.1746,5.03145,0.0,91.1392,2.34742,35.5769,0.0
HNGK013,97.9167,7.05882,4.53608,8.4058,94.7075,87.8049,92.7711,27.3092,21.0526,0.143266,84.8148,4.10959,11.7647,6.26632,4.02085,8.49421,6.27675,80.9783,1.88172,9.72222,24.6377,5.88928,2.14286,6.82303,9.52381,1.29534,1.91781,1.82927,6.43275,4.56621,10.0461,76.1468,1.28205,2.05479,7.01754,12.178,7.32984,12.8788,4.33437,0.843882,3.94089,9.97877,5.48148,98.1481,10.7143,3.06748,10.0917,10.2128,7.43802,4.83871,4.26065,76.8856,3.33333,89.4737,22.3404,3.37449,1.82882,2.05128,4.3578,7.27273,8.60058,10.4439,1.67645,15.4044,1.78699,1.0101,0.0,0.937082,86.4662,94.2797,85.3007,1.93548,0.0,3.26975,50.0,0.0,4.71698,16.9492,23.8621,4.07609,93.0921,96.9697,14.3617,0.75188,1.41956,90.0285,0.808625,20.2624,1.18168,3.99221,94.8529,3.44828,0.409836,14.2857,7.66423,2.20994,3.57143,1.64384,89.0756,0.857633,1.32013,7.64873,7.31707,0.990099,1.53191,4.7619,89.0244,93.4211,50.0,30.6667,2.85714,8.10398,5.68966,3.72024,3.48653,95.6284,9.98217,75.7895,15.1815,0.0,3.65297,0.854701,6.22837,8.73362,5.27704,1.62455,3.51438,9.61887,1.96078,0.0,78.5088,3.32951,4.54545,95.3846,5.01475,2.53165,0.0,2.09125,94.5205,11.4387,12.4752,80.6452,95.7627,88.6076,95.603,90.0,6.84932,95.082,23.9691,38.3178,1.36364,2.4,71.1656,3.50877,38.2476,9.89011,5.02392,4.49219,2.41493,7.95107,68.6667,9.63855,3.09677,88.0,4.16455,92.9032,4.58333,6.27451,3.27314,3.84615,4.6875,8.73362,62.0,78.9474,3.7594,4.05405,1.28205,0.0,17.5732,4.23358,12.1396,17.5258,8.09524,2.85714,1.33333,5.33597,18.6851,0.0,38.5965,92.5659,8.33333,1.58371,88.0734,13.5417,94.4304,81.5069,91.2351,8.40708,6.55738,93.1751,85.7692,97.3631,4.04412,21.881,10.6965,92.8571,85.1648,91.2173,16.3158,83.6735,1.45138,91.5198,94.7368,1.95531,92.8571,68.75,92.0,11.6279,22.3938,6.36132,4.20168,5.66948,7.0018,5.62827,5.98086,2.94785,83.0189,98.2759,9.37881,76.6129,2.50784,1.08108,7.59076,92.1053,2.5974,2.88462,0.26178,2.04082,0.616016,23.3333,4.13223,2.07254,9.68468,6.8,1.33333,8.10811,2.09424,3.125,3.61882,1.0453,6.47619,2.34375,4.65527,5.91133,1.17647,2.31214,15.812,7.66423,6.11247,1.72956,6.52174,6.82731,5.13514,12.6904,7.54717,3.50877,7.28477,4.17423,45.2055,5.76324,22.3256,5.15464,5.81114,4.39306,2.55102,5.47504,3.65854,82.9163,36.129,0.0,77.0492,77.9167,88.5036,90.2655,1.06667,23.913,22.6994,84.3511,3.90995,8.75,3.08989,5.91483,0.527241,8.77193,4.05777,12.8329,6.85714,7.27273,100.0,3.12787,8.39695,95.8656,8.35267,86.6667,9.16667,1.67224,3.47594,1.30952,4.78873,85.0,75.0,0.798935,1.222,0.0,3.3101,4.66418,0.78534,4.13462,2.91777,2.35935,5.45977,0.687285,1.36054,6.35452,8.69565,0.0,1.6129,4.39331,80.6897,1.96078,5.55556,1.55039,0.26455,7.08556,0.723327,7.98122,2.8103,3.2,5.25394,77.6471,0.934579,2.7846,1.93662,90.4192,12.0,0.0,5.12821,1.13924,0.744048,5.28376,3.20755,1.33983,90.8907,8.49057,11.0159,5.64516,4.02367,6.03448,3.457,9.07859,1.59574,9.9631,16.5598,6.79916,12.7469,69.3548,81.3084,9.66184,3.17073,87.1495,93.578,4.81172,8.51852,4.1958,73.5409,0.864553,6.75325,12.8159,4.62633,1.03359,5.52452,6.39269,3.5461,87.8319,96.5839,95.2174,0.0,2.63736,10.0,5.2381,5.21542,40.0,9.23913,10.241,92.9688,5.00963,1.59744,7.44681,1.5873,5.59701,8.26211,0.0,0.0,1.0929,2.23464,90.2813,6.46651,85.0,6.25,2.25035,20.0811,5.0,3.59965,3.02613,93.75,4.89691,5.9312,93.2515,3.62087,2.49196,2.41449,94.7368,13.2714,1.20482,7.44186,16.1616,33.3333,93.3333,1.83767,91.3043,12.844,4.33333,2.50784,77.3067,1.08262,14.3885,2.19595,4.23032,4.46281,13.0699,16.9291,0.0,93.8462,5.58659,45.3333,1.14068
HNGK014,92.1592,64.5094,43.6019,68.1939,93.6351,90.7258,96.9466,36.6102,10.7759,32.3529,58.2335,1.36986,91.6667,27.768,54.3575,48.2759,45.9907,87.3706,25.3852,50.0,3.92157,37.1786,34.1207,45.7259,44.186,68.9214,29.6124,46.1415,43.4442,56.7194,53.122,62.0896,36.9668,55.7667,29.703,47.0539,44.8925,69.3291,53.4181,89.781,65.7588,44.8413,71.7647,95.7944,0.0,39.3791,67.0543,29.096,64.7059,27.4648,73.3473,92.6694,48.2759,97.2603,39.7333,43.4552,41.3636,41.2214,35.0921,65.8052,52.0309,28.189,64.2681,40.5753,50.2214,17.0664,88.4297,50.9213,85.9649,94.359,82.6546,81.1802,0.0,51.5094,100.0,62.1145,65.1515,46.6281,43.4519,34.127,74.4403,93.8462,7.04225,41.1791,44.994,89.6516,8.02198,11.2478,37.5,37.423,85.9574,56.8487,38.342,72.8814,31.3643,46.888,56.2893,49.6622,77.5,39.158,79.2388,28.8416,86.7528,34.2566,33.8993,32.5301,94.0648,95.3846,0.0,14.8515,73.4072,18.2556,23.6333,50.0,42.1829,96.7936,50.6422,71.7241,36.7482,79.0419,19.9708,73.9437,46.8212,40.2439,59.2477,27.533,46.4789,51.926,93.3333,65.8824,49.4908,71.7025,55.3818,97.0488,0.595238,59.6529,29.0488,30.1565,97.9798,58.8918,45.0413,91.7241,94.7811,63.4921,96.7391,33.3333,50.4108,97.6549,34.0097,51.8072,45.9239,29.2079,73.2673,36.2919,55.3656,43.7418,55.4576,47.1627,38.4134,49.2497,77.3243,43.007,30.1853,97.0252,33.3333,61.5711,51.7241,29.1139,32.0938,65.8537,37.3494,48.9564,37.8947,91.6667,28.2343,41.1248,62.1588,23.3696,42.5197,46.3489,42.2717,1.7341,34.2995,28.9421,84.1629,63.5229,40.8451,26.6667,64.0,71.0227,23.4604,47.0886,93.8169,48.3495,92.6316,79.6954,81.3505,47.2705,36.2903,93.8953,83.2911,96.3801,46.5726,35.1166,63.2316,93.75,95.5556,72.1509,49.5495,87.3874,39.3526,96.6715,95.4248,67.6779,92.3077,80.5556,88.0597,57.8595,14.2222,46.3948,38.024,56.1137,64.8961,49.3109,44.1434,31.2195,75.4386,73.6842,36.2404,91.7219,39.2492,50.3724,2.86458,83.0394,41.9453,14.3878,67.2794,47.1448,29.8374,5.55556,45.6359,56.7518,40.9888,47.0751,0.928793,44.2757,39.599,43.4923,45.0632,37.5854,30.8523,53.4979,48.7082,66.9492,65.2924,69.0196,35.7664,64.1434,33.1731,69.6668,25.9434,36.4656,28.2468,18.3333,72.9216,74.8031,60.0683,42.4065,57.8431,35.0897,55.8559,28.0899,26.7016,48.3539,51.0204,27.0968,8.07374,49.3308,53.1496,0.0,82.3045,91.4132,93.3333,69.2754,55.1422,66.2717,52.4306,87.5591,49.2235,52.4964,28.4065,39.6929,38.961,46.4696,36.6409,44.0825,19.1011,12.5,98.2759,35.9749,35.1792,70.3333,0.0,92.4528,25.544,16.388,67.1815,29.0456,67.6181,46.4,70.3704,48.9623,46.4881,43.2548,37.0868,41.821,58.5366,47.0038,54.8282,35.5422,52.2028,58.5366,37.9227,42.7586,6.31579,27.7108,32.194,51.6272,75.4098,58.9686,50.0976,45.9627,74.717,60.7565,56.3467,29.6411,37.4379,37.3057,9.30962,80.7571,49.115,41.8241,44.7436,79.3333,46.1063,74.1667,58.1152,24.1886,29.9071,37.7215,38.4824,44.97,47.2406,7.87402,43.3696,54.2042,46.4687,50.8291,45.2501,52.1799,40.9483,36.0255,29.7267,32.9686,56.407,69.6429,82.6004,34.5395,29.9517,70.1854,94.5205,43.8063,35.7422,41.1613,90.0609,50.0697,30.0567,36.5559,39.7394,1.66667,8.86981,53.6243,36.197,86.8586,93.2243,96.6587,68.0473,36.9973,71.7391,38.9625,48.1976,86.7069,77.6978,81.3478,78.961,40.3226,55.4902,68.4838,46.7772,38.842,63.8356,16.4,37.6984,51.1749,66.9683,93.2755,47.6005,94.8214,36.2694,52.1709,59.318,71.0383,59.8111,52.8136,53.252,64.8745,28.5891,94.6502,41.33,53.0669,60.6452,76.4706,60.7202,64.2857,66.5595,54.7393,100.0,90.0,57.8292,97.6303,53.0348,28.6047,57.1749,67.9035,15.8336,49.8134,45.3397,38.1944,37.6238,52.1077,49.584,21.5686,77.027,14.6568,26.8156,15.1568
HNGK015,93.9655,10.0,4.53074,16.0,93.2735,93.8775,90.625,28.5714,17.2794,4.16125,86.5196,5.31915,0.0,8.84956,10.009,3.58744,9.69305,81.1448,2.75229,0.0,0.0,6.6838,1.34228,5.62914,4.1958,30.2326,4.75285,2.14286,19.3841,1.26582,11.2527,64.9123,4.54545,1.38249,11.7647,9.67078,9.95025,1.86916,4.6875,0.0,4.16667,8.28402,0.0,99.0099,3.125,4.78469,0.0,1.4652,3.41297,0.0,0.914634,82.4701,0.0,100.0,35.9551,5.04634,0.431655,0.506329,5.80581,0.675676,6.77201,18.3036,0.920598,4.64548,3.09598,2.38095,0.0,2.99252,88.2353,93.2384,75.8364,0.0,0.909091,5.0,83.3333,7.69231,2.75229,19.0939,22.3549,4.40324,75.8621,100.0,12.7389,2.70575,4.29043,93.4866,0.0,14.7679,2.12766,0.672948,94.1176,7.56098,0.0,0.0,5.88235,9.90991,0.0,2.09424,81.1024,1.75182,2.13904,1.47783,4.5977,5.97015,4.06824,2.5974,80.1653,97.9167,16.6667,8.82353,0.0,2.62097,3.23232,6.32022,2.15311,95.082,6.69975,50.0,8.66337,1.88679,0.0,0.0,0.668151,5.26316,2.89855,0.258398,1.08932,4.70219,0.0,4.0,77.451,6.58228,4.36137,94.4206,7.59494,0.0,1.20968,3.4632,90.7407,10.7807,5.74949,84.375,90.7407,92.6829,95.1456,100.0,6.07211,88.764,13.4715,46.8085,2.4,12.0,55.7895,10.6335,37.3626,9.64286,8.42105,0.520833,4.7619,5.59211,75.974,2.22222,5.72614,93.8053,1.83374,91.4127,0.0,15.6627,3.10559,6.0241,0.632911,1.81818,26.3158,83.3333,3.75094,3.7037,5.60748,0.0,0.0,3.16344,0.699301,5.40541,7.14286,0.0,2.63158,14.2857,24.1379,3.7037,24.0741,93.2817,3.2,1.30152,85.3333,2.5,96.2025,95.4545,97.4194,6.49351,0.0,94.6058,91.8129,100.0,6.26959,14.8026,26.6667,100.0,93.3333,93.8438,21.3873,86.1111,1.88679,90.6183,91.0448,2.10843,100.0,95.6522,91.8033,5.57491,11.6402,3.91121,0.546448,5.83554,8.78788,5.29915,9.21348,4.86111,85.7143,100.0,3.99386,71.25,4.69043,6.7591,6.86275,96.2343,13.0137,3.56083,0.0,1.45985,0.37594,11.5385,6.76692,3.87597,4.09357,10.2913,1.44404,0.716846,3.77358,3.33333,6.10022,5.85774,5.88235,5.68562,5.02674,5.22876,2.47525,10.9948,7.69231,1.6129,21.3675,2.63566,14.1869,0.803213,2.71493,2.24719,0.0,9.09091,3.0303,5.61798,16.3462,8.73786,4.91803,0.0,19.1964,3.82609,0.0,15.5738,6.06695,90.1216,49.3671,0.0,78.7879,89.781,86.1333,94.2149,4.66667,54.7486,7.80142,83.1111,3.62694,17.4129,0.657895,6.68842,1.00671,0.0,3.82932,10.6168,0.0,0.0,100.0,4.85175,0.0,93.1818,2.53165,96.7742,9.2437,0.892857,4.72441,3.31695,4.8583,65.5738,55.0,0.886918,0.965517,3.15789,8.12065,8.33333,0.0,5.68182,4.32432,3.34262,1.78218,20.0,0.534759,6.09137,7.27273,0.0,2.15606,10.3053,94.8052,0.0,5.47945,1.59236,11.0818,5.15873,1.5625,2.99003,6.25,6.68605,3.54331,65.6051,7.89474,2.09424,3.7931,76.0563,10.3994,0.0,5.78512,1.74292,2.11921,4.72637,6.32184,5.18234,87.5,9.33333,17.7606,3.65854,3.67232,0.526316,7.71889,19.7309,1.84502,5.70342,12.5206,3.46232,8.59729,86.2069,82.2727,12.7551,3.19635,76.9863,94.5455,21.2121,9.28571,3.67232,82.6087,5.10949,4.14747,3.56612,7.57576,1.26582,13.881,0.80429,2.15827,94.081,95.5224,95.5696,0.0,18.9944,20.0,0.487805,1.13122,48.4536,16.6667,12.1951,78.8889,27.7154,0.0,10.6007,8.60215,8.3682,3.02013,1.49254,0.0,0.326797,2.38095,89.8113,6.96517,84.2593,5.88235,3.04878,1.22449,4.44444,6.74931,3.95137,90.099,15.1042,2.24215,86.25,5.01672,3.07942,19.598,89.2857,5.90278,1.0453,6.06061,0.0,90.9091,88.8889,4.10959,94.2222,19.2593,3.46821,6.25,86.859,2.64615,7.62195,0.769231,3.96825,3.38983,10.4167,51.6304,9.375,94.3878,1.04987,41.0959,0.668896
HNGK016,91.5217,6.58683,2.51889,6.27803,88.5542,90.4762,96.6667,21.5488,32.1212,0.344828,88.2143,7.43802,10.5263,8.49057,22.7907,12.1053,15.3584,90.0553,19.6154,24.3243,0.0,12.766,4.32099,15.7895,33.6735,11.7925,18.0556,18.2331,15.7895,33.0275,38.7611,77.6224,13.3333,4.30622,36.0,12.987,18.3908,38.3929,3.87931,0.0,13.9535,8.33333,2.39044,99.1304,3.22581,2.76243,0.0,6.42857,8.44444,2.04918,12.2951,89.9642,18.8406,98.1818,27.7228,2.94494,4.69388,3.1746,5.06912,4.47761,8.15109,13.0653,18.2519,11.1345,5.55556,3.19635,0.0,7.48299,83.4711,88.0223,83.2579,0.0,0.952381,0.0,100.0,2.38095,0.0,13.0742,3.52113,6.15114,82.7586,96.2963,11.5385,2.92621,8.06754,88.5965,7.7135,42.126,5.0,2.40642,86.8852,1.66667,2.27273,0.0,2.53623,8.94309,0.0,11.6279,81.8182,3.93082,0.0,10.5263,14.0351,1.2987,3.40716,0.0,84.7826,92.7273,22.2222,30.6452,0.0,11.9205,3.72493,3.47395,4.97238,93.75,18.0723,48.3333,16.1616,0.0,0.0,2.85714,3.72208,17.8571,0.892857,1.71821,4.17266,20.316,0.0,25.5556,68.8312,19.0965,16.0377,92.4812,8.03571,0.645161,2.5,7.98479,97.1429,17.3838,15.8683,89.8305,96.5602,90.2439,97.1616,91.6667,13.1229,94.1489,37.7273,68.4211,6.8,10.2564,77.9412,16.3934,56.0647,13.1455,9.7561,3.861,1.44928,23.2558,77.551,20.7602,7.13422,82.1656,4.02576,89.8601,20.7692,14.9351,2.85714,10.1852,6.10329,26.9663,41.8182,95.0,4.00925,0.0,4.62963,11.4286,0.0,10.5906,14.2308,9.00901,13.9344,4.15094,0.0,13.7143,34.0278,0.0,38.9831,93.3333,2.7027,3.9548,91.5069,19.0,91.9355,92.2078,91.4634,8.27338,20.9677,87.108,83.8983,99.0476,7.80142,10.828,17.1053,77.4194,95.2055,92.54,14.5455,71.2644,3.09735,93.9683,91.2281,1.81818,94.7368,84.0,93.9759,2.85714,5.37634,15.9935,1.65975,10.5691,14.0187,8.6444,12.8571,12.9442,91.6667,89.0909,8.99899,85.1485,2.31481,0.325733,8.13953,92.8205,17.9372,0.938967,0.0,0.824742,4.65839,9.09091,22.0641,3.74532,9.25926,11.546,3.24074,3.94737,5.30303,2.6506,26.6409,0.877193,6.09756,11.6883,5.30547,11.9718,0.0,20.0,23.0366,1.45773,12.5,8.42697,11.2654,10.7345,7.31707,2.5974,1.88679,0.0,13.3333,2.11416,65.3061,8.77743,0.961538,13.8889,21.9512,7.14286,0.0,12.5,0.777202,92.9368,31.7829,0.0,69.5312,85.2459,90.8824,91.5385,28.0992,54.7619,9.27835,80.3922,8.36735,0.729927,1.33333,9.38967,0.833333,7.38636,6.98027,14.5704,2.53165,0.0,78.1818,5.99334,0.0,97.9487,0.0,100.0,9.62099,0.0,2.18341,4.51745,10.6918,67.5,70.0,3.06122,1.24334,28.5714,5.6391,11.8644,0.840336,14.1631,7.01754,4.44444,23.5417,17.7606,1.20482,21.1921,30.6452,0.0,3.9548,7.44849,82.7586,8.18182,6.80529,0.520833,5.31915,7.82918,0.0,4.48916,10.0,1.93237,2.45232,69.9029,0.0,7.42972,1.45455,77.6119,8.52273,0.0,0.0,1.6317,0.930233,25.9947,7.5,4.23077,86.6936,0.0,10.2041,14.6893,3.24427,4.24403,12.7072,14.5933,1.82927,20.7018,22.5275,10.0,24.581,55.8824,77.7778,2.83688,28.3784,87.9765,89.1892,7.21393,10.0671,4.38596,86.2595,2.1978,11.6592,12.8205,7.99031,1.6,15.4419,0.585938,6.88073,93.8017,94.2105,98.913,0.0,11.0448,6.25,2.92683,5.51724,68.0,5.55556,5.80645,84.4156,32.8125,0.0,25.0,9.03226,10.0,4.54545,9.43396,0.0,12.1324,1.65289,84.6667,15.3846,87.8924,10.1124,8.35509,3.29114,12.5,30.2905,1.16959,90.1786,1.71674,8.99471,71.5909,4.35967,11.6414,7.96253,84.9057,9.839,0.0,8.33333,0.0,64.5161,75.0,15.812,91.0526,16.9811,0.917431,0.0,80.5825,7.23443,10.8491,8.55513,3.91823,6.58228,6.81115,1.10497,5.55556,89.3939,2.18182,39.6552,1.02041
HNGK017,94.3662,20.1794,7.43243,5.66038,91.7431,90.8397,96.7742,23.6311,21.7993,1.0989,77.6119,8.33333,3.77358,7.23514,10.5995,5.74713,10.6667,85.2207,5.79937,9.7561,9.52381,8.2658,3.5,10.1149,8.66667,19.6185,5.18518,4.32432,9.65284,9.96564,15.8095,80.0,11.6883,4.69169,13.8889,10.4132,14.375,15.9624,10.0446,2.27273,1.04167,6.86813,11.0124,98.5782,1.23457,4.18327,31.8681,3.42205,5.87002,7.03364,18.1159,76.3513,4.16667,95.0,29.6774,2.65233,3.00128,2.62582,5.10689,9.49074,9.24092,5.72917,1.83486,4.99168,4.26885,2.15589,0.0,3.1339,84.5528,92.3445,76.6038,0.581395,1.5544,1.95312,80.7692,0.0,0.0,13.6054,15.3173,7.29927,86.8852,84.7826,13.9535,2.93436,2.53807,81.7164,5.59211,25.2016,3.13043,5.69759,87.5,7.60668,0.390625,0.0,6.08553,7.393,1.5873,2.99824,89.0756,2.87049,4.58333,4.67836,7.02811,2.53165,3.33333,8.10811,90.4025,90.1639,25.4237,30.0,0.0,7.76256,4.7014,6.45995,3.54767,94.8936,6.42398,57.1429,21.4876,4.16667,6.89655,2.1978,7.52972,7.85953,10.5882,6.15836,6.5481,8.73206,8.19672,23.4483,70.8791,10.0629,10.8346,96.3333,1.99005,0.857143,11.8774,7.11111,91.7808,10.0127,8.10811,87.3418,82.4528,86.6667,95.2468,100.0,13.6023,90.1042,24.812,50.8064,0.0,16.9697,67.0769,7.02541,36.0274,2.46734,4.81928,8.20996,3.90161,21.1538,73.5075,2.6738,7.52336,95.5357,2.0372,96.2887,9.13043,10.0386,5.86701,9.42029,8.42697,10.7981,63.0435,66.6667,4.04938,5.58313,13.1737,1.36986,15.3153,3.11526,10.3691,16.6052,9.7561,2.89389,0.0,12.5604,22.0077,11.1111,34.7826,95.0783,3.96476,1.63317,87.0253,10.5691,94.6352,86.9281,87.594,6.36646,18.1159,93.1727,82.5,97.8214,1.87166,19.1956,37.0787,85.9155,92.268,89.3997,14.4578,74.6154,1.82599,96.5385,92.4242,5.21262,85.2941,79.7101,91.4286,12.782,9.70464,10.1833,3.21429,3.97059,18.9427,5.18395,4.96183,14.8515,58.3333,93.2203,3.13725,60.6481,6.44295,2.1875,7.22892,86.9048,19.0955,11.271,1.86916,5.11945,3.63196,25.974,8.99183,4.18848,7.8125,7.13693,0.813008,1.69133,2.64901,1.82927,7.29783,4.54545,10.2151,10.8696,5.53435,14.1447,8.63095,11.3069,10.5634,13.4146,4.49438,6.02941,5.49569,4.06699,6.31808,7.28155,1.52672,3.7037,9.52381,4.8583,46.875,10.1744,0.581395,5.86081,14.6417,4.31818,3.22581,9.96068,1.18343,83.8435,32.8571,0.0,74.1176,83.7097,83.1081,88.8179,5.86907,51.3298,5.84416,81.2317,3.02234,3.40285,10.8108,7.24409,2.01005,8.80682,6.94444,16.3636,2.38095,0.0,88.6076,2.5417,7.34463,93.6842,2.96736,86.2069,20.742,0.793651,11.6711,2.43902,8.87949,55.5556,90.4762,3.54331,4.48718,2.04082,6.1082,9.27536,6.79887,5.05837,3.40136,5.16854,6.62739,8.70712,4.65116,10.356,5.26316,3.06604,4.4186,6.75273,56.6176,13.2701,5.44218,0.859599,8.99054,4.48343,3.663,4.48718,8.71212,5.72391,3.20285,70.9402,9.86395,9.56211,2.01342,73.6559,9.72708,0.0,1.59574,2.81065,3.07116,6.78337,5.02693,4.91607,82.9945,0.0,8.19048,12.1037,8.00377,15.7001,17.6194,9.45034,4.08805,8.44595,13.1742,4.58265,8.3045,74.359,85.9649,24.2857,1.66667,74.8826,90.9091,10.9756,6.39269,7.93893,79.1209,9.42623,20.1946,10.1737,21.0526,1.38504,9.9466,3.37079,11.8677,89.0951,89.8148,94.1634,25.3165,9.68468,3.57143,5.47046,5.64972,24.0,20.1681,28.0882,86.0262,13.2898,0.869565,13.1868,7.4359,8.0786,2.44565,0.0,0.0,4.90956,7.04225,89.3204,22.0408,85.3659,6.2069,1.27505,7.22348,10.5263,4.14747,6.87332,92.3469,10.6796,2.1645,82.1138,5.16963,3.64964,0.823045,90.6977,7.78165,1.28205,5.50459,7.29927,50.0,71.4286,4.35356,95.8491,9.61832,4.0293,4.3956,92.0588,2.44352,14.7945,5.66171,3.26493,5.27638,18.2482,13.8686,0.0,78.0083,5.03282,40.7767,2.0202
HNGK018,94.8186,5.59701,4.74255,9.55316,93.9698,94.2857,93.75,20.1705,15.6028,1.50376,85.6021,10.2941,21.4286,10.4418,7.27273,3.50877,7.25309,85.8824,4.5082,15.5172,8.33333,4.74308,3.20513,14.2857,11.3924,10.2094,0.502513,2.08333,2.74314,0.0,12.5828,74.2424,0.0,1.01781,12.6761,11.4286,3.96825,1.51515,1.47059,0.0,0.869565,15.6863,0.776699,96.7033,7.07965,4.30108,2.27273,4.87805,7.53138,4.14938,3.56083,83.4337,0.0,96.6102,28.6885,1.57978,3.87513,2.40601,3.23887,6.22222,14.1071,6.17761,0.499376,6.13027,1.88341,1.49502,2.8169,1.46444,85.3333,92.6471,82.2917,2.38095,0.531915,2.98507,80.9524,0.0,1.1976,13.7536,11.0155,7.33427,86.0927,90.9091,13.8365,1.72414,5.11464,96.4912,2.70833,35.8108,2.23214,2.65957,89.3939,3.21101,1.28205,0.0,5.30165,1.36519,0.0,1.47679,77.0492,0.487805,0.0,3.52304,6.45161,2.80112,3.62934,0.0,86.6197,95.6522,12.069,28.7129,0.0,5.92593,7.24191,16.0686,5.42522,93.0107,2.93333,60.1504,9.75,0.0,4.26829,0.0,2.04082,4.95627,10.4839,1.99501,3.96635,6.57396,0.0,0.0,63.8158,5.13889,5.21739,94.5559,2.52366,1.2766,2.26244,9.35065,87.3016,5.82524,10.4258,80.7692,97.6534,91.018,92.2876,100.0,6.18637,94.2675,13.9216,67.6471,6.30631,3.7037,63.125,6.49351,40.0853,1.72414,5.86207,0.621118,15.9402,4.65116,75.3304,11.465,8.14121,88.5246,2.07668,92.1348,2.53165,8.69565,5.43881,2.60223,2.46305,0.434783,48.7179,100.0,3.84205,5.08906,1.42518,1.83486,0.724638,3.6965,24.4068,4.59184,0.0,1.92308,2.4,8.75332,24.5098,0.0,50.0,92.2727,0.0,0.83682,93.6471,1.98676,94.403,89.2086,95.6204,11.1984,14.2857,97.3333,93.6508,96.1832,7.95107,9.67118,16.9811,95.7447,91.0112,89.9642,17.9856,70.5882,2.6738,96.3907,85.1351,2.46914,86.2069,88.0,92.638,5.15021,11.9403,9.80392,1.5748,5.28233,2.07469,6.90335,5.27638,5.28053,87.5,98.6487,5.89744,48.0,0.673854,1.30081,20.1878,94.7368,8.16327,4.87062,3.47222,7.84314,2.73312,11.5385,1.5625,2.78746,5.14286,4.40457,0.817439,0.0,3.50877,4.07767,6.47821,2.14477,7.00935,7.16332,3.27304,4.98339,5.34125,2.79395,5.74324,2.2508,6.47059,3.47705,4.83871,2.35849,8.07175,6.04027,0.0,0.0,10.2041,10.5263,27.8409,12.1685,0.0,2.80374,11.747,0.664011,8.26772,5.32319,3.05927,90.998,28.5714,0.0,72.8972,71.8584,88.4375,93.5,1.5873,41.4097,12.0253,84.127,4.71491,0.367647,0.540541,6.73635,0.816993,6.0,5.33333,9.55466,1.2987,5.88235,75.0,2.26209,0.0,92.6641,0.837989,95.0617,9.32203,0.9375,7.73639,0.886918,4.64602,78.3784,93.3333,1.50479,3.16206,5.84416,5.6,8.98438,3.36134,2.77078,5.49273,4.48718,3.98724,6.45161,0.0,8.69565,25.0,0.0,3.07298,4.89182,64.7541,0.851064,4.97592,0.796813,5.49085,5.86592,0.627943,3.6036,4.71464,0.663717,2.53672,69.9482,1.68539,1.81644,1.79028,86.2319,5.96306,0.0,1.75439,0.673401,1.70512,7.23404,5.04202,3.8806,89.7638,1.49254,11.5517,3.35821,5.10304,0.808081,1.35635,4.04412,1.66113,10.2757,11.6751,3.56201,3.21839,62.5,84.4156,2.29885,6.37255,71.3043,83.3333,3.9604,9.77778,5.94714,89.7674,2.05479,5.90406,1.6835,6.2635,0.0,6.71085,3.01587,2.0202,87.6374,92.2652,96.1538,0.0,3.63196,1.02041,6.51085,3.09091,27.193,47.0588,17.963,78.8043,7.84314,2.66667,14.9626,3.95683,13.4146,13.6364,2.77778,0.0,4.81928,0.851064,84.8485,22.6923,68.6154,0.0,3.23974,9.13978,10.101,5.22307,4.66667,97.4522,5.74324,1.67064,93.8889,2.10379,4.05728,0.332226,87.6923,8.97616,0.869565,6.06061,1.08696,72.5,66.6667,3.61446,93.4307,5.51181,3.30882,7.66129,70.7747,1.31422,10.0865,0.727273,4.74383,5.17241,8.21918,15.8996,6.66667,83.8542,6.46651,55.4455,0.591716
HNGK019,96.6197,7.28477,7.30994,8.69565,94.2529,90.9091,90.2439,31.8519,12.6582,1.5625,61.9048,10.101,0.0,10.1266,3.5982,6.2069,6.22642,74.4444,10.2397,83.3333,0.0,6.48148,0.0,7.18954,12.4138,12.1359,9.26724,4.44444,16.7192,0.0,19.0252,67.0213,11.1111,3.15789,7.40741,3.0888,0.0,10.7527,1.58103,27.7778,2.46914,2.82132,0.0,98.773,9.375,3.33333,25.9259,1.57068,6.83453,6.71642,1.67364,83.5443,0.0,97.4359,44.1558,2.09644,2.37762,0.0,3.25444,0.0,5.16129,2.92683,1.71674,6.58915,2.90323,0.407332,6.66667,1.72414,82.7815,93.913,70.6667,0.0,0.613497,1.27389,89.2857,0.0,0.0,9.73684,11.7438,4.58015,80.8081,100.0,2.7027,3.85542,2.46305,90.2655,3.90244,17.3913,1.3986,2.32558,92.0455,1.4245,0.0,0.0,18.75,8.16327,2.89017,3.5503,88.8889,1.35135,0.0,9.02256,6.63265,0.0,2.80374,1.51515,82.7586,97.9167,50.0,40.0,8.33333,3.63636,4.01003,17.931,6.74956,94.4,20.8333,64.2105,28.9157,0.0,0.0,10.8108,1.8018,5.76132,11.1111,3.30189,2.63889,10.0,7.63723,0.0,66.6667,5.01931,10.8844,98.773,24.5614,0.0,1.3986,2.40964,78.5714,11.2613,8.51064,82.3529,86.3874,89.726,94.3548,90.9091,16.4246,90.8537,2.61628,68.254,1.36986,23.3333,70.8955,7.65766,29.5285,3.1746,0.462963,6.2201,2.25225,33.2308,63.8009,4.03727,10.4225,96.8992,1.88934,96.9231,0.0,5.35714,8.36653,0.52356,7.28477,0.0,76.087,90.0,10.7853,2.53165,1.03093,0.0,8.66142,2.99296,18.0467,0.0,0.595238,0.0,1.92308,5.9633,38.0074,9.09091,77.7778,88.2682,2.17391,0.0,95.6731,4.7619,90.6404,96.2025,95.5056,13.7584,3.66972,79.8913,73.4694,94.3925,4.25532,12.2931,8.18182,100.0,91.8605,90.566,16.5049,48.7805,1.20968,94.4762,100.0,1.22249,68.75,63.1579,90.5172,12.9902,6.00858,10.5754,0.3125,3.88693,6.9378,4.96084,5.21978,10.3976,62.069,85.7143,8.37283,81.0526,4.17508,7.81609,0.537634,99.4012,7.69231,2.53807,5.94059,0.424628,0.819672,0.0,9.44444,2.12121,0.0,7.30198,0.980392,2.7248,5.82524,0.0,4.158,9.16667,9.57747,3.5503,7.94941,12.8571,1.5873,21.3483,2.5641,0.0,2.29358,0.0,8.09859,8.64198,5.33333,1.91083,0.0,0.0,0.0,5.7971,60.0,15.2367,17.3913,7.92683,16.5746,1.80995,8.02139,12.012,0.273973,90.223,28.7879,0.0,75.2809,89.1156,94.3953,81.8182,1.58228,11.6667,38.5965,98.0132,3.80795,0.0,0.0,10.6884,1.13636,5.61798,5.42169,7.5817,0.0,0.0,98.0,8.94207,13.5802,92.4731,0.0,87.8049,26.0204,1.52672,15.1335,1.5852,25.1269,77.2727,100.0,2.58152,2.83286,3.43137,6.25,9.84848,0.0,10.151,4.12574,1.74419,0.262467,5.90909,0.518135,5.625,7.8125,0.0,2.88714,9.33977,93.4426,1.16959,8.68545,0.0,3.38983,1.69492,0.306748,7.69231,12.3123,10.5263,3.50877,79.8077,0.0,2.63158,2.48756,77.6978,5.03802,6.95652,1.51515,4.06852,10.0,16.7401,13.2743,4.32961,90.6433,77.7778,6.53266,3.16206,2.18182,6.77966,0.728408,11.8827,0.534759,10.5634,8.62069,5.6701,7.49064,40.625,66.9355,1.72414,12.0253,90.1345,78.3333,21.5686,2.98507,7.01754,81.8182,0.0,9.2437,4.00891,11.8721,0.649351,3.94089,1.5674,3.86965,93.6242,97.7941,93.7173,0.796813,5.67164,3.38983,1.39535,2.78552,16.6667,0.0,10.8696,82.5397,20.122,3.67647,11.7318,4.8048,10.2439,6.15385,0.0,0.0,6.48855,0.655738,85.1852,11.1111,74.1936,2.08333,3.87097,4.94297,0.641026,0.907912,1.983,97.546,1.42857,3.50877,78.6458,2.46914,4.4316,5.2,88.0952,12.0652,0.0,0.699301,0.0,38.8889,88.2353,3.41297,99.3377,10.6061,4.65116,0.826446,87.5,1.21342,14.1631,3.53107,2.25734,3.71901,10.1449,0.0,7.14286,86.6109,0.97561,34.4262,1.19048
HNGK020,95.8254,12.7745,6.46521,13.871,93.2271,93.0636,97.4026,27.3038,20.6718,1.46678,87.8486,8.57143,0.0,4.69208,8.25137,5.49828,3.82609,86.6782,10.9091,14.7059,4.91803,4.62963,4.37018,11.8166,22.314,19.7115,6.70578,2.99479,3.87879,8.14815,18.6357,74.0223,3.20856,8.95284,18.8889,18.8889,10.7981,15.7746,3.11891,4.47761,0.0,9.69697,6.09756,95.3353,5.38922,6.90209,29.3103,3.7931,4.66507,6.60714,5.26316,85.8716,8.92857,99.0385,24.165,3.087,1.88172,1.11288,8.36928,9.34343,9.26091,9.40919,7.82779,8.7234,5.08055,1.23609,20.9877,5.26316,85.7724,93.4566,77.1593,0.787402,1.28755,1.78571,90.3226,2.0979,0.348432,8.33333,10.0887,4.95376,88.0702,97.1831,17.9012,3.82688,5.99002,87.3418,1.4658,32.299,9.53206,2.50432,93.0636,2.46914,0.497512,0.0,3.18119,3.74016,0.0,2.51177,84.2105,4.13749,4.02414,9.69163,10.1852,10.137,3.73648,3.41297,93.8775,88.0597,39.2857,32.5301,16.2162,12.3926,6.94118,10.0,4.04412,91.9614,4.23729,73.6527,15.6613,1.74419,2.91971,0.0,5.57103,4.94118,16.0878,1.22888,3.38196,12.5307,12.3404,0.787402,82.6087,4.04172,7.6179,96.6,8.81226,0.280112,5.73477,1.88406,98.4127,7.21311,6.37488,84.4595,95.8282,92.6194,96.5632,90.9091,11.123,91.8455,11.8701,50.8772,1.75439,12.2905,66.0057,11.7881,46.4849,6.43514,3.04183,2.84842,11.1486,17.4342,71.8072,5.12445,6.00261,90.2821,2.24784,93.3921,2.4024,4.98534,3.13234,4.4,13.3886,1.58228,62.1212,84.6154,5.39586,4.94506,0.606061,6.83761,0.757576,3.76523,11.2195,6.66667,2.06186,2.33813,2.0202,3.83562,29.661,2.94118,56.4516,90.9496,2.20588,2.12299,93.75,12.6638,91.1859,95.2381,96.6184,6.50602,3.65854,91.5858,89.9522,97.1223,2.95652,14.4172,42.8571,95.6522,93.2773,90.855,20.8633,84.5238,2.70552,96.4671,96.8992,8.30721,56.7568,75.5556,90.4255,10.0,9.73451,16.0494,1.08025,7.48663,11.5135,8.63675,10.0,4.96454,78.481,96.2963,2.94695,65.8537,4.81343,4.49541,7.0922,93.819,9.56522,7.54545,7.11111,9.00196,6.42105,23.3333,3.21637,1.44578,5.11364,7.93651,0.189036,0.48,7.39437,2.457,6.66667,6.26703,9.93304,6.81818,6.07917,4.82759,18.7867,9.02256,8.04348,6.13383,5.07463,18.3582,7.16479,7.96813,4.74777,5.73248,1.43541,1.78571,5.17241,13.0233,15.3846,11.824,0.0,8.83392,15.2381,2.18723,2.5641,4.10526,0.815661,91.017,30.5842,0.0,79.902,84.7193,93.9759,93.4211,5.97738,39.165,11.7424,86.3839,6.19835,0.588235,1.07759,6.9452,0.882353,5.59284,4.31558,11.1448,8.24176,6.34921,81.3187,3.45466,5.9633,90.5405,0.246914,89.3617,17.9088,1.71674,13.215,3.82775,6.77966,61.8182,84.0,3.78229,2.79286,4.78261,5.97826,7.59494,3.09735,3.59753,5.34262,1.8595,2.85088,6.22711,3.16456,6.11979,0.0,2.15264,3.21865,7.1835,74.1259,5.82751,9.26738,3.72093,4.90463,4.87445,0.572738,7.83972,10.846,3.02013,4.41014,81.8182,5.55556,4.53304,9.48827,91.7857,9.09966,21.2121,0.877193,2.18579,2.9396,9.78417,4.61957,7.11332,89.1971,3.93701,11.0558,2.25352,7.91111,1.87765,5.06706,10.3175,1.28617,13.3588,11.5722,5.55556,8.52503,83.2,82.3671,2.8169,2.90237,83.8938,90.8108,8.21918,11.8421,5.31758,88.8889,5.86907,14.011,2.05761,8.93855,3.5503,8.68321,6.65309,5.77181,90.2913,85.8612,89.1892,9.09091,8.97959,3.7594,4.51542,7.16561,35.4756,17.5,15.3226,83.1579,22.8037,2.04604,15.1456,9.62567,7.46269,7.57576,0.840336,0.0,15.7543,19.2073,87.2549,16.7756,81.3421,6.28272,4.16185,15.2015,9.45946,5.08309,1.34454,90.3226,9.25926,1.76887,85.7798,5.36304,4.83871,8.07062,95.0,7.16691,3.77834,11.1821,3.47222,54.3478,87.3016,7.00986,94.4325,15.7552,3.35196,17.6101,72.0779,3.75044,12.4361,4.18944,6.04982,5.9854,18.8544,3.207,3.22581,89.8601,4.27892,39.011,0.0
HNGK021,95.591,12.4019,5.7818,5.32319,96.2103,95.2727,96.063,25.9569,16.0494,0.596659,84.2538,6.28571,2.20588,4.86009,6.09929,4.56432,3.57771,74.504,1.63043,3.97351,1.0101,4.42758,3.40426,8.84544,7.63158,7.50552,2.43457,2.21465,5.68032,2.48175,23.6111,70.8333,4.8,1.54155,7.74194,12.1658,3.63636,8.07754,1.98238,2.50784,1.82292,3.28152,2.75591,95.3353,4.71014,2.9976,7.22222,3.42742,7.77096,2.6699,1.05152,78.6199,9.42029,96.6443,24.5232,2.31867,1.29653,1.11857,4.44561,5.30035,7.22955,4.60705,0.619915,5.95772,2.57235,2.30999,2.95858,1.62492,86.4865,93.9304,67.2783,1.1976,0.0,0.71599,79.4118,0.569801,1.27796,9.375,5.66298,4.17633,89.1304,94.6237,14.0299,2.18354,1.82275,91.9134,3.52273,19.0329,3.71212,1.28064,92.9368,3.25685,0.981997,0.0,8.78735,1.35685,0.80429,2.91262,84.0,1.40091,3.71058,6.12245,4.44191,1.03567,1.6738,7.15631,87.0,84.4156,36.2069,30.3318,1.91571,5.78871,5.99613,3.94063,2.91262,96.5116,4.47988,68.8654,16.2478,0.381679,1.91939,10.1485,2.54163,3.75546,5.77137,1.67224,2.99587,8.40381,0.0,0.680272,85.177,5.45957,4.22018,95.5152,2.0,1.70732,6.0241,3.28068,95.5665,7.09977,5.59943,86.25,94.14,91.6412,95.3472,93.75,4.93469,90.4082,10.2643,74.3421,0.961538,7.87037,67.6056,4.39906,33.5106,5.39568,9.00433,1.7135,5.98659,7.96345,72.5381,1.23457,3.75,86.9074,1.94085,94.0584,3.81232,5.33333,3.02267,1.73228,2.33853,7.5,69.2308,88.8889,2.76153,2.71454,3.58974,2.41546,2.4,2.92683,11.9595,3.20755,2.0649,2.0765,3.02013,3.45125,16.9697,0.0,39.1304,89.2473,2.50368,1.33673,93.7585,9.13642,94.5596,89.7833,92.5197,4.21245,3.33333,94.2149,85.7434,96.7001,3.48837,18.1185,15.3233,94.1667,88.7363,91.2032,12.6273,82.9912,0.677757,94.2893,94.0299,1.47167,88.5246,71.4286,92.8994,5.11771,14.1791,6.62222,1.6295,5.39662,4.02789,5.60803,5.85987,4.375,79.5918,95.7265,3.71382,48.2143,1.7571,4.13625,7.84024,89.8148,14.2578,2.34807,1.40406,2.49878,2.87009,20.8333,8.45697,3.35498,2.48619,7.53324,1.08548,4.11899,1.73536,1.2203,5.09182,4.01338,5.6444,2.69784,2.8536,3.23575,1.79153,4.24242,7.13073,3.95833,3.80711,4.0,4.43651,2.37226,5.26316,13.3871,0.248756,0.45045,7.97267,4.97175,21.9114,7.59413,14.4828,7.29483,13.0604,2.01106,1.98473,4.63576,0.78329,90.9091,30.9623,0.766284,66.4,88.9321,94.0153,96.3636,3.26843,24.6377,11.8217,84.4444,3.0236,13.7332,1.72144,4.86022,1.38313,3.25581,2.76923,10.8314,3.51759,7.05882,98.9637,2.35462,3.54167,92.1596,3.94304,96.2406,8.66729,0.681199,2.91391,2.03742,2.0284,68.3544,89.5833,3.32207,1.61061,2.55319,4.04949,9.20792,3.70995,2.4062,6.24585,4.55581,2.301,10.5997,0.866337,6.68127,9.13706,0.306748,3.19277,4.65328,82.1596,2.64706,5.45977,0.878294,2.86885,3.69069,1.0989,5.77717,4.19847,4.02597,1.9347,77.0302,2.54902,3.22366,2.95699,88.9518,5.43124,0.0,0.436681,2.50737,1.04167,7.76144,3.96254,3.45929,90.7088,9.09091,9.82567,2.42588,3.37965,4.19652,2.00302,5.13496,0.643087,9.42111,10.11,2.67229,7.01899,66.4975,86.2385,5.85009,4.08879,74.5573,90.8046,4.83235,9.87903,5.69358,80.1905,0.493421,6.59767,3.57349,6.32812,0.887902,2.19512,1.28362,1.82094,87.8753,90.9574,96.0165,0.70922,5.91174,2.69231,3.26168,2.08551,19.0108,11.5741,13.2819,79.0068,8.24108,2.149,10.2293,4.19806,6.20272,3.08748,1.21654,1.25,2.24868,1.30069,88.0412,12.349,51.4253,6.66667,2.14974,4.92565,5.46875,3.58166,2.23988,91.8919,4.05862,4.02299,83.9056,1.90769,3.69209,13.0693,91.9075,7.25806,2.29885,5.36013,3.37423,60.0,77.193,2.21519,93.9153,8.67769,2.94118,0.928793,69.9001,1.781,8.39244,2.64901,3.58875,5.37919,9.45946,8.62944,8.57143,89.7651,2.78441,38.4384,1.78571
HNGK022,96.8,10.2941,6.02976,10.2762,95.4155,92.0,96.9697,21.4058,13.0526,1.43043,88.2353,4.80769,0.0,4.5977,5.73199,6.15836,8.57143,80.6394,2.49433,3.1746,23.9583,5.30847,6.55738,4.5614,6.99588,9.81818,5.26316,5.36332,5.9246,2.06186,19.2389,76.3006,3.33333,3.05981,7.14286,19.8265,2.79503,11.0345,3.52113,0.0,0.980392,16.2234,0.207039,94.0767,3.7037,4.06654,23.9437,1.72414,4.07609,1.766,1.16822,80.1997,15.3846,96.3415,26.0116,4.05834,3.74622,0.282486,9.36491,5.36779,5.51664,8.18966,0.809249,5.79268,3.24118,1.90658,0.0,3.77358,86.5979,89.0157,70.6569,0.35461,0.406504,0.0,90.1639,0.0,0.722022,11.2207,15.0,5.86713,94.2149,84.4828,18.1208,2.67666,2.70603,90.2622,2.82776,30.6373,4.22886,1.27701,89.8438,6.48855,4.9505,0.0,5.33752,1.77305,0.0,1.64271,84.2697,0.810811,0.0,2.11132,17.9389,6.10465,2.87563,0.0,86.3043,88.4615,29.4118,31.5789,2.08333,11.2613,5.78512,3.68664,4.94118,93.4307,11.6323,60.0,15.3986,0.0,0.763359,7.57576,3.11526,3.41151,2.5641,1.06838,2.97984,10.4895,0.581395,0.574713,84.6575,31.9277,7.06806,95.2941,4.7619,2.92505,4.87239,6.78899,93.6937,12.0423,5.88235,86.9159,94.837,85.7143,96.9455,76.0,8.24742,84.5912,14.1952,77.8761,0.3663,1.5625,64.9682,14.7126,42.0398,2.49017,5.84071,1.45631,6.23174,15.2941,73.0924,6.19236,4.75952,91.1111,3.0303,93.345,2.72953,17.3913,5.87156,10.5882,4.01069,4.27807,72.449,81.8182,3.87427,2.57649,2.02899,1.85185,9.09091,2.84024,7.74194,2.34742,4.07523,0.77821,3.22581,6.77966,28.9474,5.55556,36.0,88.3365,5.33333,2.99625,93.8583,8.33333,93.5374,91.875,96.9072,8.14941,19.2771,94.5804,80.0,95.2494,7.46888,20.436,18.9655,88.3721,91.0377,88.5333,14.9425,72.1854,2.06825,95.5968,90.4762,2.91971,84.4444,64.7887,90.0415,7.81609,8.98551,13.2292,2.00236,3.76135,13.5279,6.10278,7.15308,4.8951,72.5806,94.5455,2.88115,75.502,2.60396,3.09989,4.88889,85.6522,8.03571,6.55391,1.01695,4.25287,3.72024,31.5789,9.94152,3.42298,10.4326,9.32798,0.886525,1.66667,4.16667,0.923483,7.3055,2.07373,4.91159,3.28639,8.45154,4.89914,5.66572,9.66851,15.4667,1.5873,6.09756,7.23684,6.09626,1.36986,1.15942,8.52713,0.0,0.0,0.684932,3.82848,47.5904,11.4259,3.47222,17.1171,16.381,1.99693,2.99145,12.5,1.625,92.8652,22.5941,2.1978,58.6716,82.816,89.8426,92.7577,3.32031,24.4932,10.1818,85.6436,5.55556,1.69875,3.13901,7.95848,4.17423,11.1842,3.22019,10.9229,0.0,0.0,88.3333,3.43434,1.20482,89.8345,9.72763,93.9024,14.4869,2.0339,4.26716,1.54639,4.13386,64.8936,63.6364,4.09091,1.29032,5.41667,2.57143,9.47712,0.865801,2.75482,5.98086,7.67825,4.57666,2.77778,1.80412,4.78632,5.10949,0.94697,2.91635,5.22088,79.1304,0.540541,7.56219,0.863931,0.507614,4.01691,0.391645,6.72938,5.71847,4.31655,3.47567,66.5505,0.0,8.65169,3.25342,72.7273,10.0336,0.0,3.15789,2.54453,3.31342,12.9952,6.39098,10.6529,87.8505,6.25,10.9091,1.88679,6.72359,6.78941,0.949367,6.62432,1.15274,9.8546,13.7834,5.52632,9.53608,57.2917,84.2233,5.0,2.47748,88.6477,91.4286,4.18719,4.86726,6.80062,85.4545,1.74216,4.4186,6.73813,6.5051,1.81452,2.3416,2.70603,4.20819,89.7436,95.7364,90.6367,2.23464,2.45232,3.93701,4.24886,3.90764,37.5,12.7907,13.9746,83.4146,12.3188,2.84698,9.55056,5.99647,6.4632,2.02429,0.393701,0.0,3.19001,1.3624,88.0651,10.9489,71.3793,4.58015,0.978793,1.05634,4.25532,5.06512,3.29412,87.5912,5.45455,2.16049,87.4269,3.07443,4.59402,17.8304,89.6552,2.33546,0.0,4.7619,2.04082,90.3614,85.2941,7.03125,95.6357,8.28571,2.07254,2.11268,66.2028,3.80952,9.86133,2.3569,9.348,7.31707,8.95522,3.21101,14.2857,89.5238,4.71698,39.5349,1.02389
HNGK023,92.6554,17.3028,6.9209,6.95266,93.7705,87.8378,85.7143,16.1716,28.6792,2.49584,84.5118,6.52174,1.78571,4.4,14.6154,1.13636,3.86473,82.9932,5.18293,5.26316,9.375,11.0951,15.7303,6.63717,19.4631,10.7143,5.66474,12.5773,7.8534,18.0328,11.6228,80.8917,13.4615,1.84136,13.8462,13.4901,22.9299,7.57576,3.10078,1.13636,7.14286,3.09278,19.6399,95.5466,0.775194,8.21918,82.3529,12.9353,8.43023,5.85859,1.23153,86.9565,14.2857,93.1818,16.3551,3.19767,0.860215,2.6936,4.29907,3.4965,11.5741,8.62069,5.19963,19.2399,4.20811,3.28849,16.6667,0.917431,81.982,97.032,85.4962,16.7939,0.858369,1.83486,79.1667,1.42857,0.0,16.09,14.1204,8.31435,80.8429,90.625,3.40909,1.73482,1.78571,90.4132,11.4943,27.8276,2.12014,1.25786,87.931,11.597,0.510204,0.0,6.74342,0.542005,1.0,2.24299,86.9565,1.69683,15.5689,4.23453,11.2069,1.56863,3.07062,14.3791,86.9888,89.3805,20.4545,19.4245,3.84615,3.08285,1.90996,3.23415,7.84499,93.9698,31.0204,65.1685,13.6196,0.0,1.30719,0.0,2.13904,1.03806,4.45545,9.97831,11.4206,6.96429,0.0,6.98925,79.1667,18.3824,4.91071,95.1807,4.25532,6.98925,5.39773,8.8968,98.4127,7.93839,8.92388,84.6154,93.0124,89.5981,95.6806,75.0,10.8954,81.6901,34.7578,34.0,2.17391,7.79221,72.4638,10.041,47.8405,5.17504,1.83486,5.4386,6.39659,14.0741,75.7009,19.4667,4.93167,94.1176,5.30435,94.1748,4.74777,8.30189,1.6035,5.80645,10.8014,7.80142,44.4444,91.3043,4.06681,10.0446,1.45455,0.0,8.82353,5.2,1.50376,14.0562,7.34463,6.20438,18.4466,5.89744,26.4822,8.0,30.5085,92.0705,10.0437,1.87573,89.1608,6.76329,93.921,91.6667,96.3964,13.1291,4.58015,96.7581,88.0,94.709,5.72391,21.8362,19.7778,92.0,90.8397,93.1532,12.4031,72.1311,1.65289,88.5989,89.7436,3.92157,86.8421,91.6667,91.0256,5.2161,13.5647,11.1621,6.54912,10.1562,9.03614,12.4343,6.39386,5.36398,77.5,93.1818,5.92885,85.0,1.98881,6.23974,8.28402,80.8429,12.0,2.24719,8.18182,2.07254,0.424628,25.0,8.23045,2.51256,4.15225,6.07815,1.54321,2.87356,4.6332,5.57377,11.1511,2.43902,9.06801,1.92308,7.14801,1.5,1.50943,8.56164,3.55872,9.23077,7.29814,1.8797,6.75944,4.6832,24.5211,4.65116,2.8169,0.0,1.7094,9.90566,30.0,7.45698,49.5798,9.42408,18.5185,4.2517,2.17391,5.38244,0.757576,86.5801,24.2424,0.8,80.3571,88.0071,94.164,92.2078,15.5807,48.6056,17.1569,95.8506,4.97881,15.2416,3.52423,8.35821,7.21154,3.80952,1.6,12.5247,11.5044,10.2041,86.5672,7.10322,10.119,89.1892,7.37705,87.8788,11.0204,5.19031,5.22088,2.97767,6.25,55.7377,85.7143,4.48319,2.10526,21.7822,8.23293,8.24053,36.3208,6.8254,2.41935,9.21053,3.35664,3.24675,0.0,5.24345,7.23684,0.337838,3.23625,10.2423,78.022,9.11765,13.1673,0.956938,0.416667,2.33645,0.149254,16.5217,8.24524,6.14035,2.87356,68.0851,3.44828,3.43474,2.43363,74.8252,8.35294,0.0,0.0,1.21739,3.0,6.18067,7.33453,1.96918,78.6424,0.0,9.90712,7.69231,4.79705,5.77281,2.16895,6.96774,7.16981,6.75325,9.16569,3.34158,3.77358,67.2566,71.5447,0.0,4.71976,86.8421,90.7895,13.6364,25.4181,8.82353,91.9643,1.57895,8.17439,8.03815,6.67634,0.331126,4.25697,9.09091,8.63636,84.4575,91.7721,96.5217,2.38095,2.05339,8.24742,4.57256,9.85577,19.1489,34.5133,17.0178,87.8981,21.0256,13.1455,11.3314,5.38642,13.2143,5.04587,0.584795,1.40845,5.36193,1.97183,88.189,21.3166,65.4008,6.79012,6.15079,2.80236,7.40741,7.92327,0.611621,85.2941,4.0,2.71739,64.2857,4.01069,15.5477,22.5873,87.7551,18.5886,3.58209,7.45098,5.71429,72.3404,69.2308,3.14286,93.266,13.0435,1.81159,3.10078,69.2771,3.40741,5.59211,1.63265,6.96266,4.52128,9.65732,3.7234,5.88235,85.4701,4.19463,39.4366,1.14286
HNGK024,93.8416,5.01193,9.96441,7.11864,91.9094,93.8272,88.5714,26.6667,14.4404,1.60085,83.0601,8.53659,2.5,1.3245,3.78378,2.43056,8.19672,74.4828,1.53846,1.72414,0.0,5.81114,6.9869,7.65432,18.0556,9.35672,2.3416,4.29338,8.6165,6.88705,17.2829,71.1934,2.7027,2.7881,23.3333,16.6378,6.94444,7.30337,3.57143,4.21053,0.0,4.95868,2.00617,95.4955,0.645161,4.53721,0.0,9.58904,4.36364,3.67893,0.0,81.4815,10.4167,97.3684,20.8955,2.44668,0.83877,1.21704,6.68693,8.0,8.73702,5.07042,0.759013,8.70536,1.84591,2.23285,6.25,2.34657,85.2113,88.7125,70.903,2.14067,0.574713,2.39726,92.3077,3.33333,1.42857,10.6329,6.36364,7.01403,88.0,92.0,13.0952,2.78662,1.4377,92.3225,11.7347,27.5064,1.84502,1.67095,87.2093,2.89308,0.0,0.0,11.1554,7.7193,0.0,4.33925,88.8889,1.68421,4.07674,6.97674,6.30631,1.70068,0.970874,14.6341,84.6626,82.5,34.7826,32.5581,0.0,8.68486,3.6859,4.17941,1.34474,91.5929,10.0,71.8391,11.9608,0.0,0.0,0.970874,3.41615,3.18258,10.6007,0.733496,3.01508,4.93119,1.02564,0.699301,75.5102,9.55519,6.39626,98.2987,3.7931,0.0,12.9032,2.13415,95.0495,8.01282,10.6267,78.3784,92.7273,87.2679,93.6296,94.4444,6.32911,83.4101,12.3919,68.4211,0.452489,8.54701,59.0244,2.58621,33.209,7.20641,6.96864,0.91954,10.453,8.05556,67.0455,3.56083,5.02885,92.093,2.08189,77.3994,9.17874,7.69231,3.11778,2.12766,2.2779,12.7946,73.6264,96.5517,3.37739,5.86735,0.286533,3.0303,2.5,1.99667,9.64083,36.9919,6.56934,2.39362,8.86076,6.23701,23.0241,8.69565,42.3729,84.5878,9.84848,0.873908,90.4632,14.6617,93.9516,82.6446,97.5,6.77966,3.14961,90.583,83.274,97.1939,3.44828,8.77193,41.0256,94.8718,85.0746,88.8208,15.7895,74.4681,3.40479,83.7456,97.0588,1.49254,90.0,69.3333,88.4211,2.70655,14.3396,9.66341,6.4,6.38298,23.7226,3.6036,8.79541,2.54403,86.5385,97.1963,10.4779,73.8854,3.07287,6.56635,3.03644,91.4286,9.90991,1.79856,0.588235,8.69565,2.29358,28.5714,7.02341,8.79121,4.79452,10.5657,1.02302,2.34742,2.88809,3.69686,2.99625,5.29801,7.8481,4.81928,4.40495,3.57143,3.59477,2.93454,9.38967,6.41026,1.21528,1.28041,7.01439,1.49007,14.0673,11.0063,3.75,0.0,6.4,8.86364,9.43396,7.44298,0.8,9.06516,9.5092,3.19527,0.877193,2.44957,5.12295,91.3832,32.8671,0.0,66.4384,87.0564,93.576,93.6975,6.72515,28.2828,11.1111,88.2353,4.92754,5.64784,1.63934,7.14286,3.90625,2.85714,4.43723,10.7484,7.84314,3.7037,100.0,5.97015,14.6667,90.8108,16.1215,97.0588,11.4841,0.402415,5.71429,2.27273,2.85714,60.0,100.0,2.73738,4.5082,3.63128,7.10383,4.01786,1.82482,2.75229,4.23341,3.85396,3.41515,7.94702,1.09091,7.44417,26.6667,1.37363,2.72639,5.61905,55.6818,3.42205,4.59364,5.58376,1.54639,3.72771,0.68306,4.71698,4.42073,5.91549,4.46097,72.3485,0.373134,5.31034,4.7619,82.0,7.63391,0.0,2.27273,2.15736,2.22008,7.30994,5.31697,4.07986,93.8017,0.0,11.5843,1.71149,2.18341,7.82918,7.18884,14.9819,0.884956,11.0924,13.9635,8.71413,8.78136,68.3168,86.1842,13.7168,10.1227,70.4434,92.5676,27.4074,23.0263,4.72727,73.9726,0.738007,25.7951,6.81004,10.2644,3.27869,3.33107,4.27509,3.93258,87.2017,92.827,95.8333,0.0,3.9501,5.30973,2.6749,7.2314,23.1441,11.3636,13.5952,89.1753,31.694,0.865801,10.7042,4.93562,7.43363,6.47482,0.0,0.796813,3.79464,2.60223,83.1522,17.1233,52.5424,4.65116,1.84453,6.18337,26.5432,7.09343,5.11757,91.5,10.0239,1.38408,83.1169,1.61031,5.29197,5.52632,95.1219,13.3033,2.08333,5.29412,2.5641,86.0465,73.3333,2.5641,94.0741,10.3774,2.17391,6.97674,44.0129,1.352,7.52941,1.49953,2.5729,3.06122,11.9639,2.13415,29.4118,88.0702,7.25806,36.1111,3.48837
HNGK025,97.318,6.37755,2.15633,7.12468,89.6714,86.0465,100.0,15.0943,43.0556,0.914077,72.2408,2.6087,5.66038,1.16732,7.18778,6.45161,3.66795,90.796,12.0482,0.0,17.3913,7.44501,3.5533,7.42574,17.9191,2.46914,5.96421,4.06977,5.50239,0.0,19.6296,61.3095,5.0,2.1327,34.8485,15.0943,16.6667,15.2866,1.9084,1.78571,1.96078,1.86916,1.67364,95.098,2.40964,1.36054,4.08163,6.21118,3.01724,1.14286,1.93548,83.5866,9.52381,100.0,35.5705,1.58228,6.26741,8.79121,5.87413,9.74212,8.24053,5.69106,2.00617,16.11,6.75676,1.08108,7.40741,3.74332,87.1951,81.5047,96.2656,1.14286,0.0,0.0,75.0,0.0,0.0,8.46154,6.92308,4.03917,83.4101,75.0,15.6977,5.01567,7.89474,95.9322,7.91789,41.3721,18.1395,6.69291,94.9495,6.01202,0.0,0.0,12.2667,4.14201,0.0,5.26316,90.9091,0.899888,2.38095,8.10811,0.0,0.83682,1.19485,13.4503,85.119,81.25,29.6296,30.0,6.66667,0.0,1.9656,5.36513,4.05862,97.561,4.34783,59.5238,5.73333,0.0,0.0,2.34375,3.11284,7.30479,3.28639,1.63265,11.5044,17.7898,1.21951,0.0,69.9029,18.107,5.67376,92.2179,2.89855,5.47945,7.43802,16.208,92.1348,8.82353,14.3488,79.2453,94.0217,88.601,95.2688,93.75,7.63209,82.3529,12.2699,41.0959,4.0,26.2136,58.8235,3.80435,53.7906,9.00621,17.2185,1.23762,6.51106,14.7208,68.5185,1.06383,3.84255,93.75,3.48993,93.4307,10.6383,1.96078,3.28849,5.71429,3.49854,12.0,41.5094,100.0,6.53846,10.3448,0.0,12.1212,3.25203,3.125,13.2287,7.48663,11.1111,5.44218,6.0,3.84615,34.2105,0.0,18.6047,94.1581,2.38095,0.471698,91.7453,5.63798,95.2381,92.4528,92.3077,5.36193,13.2075,92.7374,87.8378,97.0,1.53846,9.12863,67.1642,78.9474,97.4026,88.1928,11.0,70.6349,1.65746,98.2673,90.9091,0.0,100.0,76.7442,94.9367,3.7037,3.26087,10.6339,3.57143,4.12148,6.5,4.0708,4.87805,0.0,89.1892,96.1538,6.84134,70.073,2.54507,0.0,2.5641,95.5645,12.6904,3.33333,13.8554,5.85009,0.4914,63.4146,13.834,0.772201,9.05923,6.21039,1.14286,2.63158,3.77358,0.465116,6.49351,1.88679,6.6474,4.16667,3.33333,1.72414,2.43056,19.8142,15.0,6.01093,3.0303,3.0303,0.3367,1.28755,12.5616,3.87597,2.3622,0.0,16.2162,16.1812,32.3077,10.6343,41.6667,0.4329,8.42105,2.48139,1.94805,8.45481,1.18483,96.5517,35.1064,0.0,68.0851,74.2529,93.8202,89.5954,1.79104,64.3357,6.69291,87.0968,4.82759,3.90879,2.1645,4.43787,0.793651,2.68199,2.89017,10.3881,0.0,0.0,80.0,4.33295,3.30579,86.7978,8.29268,90.1408,9.7561,0.0,6.84211,4.08472,4.24403,43.3333,72.7273,5.60748,3.39559,2.27273,6.54912,6.58307,1.50376,6.10687,5.79151,3.76344,1.66271,5.0,0.0,3.78151,30.8642,3.26087,0.837989,3.16832,69.403,1.01523,5.37125,2.5641,3.95062,4.12186,2.44399,7.85498,3.83481,0.401606,0.657895,52.381,5.9322,4.54545,5.15021,82.0,17.5246,0.0,0.719424,2.76243,2.23881,6.08466,2.59434,3.83632,80.6061,30.4348,3.76344,11.5044,0.645995,13.3501,2.35602,7.7381,0.0,9.74843,10.5495,1.18343,6.70554,51.1628,60.6178,25.0,3.01724,74.8062,95.2381,5.42636,42.2619,11.8143,86.7257,0.0,7.0632,1.62791,5.21173,0.0,5.9312,0.181159,2.33645,87.3606,93.2203,95.6863,3.7037,10.4575,14.2857,1.98676,2.88714,27.2727,14.1176,12.9597,85.5932,1.72414,7.63889,0.0,0.416667,4.52675,2.25564,1.31579,0.0,5.94966,1.0,88.5246,28.9809,56.5714,4.40252,4.07674,22.0729,20.3704,4.77816,9.33333,85.6,9.7561,1.31579,89.0244,2.58993,0.673401,23.3735,80.7018,7.99257,1.18343,4.34783,0.0,84.8485,50.0,4.73773,92.6641,26.6667,7.2165,0.881057,63.5,1.35856,6.16438,1.83066,2.56776,7.02341,14.1243,9.17874,12.5,84.322,3.04348,36.2832,3.4632
HNGK026,93.9683,7.32484,7.36377,3.0853,92.5831,86.8966,98.5916,32.2718,14.2857,0.177936,81.491,3.62319,0.0,3.18725,6.60377,3.05556,6.54506,84.0116,1.50376,10.0,5.40541,3.26481,4.0293,5.6701,17.3184,11.1354,4.72441,8.11209,4.782,4.49102,20.8626,79.4304,9.87654,2.62794,12.766,8.43116,1.85185,7.40741,3.48432,8.4507,2.71493,10.4907,1.14068,96.3855,11.0526,2.2541,0.0,3.09278,5.30847,0.831601,1.01266,85.1301,4.54545,94.6237,23.2353,1.10132,2.33066,1.38462,5.25478,5.16014,8.3004,4.20842,0.218103,5.26316,2.23325,2.06287,9.7561,1.76322,82.9146,96.0813,84.6154,0.571429,0.334448,0.263852,85.0,3.19149,0.0,10.6061,11.8765,2.59451,87.5,92.8571,11.215,1.36006,1.62602,89.3082,7.36301,27.9438,3.22581,1.87845,97.8495,4.14053,0.353357,0.0,12.4528,0.638978,0.0,2.20588,89.5735,1.96541,0.498753,3.69393,9.85222,3.01624,1.0281,7.98319,84.9275,94.0741,22.3684,32.8859,3.125,4.29338,4.73441,4.24178,1.83221,96.4143,14.2857,78.9683,12.156,1.40845,1.66667,1.50376,1.38313,3.00158,3.0,2.94118,3.65854,5.87065,0.413223,0.0,86.0825,13.4921,6.10687,95.9135,0.0,0.321543,6.33333,2.83505,93.1034,5.3076,9.32476,81.5385,92.698,88.0239,90.7038,88.0,6.15258,88.7967,26.9014,61.25,0.862069,9.42029,61.6034,5.28402,48.7047,5.88235,6.23229,1.53139,4.93218,6.90608,79.6834,7.56302,5.13089,90.0709,1.39292,94.2342,7.1618,9.7561,2.8,2.1978,5.32787,16.8498,55.9524,81.0811,3.50052,4.6875,0.992556,0.909091,6.66667,2.64484,2.08,27.3713,10.8527,1.6158,5.17241,3.0837,20.5556,31.5789,52.5641,94.9119,0.60241,0.884956,90.0,9.21053,91.9708,81.3559,95.5102,3.34076,3.1746,88.5714,93.0435,93.4694,5.4755,22.5738,52.5664,92.4528,94.9275,91.9336,11.0048,88.5714,1.46396,89.1597,86.9565,1.78218,94.1176,87.1795,92.607,7.03125,19.4226,9.92366,3.89105,9.6672,7.42754,6.90867,7.24234,1.71674,69.0141,93.1818,1.93237,63.1579,1.51188,1.62095,24.8826,88.5027,8.37838,1.65119,3.125,4.34783,1.36752,25.8065,5.59796,3.10345,3.06122,6.28218,0.0,0.862069,4.38596,2.45614,5.85223,2.58621,6.91589,4.31655,3.07467,2.80374,1.69492,4.11622,5.32319,3.49127,3.88693,3.01205,6.47572,4.10678,11.7257,9.70149,0.0,0.0,2.38095,10.9181,10.1351,7.30282,8.79121,16.4062,14.1089,3.3966,0.819672,5.10708,4.85294,85.1219,32.8413,11.7647,66.9643,79.0091,90.2523,88.6029,2.3166,28.0112,6.77966,78.7671,2.81955,1.39276,1.46341,8.15451,2.99824,4.98221,2.30382,7.11194,6.62252,13.0435,97.0874,1.42315,9.66667,92.7907,2.10697,88.8889,11.1111,0.759013,2.42291,2.61261,5.95238,72.4138,82.2222,2.4565,2.01207,2.72374,4.77658,7.63116,2.54237,2.12766,2.92943,2.04082,1.87668,5.39906,1.3986,5.33333,10.5263,2.0649,1.68776,5.61905,81.1189,2.64228,3.65297,1.76991,1.99005,5.32826,0.21322,5.46218,5.07246,1.05263,1.00897,71.0769,0.0,4.39297,2.41935,83.3333,5.70207,1.19048,0.0,1.64745,1.8,10.4444,6.2341,0.909918,92.5466,34.375,9.24574,1.22324,5.15556,3.72881,6.07595,4.92788,7.92079,9.58606,14.1807,3.5009,6.77618,92.1348,83.4459,2.23464,10.8197,68.8849,90.4306,12.5645,8.69565,3.87205,82.7586,0.253807,4.02414,4.0404,5.99369,0.947867,5.24099,2.70936,2.88925,78.4053,96.822,97.1671,2.8169,7.49574,2.77778,1.83946,2.07612,38.3459,5.36913,19.0349,85.1852,16.6667,1.52284,10.7826,8.77598,6.31068,8.83797,1.36986,0.0,8.25959,1.7316,87.7847,14.1711,50.7389,11.236,4.23529,9.98532,5.14286,5.02732,3.85852,86.6071,3.49127,3.34347,88.3721,3.08151,4.39914,16.4234,75.5102,10.2194,2.08333,8.18182,2.5,62.5,69.5652,3.125,89.8123,4.58167,3.46535,1.79949,61.9205,1.9039,11.588,4.63215,3.14534,4.7619,13.3621,10.8504,6.06061,93.3702,3.2538,49.4737,1.07817
HNGK027,95.6,9.68254,6.945,8.84744,93.4599,94.9622,98.4375,20.0561,19.6364,1.13568,86.5154,5.28169,0.0,6.88141,6.71083,5.55556,5.69106,85.6076,0.570613,0.0,6.06061,7.21063,4.52261,4.00972,17.6871,7.43889,2.545,1.6983,5.65912,2.07254,22.8474,81.1369,0.0,3.43782,11.1111,13.5427,6.85484,2.23048,1.44462,0.757576,2.05479,7.78816,4.56476,98.1567,3.75427,3.92157,4.49438,0.902935,7.80255,2.49703,0.778816,88.3983,20.339,88.4615,32.07,2.48785,1.39912,1.62749,4.56679,4.76718,6.70795,4.27046,1.49051,7.22646,3.40347,1.58637,2.83019,1.79786,92.5553,93.7719,81.2632,3.55987,0.617284,0.700935,92.3077,0.0,1.58311,15.1818,4.62555,5.03551,92.7565,96.2963,6.52921,2.09812,1.67598,91.2427,0.519211,32.3006,6.63957,0.821202,98.3051,2.6098,1.54242,5.0,3.31197,0.363636,0.0,3.14208,89.2537,0.969479,3.73626,2.60417,6.78879,5.02035,2.45982,1.75879,89.1243,94.8864,20.8333,28.1768,0.0,2.7027,5.2717,6.52463,2.85088,93.5024,3.59053,53.4426,13.1234,0.943396,2.24215,0.0,2.57599,4.73146,3.63636,1.2987,2.1414,8.51064,4.24837,1.08225,82.3771,1.3373,8.80567,96.4158,6.98925,0.342466,4.57746,2.80665,99.2701,9.54112,6.39148,88.6598,95.2206,81.288,92.2658,93.3333,7.09242,95.7307,10.856,50.7177,0.0,16.7488,59.069,7.69704,35.0085,1.71504,13.1996,1.14449,3.06122,25.8953,74.7368,4.15973,4.70167,90.6061,1.59115,95.1841,5.03876,7.66208,5.2385,14.3284,5.14064,10.0977,60.5769,87.037,5.09346,2.37624,1.91898,0.0,5.75221,2.0793,2.3544,3.44037,7.58808,1.4574,5.26316,5.58739,27.6622,0.0,36.1111,93.1102,11.9309,1.12915,90.4661,12.0448,96.2712,94.0678,96.4835,4.92462,15.0685,93.4906,88.3453,95.6338,1.99063,16.124,70.5968,98.4127,93.7107,92.5466,17.9803,81.0277,2.55933,95.9373,83.0303,2.90055,100.0,78.7879,93.4109,4.10646,8.8748,6.32853,4.25354,7.37705,11.1111,5.07865,6.86969,1.84295,64.5833,93.5065,3.44104,60.1399,1.5237,3.26274,4.56274,89.1278,10.3093,1.87742,1.53061,3.83127,1.91502,17.5439,4.12371,4.20463,4.34272,7.25902,0.890472,1.74564,7.51445,1.02828,3.59477,2.73632,7.21579,2.4619,4.05797,7.97721,1.87032,5.64054,6.92395,5.13661,4.14414,2.95829,6.74009,2.23821,2.5878,3.24427,0.993378,0.0,6.50155,2.65487,21.4286,6.36026,0.0,0.687285,9.18367,1.79894,0.0,4.10256,2.0362,94.4589,26.5655,0.0,69.0184,89.049,90.0283,89.4081,3.22802,76.8008,9.71922,92.1569,3.01418,1.36761,1.28205,5.68935,0.647249,4.17559,3.26319,12.7983,0.488998,1.0101,96.4539,2.95755,5.89431,94.1709,0.513875,83.4951,12.4218,0.445765,4.25197,2.93333,6.01977,63.4328,74.1936,2.81549,1.54839,2.1611,5.51676,7.00637,0.787402,5.39864,3.13631,3.52941,2.71883,44.9353,3.38573,7.49712,9.39227,0.852273,2.00902,6.95505,89.1473,1.17396,5.93287,0.441014,2.23979,4.31212,0.576606,6.20721,3.08824,4.50751,1.43392,80.2817,7.97546,3.45489,2.67624,84.8624,7.92468,8.41584,0.763359,3.20183,1.42566,5.93047,2.81924,1.28271,92.7471,0.0,8.65074,5.21512,4.6447,5.75949,5.19152,10.2999,0.44843,8.0633,12.6494,2.10356,9.51987,64.4068,81.1364,8.52941,3.98406,82.5632,92.3567,0.736842,9.06389,3.88186,90.2564,1.32626,4.80769,2.24062,10.3865,1.01394,5.97015,2.14592,3.48226,90.1996,94.7503,95.9881,0.0,4.89834,6.60377,2.95231,3.26705,25.3807,17.2222,18.4156,82.973,23.4205,1.98676,11.3475,8.44063,8.55107,9.17431,0.181159,0.537634,2.70985,2.91262,86.4143,12.0444,81.6794,0.727273,1.29366,3.9818,5.14469,2.71012,3.81323,97.1731,3.5488,2.2846,92.4242,1.67131,3.6556,3.98406,93.1298,4.24571,0.692841,4.84848,2.24719,80.0,100.0,5.95914,94.6739,6.08875,5.05549,1.21581,37.7778,2.62864,7.72901,2.04267,3.87873,2.34604,10.5137,10.6475,10.7143,92.8363,4.5392,34.0491,0.694444
HNGK028,95.0685,9.57592,4.06039,5.25662,94.1032,97.992,100.0,29.7337,22.9974,0.673226,76.0246,3.03867,0.0,3.97237,5.5336,2.93522,3.89179,84.9325,1.3544,0.0,2.65487,2.52212,3.75276,6.81564,9.06801,11.7371,2.71468,3.87454,11.4355,6.90423,16.1476,65.3659,15.6627,2.20859,30.0546,8.09465,9.33661,8.62069,3.33919,1.01695,3.37079,4.1841,1.52236,95.9732,7.35587,5.81551,5.05051,6.94301,6.34697,4.15897,1.28894,79.0155,8.91089,93.913,23.9669,1.98158,1.12613,0.902643,5.04202,3.84977,7.05882,1.25,1.2672,9.17008,3.1757,1.74384,4.25532,0.234522,90.0901,95.7312,75.2252,2.52874,0.847458,1.02881,81.25,4.60526,0.0,27.3521,18.8223,5.9167,92.8699,92.6829,12.7027,1.29695,0.873108,88.9583,7.39098,17.7646,3.23344,1.54762,93.633,2.22096,0.0,0.0,7.37961,0.9375,0.0,4.18301,94.2623,1.13503,0.645161,3.9819,6.84327,0.566038,2.13704,6.22318,87.5415,94.6746,52.0,44.1624,0.0,4.18649,4.8607,5.57303,3.47019,89.5582,8.59189,75.2294,27.5837,0.75188,1.13314,1.50754,0.775194,6.31579,2.21963,0.939261,4.96754,11.4273,0.991501,1.55189,85.3659,1.576,8.42776,95.6316,0.820633,0.973574,6.14828,7.88863,90.2256,8.62392,3.55208,87.037,87.8205,90.4374,96.0701,96.9697,6.46914,90.3353,16.9144,61.6379,0.817996,3.78378,56.2588,4.7051,36.7335,7.12009,12.0066,1.58293,3.64561,9.72887,77.0919,12.4877,4.03397,90.4624,1.2889,93.1727,5.06799,9.01099,1.82178,2.29167,6.53188,10.6667,75.2137,97.2222,3.92663,5.29412,0.809061,2.89855,1.48368,3.45972,7.18916,7.06107,2.1028,3.27273,1.25,3.42246,21.093,11.7647,47.4419,91.2317,2.09205,1.54728,93.1373,8.92532,93.6709,90.5405,89.9827,6.31263,4.78261,91.2253,86.0882,94.8913,5.28338,20.155,40.9761,87.6289,94.3355,90.5759,24.2545,75.6972,1.54567,89.2754,92.5,1.56344,100.0,91.6667,90.5933,5.01446,23.8402,9.15767,5.66038,12.1705,6.39648,7.50368,5.67885,11.5066,72.1805,98.2659,11.9883,39.8374,1.46846,5.22443,5.29801,95.8831,7.43243,2.76817,1.24378,4.27619,1.19122,42.8571,4.33071,2.39913,3.74787,4.83201,2.54065,0.544218,9.85915,2.31437,6.2149,3.5503,6.27645,2.27273,5.12161,7.50708,2.59067,12.1681,8.33333,3.83632,6.06061,1.30548,6.10478,3.5503,6.82261,11.4943,0.0,1.17647,1.43885,3.78378,3.36134,7.63657,3.84615,13.0653,15.8389,1.00822,2.6694,6.0,0.594059,88.8643,33.3333,3.52423,65.5367,87.8902,96.5805,93.76,4.21725,64.6497,10.3187,84.8781,2.3317,7.09864,2.47593,5.57448,2.54735,4.28994,2.2944,12.208,7.63889,0.0,97.8261,1.23905,4.5045,91.3775,15.2733,90.2655,16.1172,0.30426,3.30124,1.24133,7.3291,67.8832,95.6522,4.63607,1.52106,4.60653,3.7422,23.4568,5.10708,4.02281,2.81489,0.841515,4.01815,2.42588,1.79949,5.75968,17.3913,1.43266,1.88425,5.03931,87.4396,1.80791,3.61224,3.50877,1.99203,5.12645,0.877963,6.61323,1.65138,1.46789,2.30443,74.3902,4.14079,2.72959,2.60648,74.8889,5.61693,4.34783,1.45278,1.90476,2.90192,4.72062,2.96104,4.92476,91.6325,15.2632,8.09628,2.2482,3.29412,8.1749,1.94986,5.95585,0.973236,10.0,15.7358,1.96683,6.44796,78.3333,82.8753,7.62463,7.04225,70.7389,94.3038,11.5222,16.1504,2.78293,77.9273,0.410397,5.02901,2.68456,6.26566,1.07296,3.83907,1.90587,2.58398,84.2706,95.2941,97.2174,0.352113,7.26552,0.0,2.35935,1.31744,31.6109,27.5862,7.70578,90.2174,18.8457,1.54799,8.9578,2.62843,7.9465,3.8835,1.07991,0.668896,1.75824,2.15606,87.3383,9.10053,61.3208,8.93471,1.6595,10.6436,4.62287,2.74262,3.67377,87.4552,7.0,2.72494,97.2851,1.17212,3.65378,8.01418,90.566,7.16981,1.62075,9.98613,0.952381,81.25,66.6667,2.65356,95.117,7.9314,10.9873,2.66075,70.9154,1.73446,10.7822,2.5242,1.97028,2.53879,11.75,8.125,10.9091,95.2843,3.37878,46.9945,0.452899
HNGK029,93.5028,10.7872,5.34011,5.31046,90.411,87.0813,92.5532,21.3946,25.0,1.42084,87.9808,2.36967,0.0,5.80357,6.65824,5.08475,7.40251,82.4161,2.37741,10.1449,1.63934,7.87977,4.1958,4.12574,13.5484,2.99625,2.37596,5.79858,5.62633,2.2409,14.3561,62.5654,1.04167,0.686499,14.6067,7.54258,15.9609,27.7778,2.29885,0.904977,1.5748,3.16547,1.08381,98.1383,2.51572,1.36646,7.46269,2.86225,5.59758,1.99667,3.40909,82.3276,9.23077,95.1219,44.1261,2.54273,1.09801,0.2002,4.49275,4.93506,6.60125,3.10421,0.83045,8.82943,2.33135,1.3245,0.0,0.542986,80.6324,87.9913,82.5911,0.165289,0.21097,0.0,96.2264,0.0,2.57611,10.4775,4.66045,3.52155,80.1782,84.6154,8.42105,1.41656,3.8493,91.3618,5.33752,20.6413,8.00525,2.26537,94.7791,2.53394,0.361011,0.0,11.2723,1.84843,1.90476,3.98551,85.5124,0.814111,1.20482,3.33817,5.6,0.711744,1.39082,1.17647,88.342,96.2617,31.25,25.8427,2.7027,6.9241,4.86986,4.51482,1.80236,95.0355,6.36462,61.4754,11.373,1.6129,1.69492,0.0,0.83682,3.02376,1.54242,1.46232,3.13786,11.0278,1.16279,0.881057,78.6127,7.50507,4.06977,95.8075,4.89642,2.33577,1.71527,1.31181,92.1429,7.67528,4.80998,88.8235,91.0537,88.8623,96.9377,100.0,7.04042,94.2708,12.0981,86.3636,1.83486,10.0775,60.4811,4.51912,41.9694,9.48276,9.83607,4.24671,6.17597,5.66751,75.0,11.1979,6.31856,86.0825,2.56822,96.087,5.13219,6.01852,2.35205,0.96463,6.43382,7.05521,56.9343,90.9091,3.56131,2.98273,0.221239,0.0,0.704225,3.20417,11.2232,10.5263,6.68896,2.07469,2.72109,6.60622,27.8146,10.7143,45.8647,83.7134,6.41026,2.67417,90.4692,7.46269,95.4098,89.3805,92.4623,8.67631,2.2082,91.4925,93.1034,94.8673,4.91803,16.25,20.9924,87.234,95.4545,90.8948,15.4519,78.2353,1.25196,89.0398,98.3051,1.50188,89.8305,73.5849,92.0918,4.43975,15.9445,9.05543,2.15664,2.04082,3.38733,5.66426,6.7052,3.83747,73.9837,92.3977,3.00978,48.4076,2.46212,2.52427,7.24346,92.5515,2.8169,4.53988,0.561798,3.16678,4.94092,0.0,4.48113,3.18302,4.4964,7.98226,1.42077,4.88401,7.71704,1.41509,4.93489,3.17965,5.00417,5.20833,4.20394,2.18878,6.26478,3.83436,6.76533,6.39626,3.4279,2.6225,4.67836,2.65152,16.8675,5.27473,0.651466,12.1951,5.02092,13.3333,16.5957,6.84292,16.6667,5.2,9.65251,2.13592,3.36391,2.78571,0.906096,90.796,28.4507,0.0,78.1065,89.9798,96.1005,94.4649,1.76991,33.3333,6.80101,90.0966,2.70073,10.5034,0.954198,4.97738,2.83768,10.3668,4.83235,8.38178,7.29614,3.0303,99.1597,2.38347,11.1111,95.756,5.17986,83.871,7.84133,0.668151,4.81482,2.88462,2.01342,70.3947,78.2609,3.2974,1.25136,1.21212,4.8951,7.8125,1.03093,2.14286,2.92887,5.18518,2.67717,2.82051,0.837521,2.79605,6.14525,1.62602,1.99362,5.41045,78.1421,1.22164,5.75916,1.88206,2.21843,4.87994,0.64,4.5045,5.99034,4.04218,2.17391,72.5947,0.609756,3.03838,3.94858,86.2595,8.21209,0.699301,2.41546,1.97947,0.972862,7.18816,2.62892,3.33605,71.6692,8.39161,10.3314,3.04054,3.28564,12.2491,2.40616,2.68139,1.55556,9.00141,14.1727,2.50266,8.62445,74.4828,82.5054,4.14013,9.66608,74.4589,95.8506,9.23845,16.0079,4.08472,84.5304,2.39651,5.23952,4.0293,6.35452,0.0,5.60448,1.4827,2.84996,88.1262,92.7308,93.5849,0.0,5.03597,2.27273,6.59898,2.23214,14.3369,3.92157,13.1441,82.2115,4.57903,1.12782,8.9955,4.05954,5.2017,6.78571,1.32159,0.606061,2.60586,0.50813,91.0364,9.15119,63.8814,4.28571,1.53846,4.25311,1.77515,4.15601,0.591133,92.8205,3.04569,4.71154,81.3953,3.71445,4.93662,13.5455,83.1579,6.88008,0.869565,8.7037,0.769231,75.7143,81.4815,3.06633,93.5252,9.62099,2.34192,1.62963,74.3925,1.99627,7.2,2.02361,2.21764,2.58718,11.4754,13.0081,5.55556,88.9671,4.92537,52.2222,0.271739
HNGK030,95.6811,8.96552,5.27108,9.23248,93.4021,92.4731,93.9891,26.2983,18.5484,0.916104,87.6289,9.71787,2.14286,5.39683,5.59081,4.11687,7.7381,75.7755,0.807537,10.7345,10.4348,7.33418,3.5316,5.41436,8.29016,9.62025,2.86369,3.36077,8.10976,5.24691,19.2953,76.1523,6.42202,1.26659,12.5,11.2649,17.2161,19.6643,2.0141,2.85714,3.7037,6.89046,1.89994,97.1717,3.94265,4.80905,2.6087,5.81583,5.89336,2.87846,1.24138,83.3168,17.5676,94.1799,28.0603,2.39362,2.21088,0.888231,4.03749,7.11044,6.73317,4.08759,1.30048,7.9096,3.08008,2.8436,3.28947,2.09747,89.4397,91.8083,74.1617,0.854701,0.892857,0.0,82.4176,0.706714,1.20773,11.8705,8.48828,5.28205,85.8283,87.069,16.3636,3.47057,2.36052,89.4885,7.67697,22.0616,4.61255,2.95395,93.3798,2.58107,2.589,1.63934,5.98368,6.47841,1.60643,4.51923,85.9206,1.0442,0.539084,2.95119,11.0505,1.20087,3.28926,5.20833,84.7436,94.152,31.5217,38.2222,0.0,4.02166,3.75303,5.52792,3.34949,95.4704,9.24856,62.1019,14.7441,0.512821,3.04709,8.23529,2.13876,3.14853,9.86343,0.804505,5.13631,10.7744,1.34409,3.26531,78.9104,10.9707,6.20155,94.6121,3.84047,0.738007,4.0521,2.43902,94.6746,7.53952,7.32279,90.6977,92.0053,86.9461,96.7232,97.2222,6.53533,90.8385,16.8175,57.3864,0.992556,6.3197,59.7682,7.02479,37.0307,12.6482,11.3224,1.35135,3.07125,16.1107,74.0514,17.6203,5.85834,92.1603,1.98921,94.4146,3.44333,5.16014,4.62315,1.75439,3.47615,10.1423,54.1322,83.6957,2.76959,4.61894,0.813008,6.63717,1.09689,2.002,11.6788,9.75177,4.87179,2.85036,1.7094,6.42792,28.7415,10.0,51.3369,90.87,2.53165,1.4979,89.9805,15.3374,95.4369,83.5294,93.1083,8.56882,8.01527,90.6065,88.9091,94.6623,2.30978,24.3846,45.1586,96.5517,93.9954,93.3061,13.587,79.0123,1.35203,93.8787,87.037,1.65441,92.0,90.8397,93.4901,2.61593,12.7371,10.1104,2.14216,3.97306,6.45812,6.44153,4.3222,1.75801,81.6,93.2836,6.0423,50.9881,2.34474,3.91127,4.21053,92.4647,9.27694,1.96484,1.74419,3.05732,1.62482,24.7706,8.5048,1.64557,5.13784,9.32127,0.746269,3.11558,7.07804,1.47162,7.71439,3.32871,5.73343,4.21941,4.92854,5.14851,1.55587,1.76056,14.3969,8.01145,4.53939,8.51064,5.67823,3.33116,11.0465,7.08263,1.10619,1.60643,7.12251,7.14286,27.027,7.15461,4.78261,1.75131,10.9233,3.99461,2.36686,2.46744,1.39706,88.6437,28.6441,0.0,70.2439,81.6092,91.5888,95.5592,3.3366,52.1053,7.41573,88.2726,4.159,4.80349,1.39165,4.30273,1.35135,6.00437,3.23822,13.4449,9.21659,16.0714,94.8571,2.98151,8.79541,90.8772,9.14286,95.7317,10.1977,3.88979,4.68004,1.54306,5.60949,70.5882,80.0,4.53636,2.51989,2.52294,3.78855,7.91815,0.727273,4.13223,5.09832,5.32319,4.77178,4.06886,2.13618,7.18563,8.23529,0.303951,3.81072,6.74357,82.3276,3.04487,4.86855,1.85185,6.32184,5.59392,0.555115,6.15942,9.1425,1.33172,1.51278,78.6667,2.33333,5.34908,1.67481,88.5942,6.55135,6.53595,0.643087,2.77333,2.69058,5.91001,4.7504,2.85293,90.6787,5.29101,9.04359,4.72441,4.27316,7.87943,3.57534,6.08324,2.63653,10.5304,10.4728,2.94774,4.88722,68.3938,80.6552,14.6751,4.04798,77.3001,92.236,12.7119,17.8439,5.42692,86.0077,4.5,6.14597,4.36486,6.67624,1.02433,7.34449,2.65957,1.93885,87.6923,92.4051,95.6076,0.0,2.64966,7.30594,2.76846,2.87037,22.4576,20.0,11.4695,83.2569,17.5379,2.12355,9.63303,4.06091,4.77733,8.95522,0.206186,0.75188,3.82294,1.0118,88.4361,11.8705,62.5566,5.44662,1.55763,9.98782,2.57732,3.33784,5.14019,88.8283,5.74713,3.14708,86.2366,3.38983,5.49266,11.1899,85.1064,8.79017,1.06383,5.44218,1.75439,67.1053,79.5918,3.52645,94.743,9.49765,3.36134,3.80518,42.1543,2.21958,7.3224,5.70158,6.63717,5.59105,9.66702,10.0787,16.129,88.1173,4.36187,41.8182,1.24805
HNGK031,97.0123,8.19367,5.47604,4.70514,96.3899,96.2963,95.5556,24.7173,14.264,1.61542,81.9188,2.74725,1.9802,4.28571,4.28809,5.26316,3.96707,82.3884,0.776398,0.0,6.12245,4.75494,2.63736,2.99685,7.30159,5.99676,1.52866,1.40281,2.6383,1.78571,11.6195,70.2703,4.09091,3.51171,8.98876,8.19175,2.03562,4.60705,1.59363,1.44928,7.24638,4.78955,0.204082,98.1928,1.40845,2.69151,17.9487,2.14168,6.99088,3.94477,0.736196,82.3899,7.43802,93.8596,36.1364,1.2474,2.36575,0.585652,4.91895,4.06746,7.46528,3.64583,1.61082,7.16492,2.01427,1.47275,5.38462,1.66065,85.3061,94.3627,81.523,0.0,0.217391,0.840336,80.3279,0.684932,0.795756,6.16062,2.25225,5.68862,87.6744,95.2381,11.25,1.24756,1.06707,88.766,0.609137,17.3946,1.5625,1.26939,93.8095,4.00682,0.970874,0.0,2.5732,2.41758,0.440529,3.0837,80.8219,1.0101,0.813008,5.46763,5.9501,3.45912,2.08241,5.36723,88.3636,95.8763,30.5882,38.785,1.5625,3.79651,2.7668,3.83987,3.60288,95.0108,1.68269,67.6617,13.6213,0.0,1.06007,1.70213,0.965018,2.44941,7.57576,0.827206,3.55257,9.58904,1.66667,1.25313,80.7339,2.66094,3.83008,95.5556,1.25,1.28205,5.31697,3.94511,93.7107,3.56473,7.55968,89.8089,92.4229,87.8549,95.3725,93.617,7.87956,90.8019,11.9688,45.8874,1.64706,9.09091,61.3402,2.67857,29.6066,3.5533,8.18713,1.86084,4.02955,4.81366,72.6923,3.30827,3.33333,90.1709,1.81733,95.1493,9.91736,6.89655,2.39308,3.59848,3.5313,2.68293,63.587,91.25,2.63845,3.97112,1.60514,1.63934,1.20773,2.18579,7.42804,2.26629,2.90323,0.772201,0.546448,5.33333,22.7364,0.0,50.4132,90.2083,4.58937,1.1583,92.8222,5.37037,95.125,85.4251,97.6316,7.33696,3.13901,93.2166,90.1993,95.8707,2.51451,15.1832,29.6804,90.2655,87.4419,92.5811,15.7343,79.902,1.39603,96.0663,85.6,0.775194,93.4783,82.4742,94.5813,5.84795,12.1569,6.6168,0.888889,7.33333,6.34921,5.4816,5.6701,1.94175,80.0,94.5312,1.98083,61.1842,1.36004,1.1245,8.27586,90.3339,9.58333,3.89892,1.96078,2.91925,1.37615,6.75676,4.82456,1.40845,4.36681,4.59219,0.260417,0.584795,3.09278,0.101112,5.63158,5.05837,5.84416,2.77778,3.27163,4.59184,2.11039,3.47985,4.75162,1.41066,1.97044,0.475059,7.10259,2.79898,1.29683,4.3379,0.350877,0.0,6.71642,4.8951,51.0526,12.091,1.58311,1.40515,15.614,1.91571,2.8777,4.67557,0.592417,88.2675,28.5199,1.24481,70.3704,86.2144,93.4312,95.5432,3.67107,66.2937,6.68103,90.8752,2.44917,1.00287,1.95122,5.83333,1.02696,3.88693,2.71552,8.87358,3.1746,0.0,91.7647,1.83681,2.99625,88.4384,0.304878,84.4828,8.80914,0.981767,1.44144,1.52284,2.6999,72.3077,79.1667,3.26959,1.35837,1.00402,3.54978,5.72557,2.99786,1.84109,3.30396,1.34228,1.85185,2.77443,0.60241,3.32871,8.3682,0.151976,3.3532,6.15942,73.0769,2.57827,5.86957,1.01449,3.10881,4.36364,0.433276,2.93941,9.4451,1.7301,2.52167,75.772,1.31004,3.13808,2.45821,90.2913,7.12946,0.0,0.446429,2.27577,1.06049,7.69231,5.44554,1.95965,76.4249,10.8108,9.57923,2.55009,4.11132,1.68498,1.40916,4.79846,2.42424,7.71242,10.1449,3.56164,4.38144,70.7317,79.798,4.62777,5.89023,80.25,88.8158,1.35135,6.52681,3.01769,83.7022,0.512821,6.36758,2.84293,4.45434,1.0118,4.98726,1.33964,2.02287,89.8305,93.1507,95.8251,1.0989,3.11688,1.77515,3.32068,1.473,22.4852,15.0485,12.3874,83.9674,7.0997,1.19403,9.16399,4.00501,8.21078,8.58896,0.0,0.980392,2.06612,2.00893,84.6645,13.7179,60.454,1.96078,2.31729,2.49458,1.48699,2.14885,1.90658,92.5781,3.29114,1.18906,91.1854,1.98238,3.50877,1.92813,91.5663,3.21138,0.321543,4.70085,2.66667,46.8085,86.9565,3.62047,95.8904,8.85246,2.40964,1.05042,95.0721,1.60577,9.61263,1.61394,2.01745,4.52436,8.85886,1.96078,0.0,92.7765,2.5463,43.2314,1.00402
HNGK043,96.5854,7.19225,4.50346,8.20208,91.9886,91.7526,98.0892,17.3432,16.7464,0.614182,85.2343,7.2,0.0,4.96524,5.60391,2.79465,5.07017,83.2827,3.08411,6.36364,6.93069,4.38871,4.43459,7.74077,18.038,9.56848,2.61628,5.72354,5.80552,1.566,15.9856,77.9693,1.81818,1.00137,14.0351,13.049,5.0,10.7015,1.68006,1.52091,2.34742,7.04467,2.06704,95.5823,8.63309,3.16957,15.3846,0.707547,3.54648,2.3199,1.83554,86.3535,8.60215,96.5035,31.3596,2.24439,2.19159,0.968054,5.57636,4.9864,5.87932,4.68354,1.22306,8.61148,2.90821,3.71287,7.14286,2.36376,90.2439,92.6457,76.8623,0.973236,1.57791,1.08696,65.7895,0.479616,0.826446,6.23441,7.73395,4.47368,78.3557,87.5,11.9266,3.2175,2.43205,90.3483,6.51751,19.0025,7.90514,1.43229,89.7119,5.04994,1.24224,3.7037,4.63122,1.11465,0.429185,3.71353,86.1004,0.777958,0.791139,6.16523,7.52445,2.07297,2.15503,7.10173,91.629,95.2703,16.3265,20.5405,0.934579,7.08899,5.01441,6.06193,5.1669,96.7391,4.45434,51.4493,14.2961,0.673401,1.1655,2.18978,1.64141,3.26741,8.67537,1.42084,3.50877,9.04943,3.16265,0.823723,74.9436,30.0853,3.83008,96.6443,3.46386,0.389864,2.45902,4.03531,94.4785,8.22076,7.79163,90.5,96.2656,90.7678,95.7955,97.7273,7.57965,90.8642,12.7968,48.6911,1.89125,16.5992,55.2773,6.03837,42.1889,2.84884,5.25926,2.60931,4.63728,9.58421,75.4958,4.82574,4.19927,92.8237,3.13247,94.6073,5.13644,6.86869,3.96226,2.28426,6.65362,3.69276,52.4862,88.6364,3.31647,4.53284,2.90909,11.3208,1.8797,3.3695,5.81778,10.0629,4.73684,4.54545,1.47059,8.39161,20.9476,6.06061,38.4058,91.6988,4.8433,1.31417,90.7936,10.7246,93.6471,86.0182,95.6012,4.5068,17.9431,94.3796,88.8489,97.3585,3.67119,12.0482,32.3353,87.4126,90.1442,91.6933,11.9205,79.3478,1.92403,91.3456,91.2162,1.53621,90.2439,84.7059,88.2488,5.71979,8.69565,7.9286,2.53846,6.36682,4.94217,6.31409,5.24523,5.49598,83.9623,95.0704,6.06495,63.964,3.02548,2.65551,6.47163,89.6254,9.05753,2.86717,1.88976,2.24509,2.29956,27.3504,6.23917,1.91638,7.05053,8.02492,0.447427,5.20661,4.55312,2.66667,8.97375,2.83505,5.75954,3.7037,3.05876,1.89394,2.96827,2.89256,4.52489,9.73262,4.6332,2.43902,6.48485,4.42733,4.31925,4.6875,1.41093,0.0,7.2,6.24204,21.9298,8.46837,3.50109,9.13793,9.38375,1.61365,1.77515,5.93089,1.27724,87.106,29.274,0.906344,77.8816,78.1026,92.3966,95.073,23.8714,47.7426,15.3846,85.9551,3.77834,6.64731,1.71858,6.08808,6.86275,8.23699,4.6824,14.0006,2.38908,2.10526,100.0,4.0401,5.84677,90.1186,2.78481,93.2432,10.2627,1.32383,5.66696,3.22019,3.52021,66.9014,85.7143,3.67107,2.24138,2.4961,5.67376,7.42574,0.860215,3.10702,4.33355,3.73377,4.46991,7.65306,2.93296,3.68809,6.97674,1.12486,2.96089,6.36775,80.4545,6.00739,5.25314,1.2987,3.16418,7.26987,0.848485,5.5,9.0176,4.68227,2.05158,70.935,3.54167,5.65986,3.46788,86.7876,5.17178,1.41844,3.90625,1.8847,1.7192,7.85425,5.34856,5.20878,82.6829,5.17241,9.22481,2.25847,3.19439,5.56886,1.65917,8.0,1.64204,9.81229,13.6896,3.45757,9.29293,76.5487,76.8608,5.65111,8.09352,85.7934,93.4708,4.56731,8.28025,5.20416,80.1097,1.49864,6.87876,3.40405,6.26822,1.21951,5.01688,2.11907,2.42317,88.5514,93.5389,96.281,2.83688,5.08571,6.93069,2.48447,5.37634,26.7456,12.7049,12.4015,82.0197,21.1215,3.7594,9.48564,3.93586,6.32479,6.33714,0.854701,0.497512,4.03226,1.34731,88.2775,19.5025,78.8531,9.22619,2.73605,10.7472,3.37268,4.07312,6.74438,96.8571,7.27612,3.22108,89.2944,2.45951,4.45879,6.94087,89.0547,6.43881,1.36126,6.73575,1.74672,73.5849,87.5,4.41119,94.1617,11.2676,2.75862,3.88548,93.4493,2.71574,17.5111,3.95421,4.39137,5.82437,13.2112,3.65112,2.43902,89.3617,4.51264,42.0814,0.828157
HNGK045,96.6434,12.2837,9.57747,11.9371,92.8105,94.4444,92.5234,17.4342,27.4752,0.918033,86.7021,7.51174,1.88679,5.66728,6.54084,5.04854,5.36028,87.9333,4.35865,14.7287,11.3636,7.6671,4.36508,5.34521,7.56579,6.51163,7.64088,3.48361,7.17336,5.65149,16.8869,75.6477,8.57143,2.14497,12.2807,16.1867,16.1702,15.6794,2.77469,1.40449,1.16279,6.60264,3.44828,95.5975,7.8534,5.58036,7.92079,3.91304,4.84582,6.49351,3.27869,81.7221,13.3333,97.9798,29.4872,1.55693,2.36372,1.83861,4.80591,9.57684,8.93427,4.62329,1.23773,7.08035,4.07221,0.994575,5.50459,2.69841,89.9204,93.2084,82.6923,2.33236,1.99203,0.537634,80.7692,1.72414,0.900901,9.31034,15.4397,7.43838,90.799,93.8462,17.8082,2.93638,2.0,93.4302,8.98876,31.5117,3.30579,2.39602,90.0553,4.08511,0.724638,3.26087,9.54545,2.76134,0.763359,3.43214,89.5487,1.23989,3.34507,10.1754,8.77863,1.98413,2.42184,5.64784,86.9427,95.4128,32.0,29.4118,1.92308,6.15836,4.31779,5.79179,5.36585,96.962,6.58466,47.3118,17.0074,0.416667,1.70455,4.97925,1.95003,5.23627,8.76847,1.70015,4.87805,9.14439,0.886525,0.842697,72.5131,11.191,5.64103,95.537,7.32323,0.519031,2.51397,4.2,89.7638,9.50031,9.73551,79.096,96.9154,87.5,96.0828,94.7368,7.81759,92.663,13.5556,49.7487,0.655738,20.4918,46.31,7.49108,41.573,2.70035,8.37642,7.1134,6.54481,13.9506,75.8621,10.5335,5.02042,93.1663,1.62996,94.708,6.07287,10.4027,2.90256,3.31588,3.52941,6.85579,56.1151,81.0345,3.68835,2.41477,3.37382,2.1978,1.04603,2.51046,20.25,9.93151,8.33333,0.253165,1.53061,6.01805,25.3211,13.5135,41.8803,93.6446,13.3452,1.85691,95.2692,12.5554,94.7368,92.7602,95.1673,6.99774,15.894,89.2473,91.1917,96.0426,4.96689,17.5218,21.6755,90.2439,91.9643,91.707,15.5673,82.4742,1.58616,94.8617,88.4956,1.31885,100.0,75.5556,89.3175,5.99572,9.33333,9.01554,3.88979,8.27225,8.22551,6.80544,7.0,3.87244,76.9231,94.0299,5.90688,74.9254,1.66309,2.8715,31.2849,91.9156,10.0707,3.2849,1.52672,4.70085,2.43278,12.9032,3.97351,3.28597,3.85675,9.00679,0.780234,2.56674,3.73832,1.06952,8.63079,2.33051,5.69948,5.89226,4.26084,5.06329,2.0,8.92193,6.93069,14.7936,3.52021,3.40009,8.10373,4.68354,6.814,3.42857,0.357143,0.740741,15.6164,3.7594,23.1293,11.3162,1.01695,2.91005,18.8082,2.60155,1.59292,3.61817,2.19298,88.8165,30.0283,1.79211,80.3347,80.7348,89.934,93.4307,3.92943,26.6366,15.047,79.3939,3.93873,3.59254,0.970874,5.66416,1.94421,6.75355,3.37745,12.4518,2.7907,0.0,94.4954,3.37079,3.28467,93.3241,2.43902,96.4824,9.82218,2.83251,4.2623,2.70907,3.4915,63.7931,73.913,3.2538,2.00827,3.26087,7.58621,8.16062,4.47761,2.71614,3.16667,4.09556,4.95532,2.91829,1.71527,4.01855,6.92308,1.31579,2.20769,6.28803,82.8767,3.93258,6.36206,0.869565,4.58477,3.91937,1.46893,4.81651,7.93651,4.06321,1.86207,73.5537,1.48699,5.39302,4.35115,88.7789,9.18596,0.671141,2.91971,2.33766,1.65148,7.77262,5.23104,4.066,75.4918,7.03125,8.23755,1.5015,3.66599,3.38542,3.10825,7.63557,5.22193,9.69456,11.8844,4.89237,8.13623,69.6552,58.4493,4.60526,9.91189,90.4306,87.3333,8.75421,8.0,5.66502,85.2727,1.21317,4.21995,6.70927,4.7619,1.16279,9.51917,1.974,2.4911,88.54,95.1574,96.4912,1.52672,6.09284,5.47945,5.33579,5.38385,19.2857,32.1543,19.9214,87.3563,8.32383,2.82087,9.80392,5.98007,8.39753,4.74227,1.23457,0.434783,4.22857,1.75202,90.4239,12.7273,83.6553,1.95312,2.17549,5.89124,6.61479,4.64675,2.64005,87.8505,6.69145,0.952381,91.9355,2.85533,4.46184,12.5541,91.6667,8.58537,2.91545,9.78723,11.8959,58.3333,87.0968,2.55452,93.985,15.2108,2.99065,3.42466,73.7762,3.13472,17.5772,2.85855,1.97568,6.45161,8.32298,10.9677,20.0,88.8,5.7652,40.3141,1.59681
HNGK050,95.283,7.6259,3.89105,11.061,93.8242,92.1875,95.4023,33.391,23.3146,1.28983,77.7211,0.892857,21.0526,7.44186,8.05943,4.17537,7.45257,89.921,6.12245,7.61905,8.92857,7.29013,3.00752,5.10949,11.9792,7.76942,2.28509,2.08,5.21327,1.8732,17.5057,71.1538,5.17241,2.73802,28.5714,10.3408,4.91071,2.34542,3.78378,0.952381,1.69492,7.13649,1.77815,97.3856,2.41935,5.20548,15.0327,2.19436,5.17677,5.03731,1.50115,81.0313,13.3333,90.0,31.7797,3.18252,4.67626,1.90114,5.7554,7.91045,7.20439,3.14861,1.68845,7.6555,3.90969,1.71326,4.86891,2.57967,86.1244,91.9591,82.1317,0.673401,0.0,0.534759,59.0909,2.10526,1.37457,13.2283,7.89793,5.3721,79.085,97.7778,15.6716,4.9864,2.40964,94.4502,4.85437,15.5598,4.47928,1.73134,88.2353,4.913,0.943396,3.27869,4.74576,3.86029,3.93013,4.92505,86.9186,2.43478,0.0,11.6032,8.81954,1.62866,1.98451,11.2069,90.8377,94.382,17.6471,17.1171,8.25688,5.25803,4.93992,6.37181,4.23775,93.2817,6.47727,55.642,11.9658,5.52995,6.81265,7.40741,3.68249,4.7619,2.53623,1.29096,4.48895,8.3229,6.70391,0.400802,76.5896,26.281,4.30108,97.5425,2.77778,1.72786,7.25191,1.86335,97.9592,9.25708,6.83099,90.0662,90.5355,84.1918,93.4498,97.3684,4.536,93.3071,22.0149,36.7089,7.36196,13.7931,67.3077,5.63636,41.2151,13.8418,8.49315,1.17532,7.96296,16.1458,66.5025,14.158,5.80259,89.5184,1.77215,77.0186,5.8642,6.80851,3.18153,2.72109,10.0147,10.4816,50.0,73.2143,1.85258,4.11932,1.07962,1.40845,0.0,2.93907,5.12821,4.43548,11.4754,2.80561,4.51977,9.26407,24.5436,35.7143,48.1481,91.002,1.95599,3.42612,93.3962,10.5714,94.5299,88.0952,97.5309,5.5336,12.0192,91.6179,85.5124,97.2665,1.98135,9.84456,32.4245,83.1169,93.5743,92.1886,13.1195,81.0256,4.07709,90.8023,87.2611,2.10084,86.6667,82.9268,90.2141,9.40071,12.9794,8.78187,5.13889,5.46875,8.87012,6.85966,7.5718,4.2,88.0,98.2609,7.40741,72.2826,2.07951,2.04947,5.02431,88.2353,5.15759,2.66223,8.85714,4.18929,3.11731,10.1695,12.2667,1.70394,4.38247,7.29693,0.507614,3.50404,2.01149,5.0,6.87535,3.01624,9.96785,8.69565,5.80931,5.28169,6.02837,2.46002,5.37975,5.90909,5.40541,1.64179,6.86185,1.63934,12.5514,7.69231,0.0,0.0,7.87671,10.8209,41.6667,8.68444,14.5907,8.40336,14.433,2.12014,2.68908,4.91667,0.622665,88.5502,39.8119,0.0,66.3507,80.0995,89.879,95.356,2.42424,46.2462,15.6627,89.916,3.40705,2.73834,0.746269,8.12875,2.97297,3.10811,4.09739,11.544,4.85437,2.0,100.0,4.91434,25.0,90.2655,6.60112,89.9083,11.3998,0.496689,3.24803,1.26414,6.10837,66.6667,74.0741,6.43225,0.623377,3.47107,5.74866,9.30233,6.52681,2.96128,3.34764,6.49038,3.35196,6.17849,0.590842,5.66802,7.40741,3.58974,3.0303,5.88942,82.6667,1.98582,5.36765,0.729927,3.14193,4.98375,0.572519,5.52612,9.98767,6.26263,2.13198,68.1818,1.35593,3.96613,2.93884,79.7665,6.34675,0.0,1.89573,1.98441,1.70485,7.66284,6.2448,1.94805,85.2031,1.0,8.40249,1.4652,3.2571,10.9162,4.83425,9.48905,1.76471,14.0351,11.8681,6.9594,6.2,64.4737,70.7237,11.165,6.38298,82.4074,86.3946,5.33088,20.5805,4.47036,81.1518,0.551471,3.99306,2.23547,6.63616,0.395257,2.48366,2.48366,4.15822,81.9209,94.8229,96.788,13.7931,4.66733,7.20721,7.13392,6.72043,21.5827,13.9759,15.1681,84.3003,14.0659,3.14885,7.16019,4.46429,8.65955,5.45746,1.99203,0.438596,3.08483,1.30662,87.4138,13.1624,83.2025,10.4072,2.19124,6.34921,6.75676,5.76198,5.87173,87.1134,6.32091,2.26782,86.7159,4.99287,7.05977,16.1151,78.7402,6.84134,0.156986,5.27473,5.16717,87.5,92.5926,4.8254,89.1253,9.9356,6.35359,2.13568,81.295,1.98694,9.81308,3.16015,3.11419,3.9072,8.65854,10.9375,0.0,90.0398,3.25301,48.062,1.24113
HNGK053,95.398,9.45709,6.72888,4.81605,92.8854,83.3333,93.4426,22.2025,20.0886,1.42631,68.3473,4.11985,1.36986,3.62319,5.70934,3.84615,4.26121,77.2999,4.63801,7.45342,19.4915,4.24093,11.6162,11.3074,13.4387,17.6752,3.35071,6.21915,8.12133,1.63399,23.6503,63.3803,7.03125,3.22581,6.45161,10.0529,7.26644,46.9799,3.60577,3.59281,0.5,2.52525,7.38328,94.9153,16.5289,2.94388,8.87097,3.79147,3.9517,4.39684,9.30931,79.8901,20.4819,96.8085,40.1515,2.1164,3.89041,6.32133,7.72098,6.50558,13.5593,6.55488,1.24839,13.0274,3.84117,1.2549,9.26829,1.7532,78.3172,91.8478,76.5492,1.80723,0.0,0.35461,83.3333,0.50505,2.73973,17.4187,13.7681,6.42002,90.3661,94.2308,2.75862,2.44444,2.65029,86.7711,21.4062,18.7616,5.29876,2.13333,93.3962,3.27869,1.38408,0.0,16.2956,0.875274,0.738007,1.72202,83.4101,1.78767,4.14013,2.38095,12.6829,0.956023,2.34499,6.51163,84.5188,87.6404,38.4615,36.8056,0.0,5.66038,8.77963,6.46067,4.19236,95.599,25.8237,70.4918,19.1402,0.0,0.591716,18.6047,2.64766,2.31023,8.78274,3.01921,10.6694,9.63855,2.83019,0.837989,77.6699,36.4372,9.4697,93.5282,8.75912,3.0,14.4022,1.77515,88.5714,7.08713,6.4836,90.9091,93.097,80.9524,96.7666,100.0,7.79264,91.629,18.395,45.1852,1.39276,8.46154,58.042,9.96678,40.1566,20.1258,9.89346,5.93081,7.25365,27.0538,82.669,22.8104,5.72263,92.7856,1.94805,92.7553,4.97925,10.8108,2.87814,0.977199,11.9441,24.8408,73.9437,86.25,2.09924,4.58015,4.3771,2.04082,2.58621,2.55293,31.679,18.8272,9.68992,8.22898,2.48447,10.023,20.7006,19.4444,40.113,90.4839,2.69151,1.05696,88.7073,20.7513,93.2076,88.6256,78.8194,3.09406,12.1951,90.2615,83.4382,94.8995,3.83562,21.5596,61.2116,85.8491,87.8049,90.1869,21.223,71.1443,1.34014,91.3828,88.7417,2.85388,81.8182,70.0,91.0628,13.6134,17.6471,8.17717,5.76923,10.1556,6.42738,7.89164,3.77193,7.6326,77.551,97.6048,14.4097,61.6438,5.24129,10.963,6.00522,88.7755,3.59281,2.95421,3.91645,3.37576,3.26959,18.9655,12.3314,2.14918,3.30033,7.18841,0.820633,3.07125,13.2632,2.57117,12.5074,5.6701,15.8324,8.41584,4.27423,4.56204,0.705882,3.75,7.95229,8.58586,7.32759,3.77483,5.46358,3.30579,16.7656,8.39416,0.31746,1.96078,15.7107,8.05556,61.5385,15.1809,25.625,13.2383,14.0033,2.72904,4.89914,7.18157,1.16376,89.396,25.7403,6.58683,76.4706,87.6956,93.0847,92.0312,3.33651,79.9454,4.61538,80.2053,3.7461,9.05778,0.555556,8.25222,3.11909,4.57627,2.17736,11.9193,16.8,12.6984,91.9192,3.20175,20.7831,90.5775,18.099,92.2222,19.5368,0.0,5.13784,1.78971,4.81172,68.9655,62.069,2.25291,2.68456,2.38727,8.78906,8.43931,3.87097,4.08372,5.92593,4.51866,2.56137,3.9924,1.85497,9.55752,13.5593,0.815661,2.73881,6.11907,72.807,7.89946,5.69363,2.00573,1.98473,4.3038,0.490196,13.6364,6.7052,9.41781,3.84906,73.3032,1.91388,2.05263,2.52039,87.4126,6.90476,17.7914,0.615385,3.38753,4.44944,6.65829,10.1971,1.77165,67.5485,23.9766,12.1896,5.04323,2.73907,17.4613,2.23426,13.8911,4.67033,8.14978,14.8526,2.72068,10.0354,86.25,83.5689,17.6316,17.2174,69.5,93.6709,18.9706,21.5501,10.1344,84.5884,2.07547,9.06096,6.20732,7.3694,0.475624,9.17468,4.23561,9.65862,78.4661,94.6352,84.5515,0.0,4.69027,2.0,8.28652,7.90274,27.7512,14.3617,12.1324,67.1924,12.8556,3.78151,8.49673,4.40917,11.2077,5.60748,1.63934,0.823045,4.42055,1.20482,83.0128,14.4621,56.0521,20.2614,3.61794,14.321,10.7383,5.35396,2.24972,86.2745,16.6159,2.03218,79.056,3.10078,6.98039,22.2874,82.8358,21.8498,1.44509,4.44015,1.81818,62.5,94.4444,3.11891,90.593,7.52798,4.75382,2.75735,88.5321,2.07429,9.9631,4.79154,2.47052,3.98293,16.7085,10.2778,12.1212,88.6326,6.40704,37.3874,1.21107
HNGK054,90.785,8.04196,4.81675,21.3472,94.0299,92.0,94.5205,51.2262,26.0274,0.221729,83.965,10.4348,11.7647,15.3846,15.536,11.7155,26.5213,86.1017,18.9274,8.47458,0.0,18.8153,13.5338,12.1281,14.3939,17.6471,11.0661,19.7802,26.2557,38.6161,35.3877,78.3186,50.0,10.3933,43.9394,23.5955,36.4865,36.0614,23.7624,33.0396,2.64901,15.257,32.029,95.4918,1.62602,17.619,8.10811,21.9672,25.661,26.4631,8.97436,83.8275,23.2558,100.0,33.7423,15.2553,20.2046,12.1864,16.3462,34.7176,19.1684,9.92167,16.8924,14.9194,8.74159,9.4306,31.7073,17.1429,71.8519,84.7458,76.4045,9.51087,0.0,35.6164,66.6667,2.30769,5.03876,11.2426,2.17391,13.1933,76.4444,84.375,24.7934,15.1972,0.594648,79.7619,5.20231,18.8608,23.7687,12.3436,79.5082,17.2662,13.4375,6.06061,8.71985,18.6047,39.6341,31.236,74.8858,23.3751,6.77966,17.8484,34.2205,20.5082,2.6178,22.9075,93.3333,72.093,50.0,37.5,25.6927,9.91736,16.2442,12.2708,24.102,89.8936,38.7048,68.9119,30.5185,0.0,16.2651,44.4444,20.0675,19.0939,26.7735,18.0481,20.6145,21.4628,18.5345,23.2804,72.314,11.8182,32.6284,95.0658,25.7384,0.275482,30.2128,11.4525,93.0556,40.3974,25.3414,92.3913,82.8711,74.1419,85.812,100.0,11.3177,90.5759,35.6955,74.4898,4.42478,33.6842,72.4638,42.5472,51.8198,27.6736,6.66667,28.3904,31.0696,19.8444,69.5652,42.1853,19.602,86.9863,17.5618,80.2372,6.56566,3.92157,3.76214,1.19048,7.35294,6.639,59.0909,91.1111,13.3056,14.3791,40.6484,0.0,1.74419,6.91145,13.9262,15.3846,11.0553,12.2667,38.1944,27.0463,24.2537,30.7692,47.1429,90.9604,11.1688,3.96601,80.3571,35.9281,91.3319,90.625,93.2203,33.4426,17.9487,86.747,85.5469,96.6197,16.7391,27.7385,13.0503,87.7551,94.1176,89.605,30.9091,73.6111,9.82759,95.8512,84.7826,11.7727,77.2727,100.0,76.5766,25.2358,25.9259,8.375,21.7304,6.4275,13.8225,15.6533,6.45161,1.76211,78.4314,96.063,15.9259,65.3846,15.9101,5.36398,6.14251,92.891,20.0,8.26996,13.7363,19.1571,10.0189,50.8475,19.0769,4.25532,1.87793,24.1893,0.580271,22.7642,12.0219,18.0354,18.3387,19.5783,30.1887,18.6937,20.1657,58.2393,27.8716,18.0937,13.9785,6.07966,22.664,28.1481,25.2226,11.5727,17.8922,2.43902,2.20588,25.2747,62.1247,19.4861,56.5611,23.8876,13.4529,22.1818,23.3184,13.3929,1.5444,3.33333,1.43678,62.1942,33.0882,0.0,72.8814,82.7348,93.4211,93.5897,19.8614,32.1321,17.2414,83.7989,14.1612,32.713,16.6667,7.66096,6.42504,27.4788,7.70791,17.5614,4.63576,5.40541,98.3871,19.0665,20.7627,90.2439,5.44554,89.3805,18.2819,6.21469,18.4641,2.4666,11.5625,67.7419,61.5385,8.92587,7.45946,18.5606,8.85417,16.0756,20.1581,13.9929,10.5339,9.72222,8.24635,6.56304,36.9048,19.3662,0.0,4.08163,22.3706,29.0895,64.1975,13.0631,22.0736,1.65746,22.1083,11.1987,29.6804,15.1099,37.1302,13.1661,9.58084,60.0,7.28863,19.5373,12.5899,88.7218,28.3502,23.3333,20.8075,14.3454,19.8068,26.747,38.8889,14.4242,63.3245,13.6986,19.2157,13.7466,13.0919,19.3197,21.7978,19.3962,2.28571,10.0186,13.6827,24.4975,18.5915,69.6429,80.8955,25.1701,7.20339,84.7458,89.1026,29.8876,42.9379,20.3947,65.9218,21.4286,38.4615,38.75,27.2212,0.510204,17.1182,33.7862,16.4095,82.7957,63.3634,86.4469,31.831,30.3781,1.96078,15.7265,25.7036,24.6073,12.3967,25.8734,44.7761,9.69697,17.2414,46.1111,27.8638,23.8034,36.2745,0.0,4.65116,9.69388,14.0496,78.3251,23.913,84.5387,9.42029,18.9873,31.2381,47.1223,34.5365,28.0992,76.6667,20.292,9.14179,67.3333,19.0542,17.592,22.0588,86.3636,26.5974,1.34409,24.7232,20.1439,80.0,93.75,19.2833,94.6058,52.4055,4.17827,5.96745,82.4242,14.5092,26.1214,18.1325,15.4608,13.5667,8.3045,18.4211,15.0,85.5556,32.25,33.121,0.749064
HNGK055,96.0714,10.6087,6.65874,8.7147,89.2345,92.6702,98.8235,14.1903,27.0916,1.26488,83.8946,9.46746,5.12821,4.15913,7.73116,3.55649,6.02303,86.3764,1.78571,18.3673,5.95238,8.27533,6.99588,6.22287,5.95745,9.32476,3.70714,3.6225,9.46502,2.14425,21.7205,74.613,6.93069,3.35404,28.7879,17.0437,11.8943,10.5386,5.15695,0.0,1.2987,8.50785,3.03767,96.3731,6.18557,4.39277,7.69231,7.04607,6.60836,4.50237,2.09618,88.4672,23.4375,97.4684,35.5623,1.08088,1.84143,1.55229,7.71396,2.22222,6.56227,7.08263,3.1185,8.68347,5.25862,2.88018,2.12766,2.07834,88.6889,92.8191,87.0015,3.36538,0.251256,0.543478,85.7143,3.76712,1.8018,16.4879,20.1754,11.368,82.8221,87.5,6.20155,3.70737,4.48276,91.4256,4.04624,21.9178,17.9039,4.0884,83.2432,3.96947,0.895522,0.0,8.2397,2.09677,0.518135,4.26471,81.6479,3.71457,3.7037,6.67614,8.99705,3.0543,4.1744,3.367,90.7368,93.1373,50.0,36.1702,1.02564,4.56172,7.21545,6.69604,2.92778,96.5347,4.40313,66.6667,13.3547,0.0,2.22222,0.3663,6.99831,6.2954,6.22287,1.06486,4.038,10.1967,11.2705,2.99728,73.1183,7.90306,6.86969,97.1852,2.68293,4.12574,4.01606,2.6465,97.4359,9.81798,6.73077,94.1176,95.9873,81.5934,95.0478,97.1429,9.65682,93.1818,24.6604,47.9452,2.43902,13.3333,57.8947,9.13423,42.6108,6.67921,11.5071,5.40541,5.66239,11.9374,81.1395,10.5109,5.76324,89.8089,2.80876,91.7993,9.17874,10.2273,3.50242,4.38247,3.15315,20.8845,46.6667,83.9286,5.22388,5.03311,2.23285,4.67836,6.03015,4.61361,18.3036,11.215,4.94297,11.2202,4.18251,9.0209,27.3101,3.7037,50.6024,92.1875,3.0303,2.98643,90.2174,11.545,94.6429,92.3611,94.4751,8.06242,5.30504,87.7577,84.5455,96.8333,2.49066,17.9063,18.3477,93.75,90.9396,89.5231,15.5116,85.0829,1.49254,88.6929,87.2,0.994036,96.1538,93.3333,89.6226,7.96345,17.4419,8.0429,5.12821,6.21327,8.69219,4.40352,7.00344,7.79221,79.3478,98.9011,9.03919,74.3119,2.51724,6.08919,14.4462,93.3333,15.1709,4.66724,3.51906,4.36137,2.32932,24.2424,5.54217,3.13589,4.04412,7.90378,1.20664,2.27671,9.05923,10.4235,11.5079,9.29705,9.09962,7.23473,3.67107,7.15835,6.97987,5.95041,9.74212,9.85222,7.00986,6.41355,7.94852,4.18848,5.66616,11.7391,1.44404,1.0582,11.9122,9.73154,45.9732,7.93037,4.87805,5.24194,14.5798,2.71164,4.41501,4.30657,3.25521,90.8952,42.7481,1.03627,75.3191,90.9938,89.8075,92.616,3.43284,59.8113,11.4865,90.6561,3.92062,11.0983,2.21354,9.30657,1.89944,5.87084,5.75061,12.2518,10.4651,5.33333,97.2222,2.56996,2.17391,94.228,2.68456,94.3396,22.4691,1.28571,6.84151,3.23529,3.37553,63.4409,57.8947,5.57029,3.46632,5.65657,4.57831,7.53425,10.1695,5.28423,5.38688,3.23102,8.71935,3.75235,3.79061,5.34188,10.3448,1.10092,2.05092,5.26593,67.5182,2.82776,8.04931,0.934579,2.64741,6.66023,2.8777,5.52297,4.42177,2.33196,3.5818,68.3824,3.09278,5.14346,3.32136,82.2526,7.54915,3.73134,6.96379,1.50125,2.53506,10.3556,4.0959,3.63933,93.8187,0.0,11.0979,1.68971,3.74131,11.3323,2.46761,7.91572,1.76056,9.56522,13.0977,5.7947,9.31034,76.3889,72.6477,6.77966,9.68858,86.116,92.9487,4.91803,11.2245,8.47029,80.7339,1.73228,5.52764,5.7384,8.33333,0.754717,8.3283,2.61512,4.70397,86.2712,95.6848,95.7875,0.0,7.2428,16.3265,3.71179,4.50549,29.2683,15.2672,21.0162,85.2601,32.4376,6.27451,11.8329,6.23886,5.55042,10.2845,0.0,0.431034,5.96817,0.890585,86.3866,11.5016,75.0,12.0755,4.04272,11.1675,4.48718,8.4611,2.31362,88.4058,6.46067,2.26757,79.5252,2.04444,3.77868,20.7474,90.3448,9.36432,4.72441,8.18713,8.05861,86.6667,83.3333,5.29986,94.2379,8.29493,3.3101,4.09683,74.4526,3.3455,16.8242,3.30882,3.19489,5.04103,14.2697,9.1133,11.5385,89.011,5.59796,44.697,1.62602
HNGK056,97.027,13.8655,28.2132,11.4929,91.1392,96.1039,90.625,19.2982,13.2231,0.367197,88.2857,0.0,3.63636,4.39277,7.21112,6.0241,7.38523,86.9198,2.05128,0.0,0.0,6.54664,4.34783,6.93333,10.3448,7.91789,1.86125,4.35685,5.10018,1.07143,16.3823,83.4025,5.0,2.52765,19.3548,17.0132,0.0,13.4409,2.38095,0.0,5.6338,7.42857,0.869565,99.3976,3.26087,10.0346,6.81818,2.1164,4.66531,4.27136,2.35988,86.7596,2.43902,92.8571,27.619,1.79688,2.25352,1.87668,5.5788,5.68182,8.78735,6.27063,0.985663,3.07167,2.45726,2.29885,2.35294,0.911162,90.1163,93.2749,85.7639,1.2987,0.0,1.0929,87.5,1.66667,0.0,13.1034,30.5556,3.04956,92.7632,100.0,7.01754,2.05936,2.24299,92.5859,3.05344,24.6847,5.16252,5.10949,92.5926,6.00462,0.653595,0.0,2.83843,0.772201,0.0,4.64396,89.8649,1.24153,2.51572,3.7037,8.56031,1.65746,2.03252,1.46341,90.5556,95.3488,7.69231,15.4762,0.961538,3.21429,5.77889,4.74227,3.56537,97.2527,1.51134,52.8455,17.9837,0.0,0.0,0.0,1.91898,1.75953,17.7489,0.590551,4.21053,10.7242,1.84332,1.40845,86.6242,2.56881,7.32759,96.1039,1.1194,1.96078,3.65854,2.589,96.5517,6.84624,6.06509,94.1176,94.5263,85.3333,96.7185,100.0,7.85936,98.75,8.12183,61.9565,2.15054,28.2609,66.1765,10.6855,40.8578,0.950119,15.6028,3.01887,4.23077,14.2574,72.9084,2.65487,4.27236,95.102,2.21675,96.1806,2.45902,5.75916,3.32005,2.73973,2.53521,0.0,62.5,100.0,2.89414,5.06912,6.59341,0.0,0.694444,3.59521,1.01156,5.0,2.43902,0.947867,8.95522,6.03113,29.646,7.69231,45.283,95.0877,1.31148,0.929368,93.3908,34.3434,95.99,92.7835,94.6903,9.71429,12.2449,91.7431,94.7977,96.3918,4.4164,15.2355,32.3077,96.1538,92.1212,91.536,29.5082,86.4865,1.07914,95.9459,95.7747,2.78261,100.0,95.2381,90.0,7.98611,5.49451,6.02564,1.54143,4.02194,10.0446,11.3244,9.7561,2.48447,82.6087,100.0,0.770416,72.7273,5.75658,1.07527,3.05677,90.0356,7.85714,1.6835,1.68539,4.19287,2.28758,31.5789,5.52995,2.73973,6.63265,8.9153,0.881057,2.06186,5.59006,2.02206,9.35114,6.0,7.46269,7.97546,3.31906,3.8674,1.875,3.61011,7.14286,2.26131,0.0,8.02139,8.70748,2.28311,0.0,6.55738,0.0,0.0,6.19048,6.57439,40.7767,9.68523,3.8674,1.44928,12.0833,4.37318,2.89855,5.51724,2.04461,91.0803,35.0,3.4188,71.1712,82.3853,91.119,96.4286,0.931677,58.0128,10.4294,90.5,3.98818,8.17369,1.21951,4.38048,0.907029,4.62963,2.99228,12.6447,3.1746,3.33333,97.9592,3.4141,5.91398,92.8328,0.0,95.0,15.1951,0.946372,3.07692,1.0274,3.11615,73.6842,61.9048,6.04982,1.91286,1.93548,7.24234,10.4235,1.51515,5.05243,1.91972,1.70455,1.98676,12.3077,0.757576,4.24528,5.06329,2.02429,3.19635,8.60215,79.3651,5.81395,5.37459,0.425532,3.24427,6.21572,0.21645,5.42986,4.42177,1.21212,4.1876,81.7568,1.68067,4.58477,2.22635,95.4198,4.42156,0.0,0.0,2.48344,1.33206,6.31579,5.83501,2.88018,90.7258,17.6471,8.87949,1.90736,1.65289,1.95759,4.86381,5.88235,1.52672,9.40767,12.5972,1.64159,5.71429,78.0822,81.3333,0.0,3.91061,82.0144,89.6296,4.92424,4.34783,3.22581,79.0,1.5873,3.07018,3.51759,6.65323,1.06007,2.70499,1.76367,3.02457,87.6316,95.6386,94.4444,8.73016,6.97674,11.1111,6.98152,3.77834,15.5172,22.449,17.795,92.5134,8.63787,2.65152,8.71212,10.4,6.80101,15.6425,0.0,0.0,4.37956,1.12867,88.9908,9.66543,77.8802,5.88235,3.76984,5.52147,7.40741,5.64042,1.53846,95.0704,6.87285,2.47525,91.411,1.21951,3.80795,0.867052,82.9268,5.25597,0.296736,4.86486,7.17489,50.0,87.5,7.41351,91.7647,10.3245,3.50877,1.9544,63.9175,4.72801,18.93,2.10177,4.18354,3.05344,10.8614,5.0,0.0,92.1348,4.32277,37.7049,1.68776
HNGK057,93.5657,6.26781,4.6789,7.81893,89.9183,82.4074,93.8775,30.3688,27.2727,1.14473,82.8921,6.87023,16.1765,5.21739,5.21225,6.0,6.41234,81.4532,0.711744,21.1765,7.57576,6.80272,9.45274,7.94393,12.381,9.52381,3.03413,6.04333,6.15385,1.3369,19.6464,74.5455,0.0,2.079,11.8182,12.788,13.9344,12.2363,2.15827,4.02685,5.79151,12.1212,1.14943,97.2789,13.0435,5.45194,6.32911,2.65487,4.75624,4.05728,2.02808,82.5243,7.14286,94.5946,30.9963,1.16732,1.55211,3.15534,4.25855,1.76322,12.0031,6.22222,1.3373,9.63855,2.30525,2.27948,3.38983,1.48148,85.782,91.9105,85.2632,1.54639,0.0,3.04054,100.0,1.88679,1.54639,10.6115,18.5075,5.57851,85.259,90.3226,7.20721,2.90598,1.61002,92.2199,14.1473,24.1747,8.4507,1.31086,91.0959,3.92442,3.52304,4.65116,7.40741,3.65169,0.0,4.92958,83.8926,2.54307,1.94444,4.93827,7.33945,1.55172,2.88809,12.8788,87.3156,95.7143,42.8571,36.5079,4.0,5.26316,4.68571,3.6157,4.73876,95.2941,11.5118,58.7629,13.1579,1.51515,1.31579,6.29921,2.55776,2.43902,5.47264,1.92926,5.87762,10.1425,10.6436,0.421941,81.0345,5.08475,6.43402,93.7255,6.639,0.0,9.7561,3.38983,95.1456,8.92857,5.4741,79.1139,94.9303,87.3239,97.6608,94.7368,6.49642,92.6174,14.0794,68.2927,0.0,19.469,67.0175,3.64109,49.3127,8.78378,4.77327,6.19902,3.82775,13.6986,74.0206,13.2013,2.37316,94.3503,2.41884,93.0966,7.12251,4.36508,3.79747,5.66038,5.16014,3.75335,55.7143,92.5,3.30957,5.21415,5.03247,1.5625,10.8844,3.34477,10.5799,14.4695,2.59067,4.83271,25.0,5.39033,23.3553,33.3333,55.914,90.2655,3.34262,2.33593,92.043,11.7647,93.4483,87.1508,87.251,5.71956,9.27835,96.131,82.7692,97.1591,4.96241,19.3503,40.0832,95.0617,88.3212,91.9249,16.2896,75.4011,1.0395,86.5929,93.2432,2.04819,86.3636,86.7924,90.0322,4.53752,14.6597,11.4262,5.11727,10.2625,3.95809,6.6561,6.96903,0.69808,71.4286,94.6667,6.22914,52.8958,6.33932,4.32432,9.95475,89.2966,16.6667,3.00546,1.91257,6.34783,5.64356,44.4444,7.11974,4.24757,3.10421,8.49151,0.5,1.48026,7.35931,2.4735,9.2739,4.8048,6.00924,2.25806,5.12821,5.10204,6.30915,3.69276,12.9129,4.93197,5.99369,15.5149,6.875,4.34084,11.1864,8.06452,0.420168,2.43902,9.42408,15.493,26.6667,6.13839,19.3694,17.4468,12.6984,3.19829,2.267,5.68182,0.363196,92.1123,28.27,4.46429,71.0843,77.9102,93.7817,97.5078,2.18712,57.6419,7.6087,79.5977,4.60705,6.57895,0.638298,5.13291,4.59641,4.17423,2.76596,11.5282,11.5108,4.6875,100.0,1.84575,13.9623,91.6667,5.88235,95.3608,10.4137,4.15282,2.87474,2.25776,1.66113,75.7143,82.3529,3.81062,1.88976,5.18359,5.67867,11.236,4.70914,4.71338,1.46893,7.12074,3.78486,4.28016,0.900901,9.67118,13.1148,1.26582,1.63265,8.79382,81.4815,2.89575,7.00141,2.97872,1.08055,2.45327,0.524659,4.7191,3.75723,9.32945,2.56148,72.9242,1.3986,4.43623,6.39659,86.4865,7.19564,1.14943,2.14067,3.40479,1.30233,6.82415,5.41176,2.75229,88.8011,11.5942,8.53147,2.06186,5.71222,12.2093,2.41709,13.8298,1.75439,7.97101,10.919,4.39914,8.65225,62.2951,82.0106,4.54545,18.1592,82.1586,92.7419,2.88288,20.1893,7.55906,77.0227,2.99539,11.6667,10.219,4.86224,2.23124,5.72246,3.01669,1.68161,83.1643,93.3884,95.6757,5.21327,3.45369,0.0,3.23253,6.39098,18.0628,25.2336,12.193,82.3333,13.0824,2.21328,13.31,6.86275,9.11736,6.96864,2.09424,0.294985,1.42857,1.33156,85.3577,10.6087,76.2195,9.58904,3.25359,13.2979,3.50877,4.04624,5.07812,92.0732,3.52941,2.69006,87.8641,2.76134,4.88445,10.7266,89.1304,9.56743,1.29032,9.39227,3.63636,80.0,100.0,5.05618,92.8571,9.89761,1.31926,3.27103,92.6829,2.70068,13.9918,4.23049,5.91327,6.01023,7.8853,22.4324,3.125,88.5922,5.62701,43.1034,1.71569
HNGK058,95.9885,10.628,6.20079,8.94495,91.3136,90.4348,98.5507,37.2928,25.9358,0.535578,84.4298,5.31915,0.0,6.42674,5.70431,4.60123,4.54141,85.77,1.82421,14.2857,0.0,7.28083,2.44898,5.66502,19.6629,10.7843,3.10174,1.03493,11.1111,6.11621,9.17722,81.7568,18.1818,1.45215,4.16667,12.3022,3.46535,1.39535,1.95783,1.14943,6.93642,6.05613,1.7321,96.9605,5.72917,4.19255,5.98291,3.25733,4.34193,4.73083,0.858369,80.8511,14.4578,95.1219,20.904,2.27729,1.99413,2.17391,2.69608,4.7619,6.04508,6.18557,1.71365,10.3053,3.18423,0.932091,13.8686,1.17541,85.2113,90.8946,81.2933,1.99336,0.461894,1.05541,100.0,5.07246,0.930233,9.09091,14.5749,4.98831,87.2131,93.9394,17.9577,2.31125,3.4153,86.9981,1.91847,25.8919,2.51046,1.59078,89.0756,6.38298,0.621118,0.0,5.18934,1.69492,0.0,1.34615,87.5,1.10401,0.27248,2.1164,7.09779,8.35267,3.78343,3.13901,91.7614,95.7143,55.0,40.9639,0.0,3.86643,4.98489,5.39461,3.02083,96.9811,1.38504,51.4563,9.73054,0.0,5.86319,1.50376,2.70575,3.22581,5.58252,1.12641,4.10385,9.42895,1.02215,1.05263,80.6349,6.8299,3.14183,95.7774,2.94118,0.0,3.27869,1.90678,96.7033,6.37293,6.85083,91.5966,92.4005,89.0523,95.3642,95.0,9.34426,91.5344,16.2459,75.0,1.65975,13.9241,63.9024,8.83392,34.5895,1.7452,7.35043,2.97265,4.59574,12.9187,70.894,4.82897,4.88136,90.0398,2.16895,93.8918,7.71429,7.66551,3.32136,4.92611,4.64744,6.17978,54.5455,89.1892,2.87733,5.93692,0.650195,2.77778,10.5882,3.19018,9.93548,8.29268,3.64964,1.25523,3.20513,7.35587,22.8571,0.0,43.8356,89.6488,5.78512,1.7017,89.9065,9.76331,94.5419,94.4,97.5904,6.14934,9.09091,92.8287,88.7097,96.1672,3.91645,21.76,49.815,87.8049,90.4977,94.2246,16.4751,68.7943,1.07239,95.6337,85.5072,1.93906,92.0,89.2857,90.2564,4.7619,13.5734,7.89916,2.47396,9.375,6.57109,4.78309,11.1258,3.22581,85.1064,100.0,5.20118,81.4947,2.2604,1.83784,20.9239,90.6582,10.6061,2.3539,2.90557,7.37005,3.65135,20.0,6.62651,2.15343,3.48837,9.53125,1.02249,0.491803,4.18848,1.64745,5.89091,2.90557,7.04042,4.96454,4.29363,5.08475,1.96507,3.21543,8.01282,4.19426,1.77253,8.53903,4.61538,5.13393,1.39665,5.68182,0.492611,2.25564,10.3604,6.15385,26.6667,7.85071,1.0101,6.39098,10.5932,2.29709,0.657895,3.50109,0.15625,88.9307,34.0708,0.0,75.7732,85.3441,95.9906,95.0413,2.56024,44.1909,9.48276,85.9788,3.05164,0.897436,0.990099,5.16923,2.72436,3.65631,3.96285,13.0935,4.96454,8.88889,100.0,3.15856,1.93548,92.0455,0.23753,90.3509,10.1695,0.268097,7.11111,3.00469,4.26929,76.7442,90.9091,2.25989,1.02524,2.90323,4.41176,6.97674,5.02283,1.91638,4.34783,2.19298,2.33794,7.79221,1.96078,10.7023,6.76692,1.03448,2.83097,8.27251,62.069,1.5625,2.89747,0.248139,2.97521,5.84145,0.451977,4.58716,11.6667,1.32159,2.17984,73.9274,5.90551,3.85675,2.51256,95.0,7.40388,2.77778,2.16606,1.54696,2.87958,5.11182,4.77356,3.13411,87.6364,0.0,10.0865,0.621118,2.5958,2.98103,1.72414,6.68277,0.823045,8.08679,10.9901,3.85925,11.0533,82.7586,71.9626,5.16432,9.65517,83.3942,88.806,11.6858,15.0327,5.27426,83.3333,1.57068,4.98084,4.14903,3.56473,1.59574,10.6312,3.66541,3.07882,93.7374,95.0249,91.0405,1.65289,6.07029,1.03093,7.04574,2.9654,16.6667,7.56302,22.0269,78.392,13.8462,1.21212,8.94309,6.88525,14.7561,5.28455,1.23457,1.17647,4.26357,1.4975,90.6863,15.8537,61.1987,3.78378,0.901917,4.62185,4.21053,5.1106,0.961538,93.0851,3.20988,3.0303,85.0746,3.2445,2.71592,10.0639,92.1739,3.90166,1.85185,6.57895,3.125,62.5,100.0,4.44204,95.4327,6.9794,3.51967,11.25,71.4617,1.70316,11.7021,1.68961,4.4789,2.77228,12.6645,13.2616,0.0,85.0633,6.74556,42.7184,1.16279
HNGK065,91.5,11.6618,7.20423,5.34493,92.8251,94.4,87.0968,41.25,57.1059,0.543478,87.0968,8.77193,12.5,7.75862,4.87916,5.25253,7.6297,89.8263,3.51494,33.3333,23.0769,5.62885,20.2703,6.72131,17.2691,13.1332,5.73593,11.5968,11.6959,5.55556,42.8769,62.1429,5.68182,4.85009,42.8571,13.4658,45.1613,43.8636,1.05422,2.89855,2.20126,8.37696,3.18544,97.878,53.012,1.80941,19.1176,3.21716,4.22535,3.26296,1.0989,89.7227,38.6667,93.8462,21.2903,2.87356,2.36806,1.19048,5.60147,6.95067,6.96629,4.4335,1.16667,15.1807,4.17457,3.40219,8.82353,1.40845,80.1653,95.6407,81.2155,1.67364,2.1164,1.25523,78.5714,0.896861,4.7619,14.4444,35.2431,7.61421,57.037,100.0,2.24719,4.03609,4.03863,84.6154,35.9756,25.6845,13.4496,2.78932,92.8144,3.77358,1.55039,0.0,40.1418,2.51572,0.956938,2.80066,87.5676,2.42457,1.39373,4.40529,6.81818,3.50318,1.13507,41.5816,87.1429,90.1408,8.69565,14.7059,2.58621,4.33333,4.32243,2.47863,2.79482,96.1806,35.1523,72.0,12.7323,0.70922,3.56234,8.88889,2.85205,3.60206,5.07246,3.06346,10.3474,10.7052,2.40964,3.04183,83.2765,2.35018,2.14592,97.5225,2.78884,0.993378,7.86026,1.57895,94.4954,11.2253,6.0512,92.9688,70.7692,84.1518,96.0241,93.75,6.99234,98.9324,32.9143,61.7486,0.0,8.78049,64.6884,2.52708,52.6936,30.7326,8.75203,12.5,3.15877,20.3034,74.8768,34.3542,4.28764,95.0549,2.25335,91.7384,2.85714,5.49451,3.52054,4.61165,3.06122,46.8828,27.1429,85.1064,2.60393,6.38978,3.97554,1.96078,13.9706,3.76016,31.5481,41.6949,19.3846,18.5442,11.9658,10.5495,18.8612,35.8974,63.5417,95.8482,1.93548,5.1709,88.4058,9.3199,96.2094,82.1429,70.4724,5.61404,11.2403,88.2434,80.8354,97.3684,6.75676,19.2908,55.9591,89.1304,93.4426,91.4262,12.9032,73.6842,2.21631,69.2761,89.0756,3.64078,77.7778,72.093,92.7152,5.3681,40.7407,8.11245,5.16039,4.02685,2.66393,6.31263,6.38743,7.07547,84.058,97.1429,32.8189,79.2553,4.30273,7.34908,4.94506,61.4679,12.9032,2.19982,2.38095,4.18944,4.27746,67.3267,7.78894,1.75781,5.56391,8.07137,2.03327,10.585,4.4586,5.36649,9.77809,3.39806,6.37959,4.62428,5.42514,3.66133,5.62701,12.3179,4.60123,13.3858,12.7072,5.06224,5.23156,2.16155,42.5775,4.58716,2.20264,2.7972,6.50685,11.3086,30.4878,8.07175,46.0526,32.8076,14.3564,4.46585,3.93701,8.16514,0.834327,90.028,38.5185,6.74157,76.5957,66.6142,90.5063,93.9613,6.78617,51.5371,27.2436,64.1243,3.81569,19.8291,2.14876,5.12367,5.43176,4.62107,4.45816,8.73643,36.4017,16.0714,80.5556,3.05344,38.79,93.4307,22.3844,88.7218,10.5058,1.40845,3.14843,3.04276,3.41207,55.0725,62.5,5.12582,3.07125,6.82657,4.10095,7.92208,0.645161,4.81859,5.57053,8.16901,7.25389,4.14508,1.48305,9.29204,36.8421,0.178571,2.83843,5.26992,80.1242,2.54902,5.37951,4.37262,3.18602,2.86885,1.05769,6.27923,7.12851,6.49573,3.51967,71.1246,2.83505,5.37634,4.03727,76.4925,3.58412,10.1351,0.854701,2.09059,4.41408,8.34621,5.98985,2.64901,82.3529,7.25806,10.9407,4.77816,3.35345,36.6631,4.15208,5.49542,3.89222,9.63504,13.6467,4.758,8.19672,91.1111,89.7019,24.5763,12.2494,66.4368,90.1841,35.5438,53.1609,5.36193,80.3738,5.9754,7.16612,11.2175,11.3731,0.75188,5.4505,5.01285,3.94588,65.8252,94.8649,98.4064,1.78571,3.40522,0.0,1.97368,4.12088,15.2062,2.17391,7.11423,71.3873,25.8824,2.50627,7.00855,6.57084,5.16499,4.40415,3.78007,0.970874,5.67686,3.14136,83.1373,14.0351,82.4242,25.1852,3.5461,44.3262,6.45161,3.71694,1.17647,82.381,8.80952,5.21739,79.7203,5.2356,5.4917,26.9639,93.1818,40.6481,3.06346,6.02679,2.39521,100.0,90.0,3.64004,91.4005,9.56113,1.93548,5.54156,87.5,2.74123,12.035,5.47945,8.59938,5.73566,11.1244,33.1887,36.6667,82.9736,4.55801,57.732,1.52381
HNGK070,92.7711,17.0301,5.03011,8.92905,92.3469,92.0,92.3077,15.5794,16.8132,2.95409,84.2663,7.09677,1.28205,5.02742,7.58788,4.76663,6.02061,84.6512,7.48703,5.50459,11.2,7.35641,6.48536,6.05828,12.0219,7.21894,3.03728,2.38313,7.5122,4.02576,17.614,77.4242,2.33918,2.65358,11.6129,16.5777,4.85175,10.0548,3.75839,26.0664,5.02793,9.9051,3.64015,98.7085,2.12121,5.68022,22.6891,2.94985,8.0,4.82128,1.97256,86.6667,8.4507,93.4641,31.9915,2.72458,3.22661,1.4733,6.95624,5.98802,9.60995,9.7561,3.12842,7.1996,4.11511,5.06024,3.80623,1.77288,86.6817,91.0791,75.995,1.32626,6.10329,9.54774,72.2222,0.436681,2.61569,11.2712,18.0392,5.11475,89.0123,98.4127,10.1215,3.22279,2.12766,88.0784,2.99708,20.7724,4.01417,2.98752,94.9495,4.65558,1.84697,0.0,4.66149,1.93986,2.23464,3.21046,86.4865,2.61348,3.86792,6.06936,8.54651,3.96114,3.88916,5.32959,92.0052,92.1212,26.1905,31.0078,0.0,7.68037,3.79826,4.82696,4.66494,93.314,7.53232,63.806,16.5248,1.37741,4.38312,10.0962,5.38117,4.26357,7.47664,1.71038,4.65265,10.4027,5.43319,7.89474,71.5461,6.97674,7.75194,96.4583,8.17844,3.1746,6.61626,3.19249,93.6047,9.47813,6.27907,86.8852,92.1293,85.8595,94.9834,90.7407,7.44501,94.9153,15.2834,69.6379,0.970874,12.5668,65.0852,7.05451,38.0117,2.76018,7.39627,2.46526,4.18666,17.6713,69.6216,5.76767,4.69028,91.5058,2.53942,92.6499,4.48319,6.40394,4.81306,5.49598,6.12409,4.46154,68.3824,86.3636,3.4965,4.91294,3.26633,3.68421,3.44828,4.02746,6.19597,4.22764,6.13108,3.69128,9.28571,7.54516,21.7544,0.0,39.3333,91.0245,3.17298,3.17816,92.0432,23.3937,93.5652,95.509,88.5662,6.65411,12.1649,91.7007,91.8478,96.7846,4.51745,11.5533,39.9898,94.0789,91.858,91.4186,20.1639,80.3922,2.35614,92.437,88.1579,1.22026,86.6667,87.037,86.7596,7.46018,11.1932,6.91431,4.5489,7.41921,7.49293,5.33458,4.43666,3.04991,86.2595,96.875,6.00943,69.4639,2.29402,4.14345,10.9832,91.3473,13.3655,2.68235,10.7544,6.10809,3.35314,13.7097,9.36281,5.72207,6.00343,8.35744,1.31687,3.33333,5.27638,2.95623,9.04159,5.69106,6.57663,4.7619,5.02351,3.11641,7.0,5.6872,8.50077,11.6223,3.71846,2.85813,6.29464,3.43373,6.34921,3.9039,11.1979,10.6667,16.3366,13.5977,45.9716,6.60248,5.56962,3.33839,7.18954,3.59613,6.4,3.28032,1.82421,91.038,35.5717,3.77358,62.2596,83.1635,89.8889,92.9234,7.91415,48.2646,16.8539,87.1847,5.06114,3.0959,1.7316,7.28745,3.23515,5.08475,3.35516,10.7077,4.48179,4.6875,96.6851,2.87035,12.987,92.7035,6.40927,95.0,14.1791,0.752508,5.46933,2.57467,4.12675,66.8449,88.3721,3.74376,0.989487,3.57143,6.92345,9.97046,5.6338,6.28205,5.58376,3.83104,5.72034,4.69274,6.39064,8.95161,11.399,2.75716,2.96989,8.06934,71.9794,4.64058,8.99123,1.71544,3.48119,5.67605,2.54438,4.8273,8.3682,6.76507,2.12228,77.7344,4.58404,7.49232,4.08271,83.7647,6.7402,0.454545,2.24138,3.95183,2.54669,6.63772,5.29337,3.49709,89.0379,11.7391,10.9543,5.01825,4.14894,6.80851,2.92932,9.64106,2.41796,11.7921,11.4682,5.60398,9.16542,77.037,74.8062,6.86071,3.94558,87.7551,90.4594,5.02183,9.89273,3.8687,87.8788,0.755668,7.61047,2.93585,7.32845,1.31464,4.42696,3.72414,4.06142,88.2407,92.1693,97.3154,0.0,5.42636,2.5641,4.79868,2.40819,31.4961,17.1329,16.2149,85.918,15.4223,2.44591,11.6773,6.16997,6.71031,6.75537,1.76849,0.740741,4.61643,2.32859,87.381,11.5801,78.0293,2.35294,2.01189,5.73248,6.34921,6.41409,2.99325,91.3043,7.19697,3.13277,83.6518,3.9783,5.25098,4.4784,92.9648,6.90198,0.883838,5.46116,7.16049,83.3333,100.0,3.43828,90.5089,8.00464,4.60251,10.5847,81.4629,2.32975,14.1509,2.26122,3.89171,4.66989,17.4294,10.3834,11.1111,86.9565,6.14725,34.384,2.60973
HNGK072,91.7981,17.6829,12.5,8.03324,99.3377,94.3396,96.2963,8.73362,13.7143,7.91367,86.9388,1.6129,0.0,9.45946,8.0543,2.73038,5.52147,84.4262,29.3814,3.125,11.4286,8.66142,12.2449,3.29218,10.2041,7.14286,3.08789,4.14594,14.0969,3.22581,21.9762,78.5714,6.87023,1.03926,32.0,20.49,4.34783,28.1553,1.73611,5.0,0.0,13.0584,0.0,96.4029,3.33333,3.74332,0.0,4.87805,16.7123,5.59701,7.65766,75.9494,25.9259,93.75,24.3243,4.38247,7.35484,2.33546,7.72947,10.4651,7.06522,4.52489,4.7041,1.81347,10.1124,5.41516,11.1111,0.530504,95.7143,98.9011,73.7705,19.6721,10.5263,0.0,83.3333,6.45161,0.0,14.4033,23.3766,10.4882,94.7619,86.3636,6.52174,4.01302,3.27869,88.785,11.0577,17.7184,6.20155,2.2942,89.4737,4.32099,1.53846,0.0,19.4268,0.0,0.0,2.74725,87.5,2.58621,0.546448,19.5804,12.7273,2.22222,2.97619,6.59341,87.931,100.0,57.1429,50.0,0.0,4.83384,7.62712,3.37711,5.80645,98.0952,5.0,66.0,14.1818,0.0,12.5,16.6667,1.88172,7.40741,13.4078,0.754717,4.20168,6.83761,0.0,0.0,87.0968,5.74324,4.06852,97.6303,9.64912,6.99588,7.27273,4.02299,100.0,11.2903,2.91829,90.9091,96.0591,86.2816,96.9048,91.6667,5.86354,87.2727,9.63173,77.193,1.28205,4.54545,60.4651,10.567,34.4322,10.7527,4.09836,1.2945,5.92734,9.03614,68.2171,15.2672,5.69476,92.5134,1.11888,92.1348,8.98876,7.33945,3.43434,3.07692,6.91057,12.1387,62.963,66.6667,3.65252,6.29371,5.50847,1.36986,18.6916,3.1746,8.64865,9.45946,10.6383,0.70922,0.0,5.92105,20.765,14.2857,54.5455,91.6667,4.09091,1.50376,89.2308,12.5,96.4286,94.1176,98.0,3.51438,19.6581,88.4956,91.6084,96.6146,2.39044,8.07175,60.1504,76.1905,94.9438,93.8662,17.757,98.75,4.81586,80.5668,93.2692,3.86905,90.0,100.0,86.1789,6.59722,10.0,6.22318,5.78512,2.38663,6.08696,7.3903,4.53401,6.81818,78.9474,97.9592,3.91645,80.3922,2.83749,1.93548,3.74532,80.0,26.8657,4.27481,3.37838,2.3301,1.31291,16.6667,8.75912,8.79121,2.5641,8.36879,7.24638,5.08475,4.59184,1.94175,8.76897,19.5876,5.53633,6.12245,6.68151,5.55556,9.01408,12.9577,9.64912,4.13223,3.49345,3.95257,14.6694,3.94089,16.875,5.49451,1.35135,7.5,16.4557,13.8756,52.2936,10.6122,16.6667,1.66667,11.3475,1.25589,12.7907,1.53173,6.38298,90.6461,35.5932,0.0,69.697,86.8502,95.0769,95.3947,4.08163,51.4212,9.52381,85.8156,5.27132,19.2429,6.59341,4.31034,6.28743,6.71378,3.04,11.0893,19.1011,0.0,100.0,2.19355,10.7692,93.7143,1.29032,94.7368,12.0,0.666667,7.29614,4.95496,3.76812,60.0,100.0,3.20513,0.682594,10.0,8.67769,10.3641,24.186,3.04976,3.98406,6.89655,9.29577,30.8594,6.60066,13.0952,9.09091,0.598802,4.56432,6.22155,78.4314,4.12844,5.48112,8.60927,0.471698,8.10811,0.536193,4.73934,12.782,0.0,3.69318,89.6552,3.78788,3.13808,5.83333,93.75,8.21033,0.0,0.0,3.13199,2.44444,7.01754,5.10204,4.28135,92.3077,50.0,12.2172,7.43034,0.915751,3.9312,2.51256,8.57143,1.76991,12.3746,9.33126,5.74713,8.72727,60.8696,78.0822,9.09091,11.6788,80.7818,91.3793,4.21053,23.3333,4.47284,79.4286,2.23214,8.5,3.37079,5.43933,0.0,7.30253,0.499168,2.45536,86.4322,95.4545,99.2593,10.7527,3.16901,41.6667,2.58621,5.24194,25.2475,12.5,18.3727,86.9231,11.1111,1.72414,11.7021,4.6875,11.2272,2.94118,0.0,0.0,1.47929,0.416667,90.6103,9.80392,92.5234,2.5,5.66038,13.7056,10.4348,7.37327,3.74449,87.5,9.96564,2.5641,85.4839,2.79898,8.42105,9.41704,94.2857,10.9411,1.76991,3.86266,0.909091,77.7778,100.0,4.20712,91.6667,6.43939,1.3986,4.82456,77.7273,1.4197,9.71223,3.29182,6.00858,3.96825,28.4091,16.6667,42.8571,86.6667,4.70588,33.3333,1.25786
HNGK073,96.5278,15.6627,12.7962,8.64979,93.3824,91.5254,100.0,21.8447,12.5,0.828157,78.1095,5.19481,7.69231,2.89855,10.1266,2.34742,4.43131,82.0,14.6341,10.8108,0.0,3.88548,4.90196,6.26866,16.6667,13.6585,4.37376,2.81385,7.74648,3.35821,16.8196,77.2727,0.0,3.62694,16.3265,7.5188,0.0,5.6962,9.49721,29.5082,0.0,5.58824,6.28141,100.0,0.0,9.50226,16.8067,1.73913,8.1448,3.61446,8.52273,87.9747,5.26316,90.9091,13.4831,1.95675,5.08906,0.767263,5.43338,2.18978,5.2356,12.2951,1.54968,2.62391,13.1627,0.970874,0.0,3.7037,86.4865,95.1923,72.5888,10.9091,2.94118,0.0,83.3333,0.0,1.51515,21.9298,16.2291,5.37634,94.0397,100.0,10.8333,3.06122,2.6,93.3852,19.2308,14.0893,3.5865,1.16448,88.4058,3.7296,0.0,0.0,11.5385,2.1645,10.7527,4.22535,91.9753,1.91458,5.44218,7.38916,4.19355,0.414938,7.40103,15.0,87.0748,95.6522,10.3448,24.0506,0.0,5.80111,2.48227,2.38532,5.36723,96.0265,7.01299,48.5437,19.9301,0.0,0.78125,6.15385,1.87668,5.16717,9.84456,3.38028,3.99334,13.4615,1.71233,0.0,65.625,6.87285,15.4639,95.8333,5.55556,0.0,12.069,3.39806,94.2857,13.8783,7.0922,92.9825,85.3982,83.0601,92.7313,100.0,6.41026,88.8889,6.32911,53.9683,12.2581,4.93827,51.1905,6.08696,51.5294,4.61847,9.02527,0.684932,7.33138,13.41,76.0766,7.69231,4.19385,82.3529,4.2517,88.6792,5.07246,5.6,2.71429,3.38983,11.25,5.23256,61.5385,87.5,6.42939,3.0837,7.63359,0.0,0.0,2.83688,6.98254,11.215,13.8889,6.55022,12.0,10.241,18.2353,9.09091,53.3333,84.2857,1.7094,1.1976,81.8182,7.38636,95.2128,65.0794,80.3571,6.85484,11.5942,90.3448,88.0282,99.4318,4.41767,17.2,85.7143,89.4737,92.6229,93.5754,17.7305,68.8525,1.58172,94.572,90.1961,3.33333,66.6667,33.3333,87.234,4.62725,20.4082,8.57909,9.45122,5.53506,2.17865,6.69456,12.3028,2.6178,90.9091,90.9091,7.29537,81.4815,1.6184,10.7417,14.186,94.7674,6.01504,2.85714,11.8519,5.20231,7.18816,10.5263,21.7742,1.10701,5.06912,11.8871,0.775194,2.0202,3.27869,2.03252,26.9767,7.55814,5.76923,2.41546,4.11523,12.1339,2.5,17.1429,5.29412,9.45274,2.78552,3.75648,10.1053,1.53061,10.8696,2.5974,16.6667,0.0,4.81283,7.23684,74.0741,10.8291,0.0,7.40741,13.0,5.06667,0.0,9.17431,1.53846,91.4286,26.5152,6.17284,56.7568,60.0,89.9457,89.404,1.26183,63.6771,3.44828,80.7692,5.99721,23.0964,8.98876,6.00316,2.60586,1.00334,5.70236,13.9581,5.76923,0.0,75.0,3.83315,4.13793,88.4146,1.0,96.6667,11.8721,7.7381,7.98611,5.72917,4.26829,54.0541,75.0,8.52941,2.47619,4.54545,13.6986,15.8996,2.90698,10.1639,3.16206,6.89655,17.3038,7.50853,1.45985,11.3208,0.0,0.645161,3.6,8.10811,89.0625,2.33161,12.2153,1.68539,1.06952,9.5092,4.7619,10.1382,6.90265,3.23625,5.74074,64.8438,0.0,11.4917,3.8961,91.954,7.27406,0.0,0.502513,1.84697,3.24149,6.14887,10.0304,0.911854,91.954,25.9259,14.4444,7.69231,5.81242,10.6838,0.385604,6.8314,8.82353,8.0,13.7931,9.46429,9.02439,79.7101,75.4491,6.19469,15.0838,89.5911,89.3617,33.4347,21.0526,14.2857,78.4615,2.47525,4.44444,3.01075,8.59951,0.598802,3.1865,2.45747,4.23387,86.7725,91.6667,96.3636,0.0,5.04886,7.14286,7.53012,3.36788,23.8281,16.5138,9.62567,79.8246,21.4286,1.40187,15.1625,4.51977,8.13008,8.67347,0.0,3.92157,4.53258,0.769231,91.5,16.8831,82.7751,8.77193,3.87597,6.01504,13.3333,4.84988,3.40136,91.3043,15.625,4.74576,85.6209,11.2676,4.89914,6.52174,96.9697,13.9742,2.43902,2.99401,4.62963,75.0,83.3333,1.5528,96.9512,10.0503,2.85714,0.47619,80.9322,2.84926,6.34328,3.66569,3.22209,3.93258,20.2756,7.53769,0.0,84.5638,7.86517,32.4324,0.0
HNGK075,96.3746,8.2774,5.19149,5.87276,93.7695,84.0909,100.0,36.7442,19.3548,0.444444,86.1538,6.18557,6.45161,4.39277,5.55556,3.11615,5.549,94.8905,0.234742,0.0,0.0,4.10397,6.12245,4.97238,10.5263,2.07101,2.24719,2.61438,6.69711,0.50505,16.2393,86.0465,0.0,1.12045,14.8148,6.71785,0.934579,13.0631,3.26797,0.840336,1.44928,7.03884,3.38983,96.7949,6.73077,7.62887,1.1236,5.95238,8.61759,7.8759,1.31868,89.6789,8.82353,100.0,21.4286,0.761124,2.85714,0.769231,5.04732,2.63158,6.28931,4.947,1.26939,10.4377,2.6971,3.52609,2.89855,1.58046,87.574,93.8689,77.6667,1.6129,2.35294,0.0,77.7778,1.55039,0.47619,22.8365,14.6417,3.99274,86.6109,91.6667,12.8205,3.40249,1.70843,92.9178,1.50754,23.9102,2.96167,1.69779,97.7778,3.39623,0.0,0.0,0.252525,0.716846,0.0,2.31214,89.5954,0.743494,1.53846,2.64901,6.14334,1.05708,2.74725,0.0,93.2692,96.7742,17.2414,19.7531,0.0,3.7037,4.71125,3.37268,2.38095,98.1707,3.7234,62.069,9.1954,1.23457,2.68456,1.63934,2.66512,3.21839,7.65217,2.34742,4.21488,9.26724,0.0,0.0,76.6497,13.9818,3.09524,97.6271,1.63265,0.373134,5.55556,7.00935,92.3077,7.0,5.20674,91.5789,94.2181,91.4729,94.2222,76.9231,6.46688,96.7568,12.7496,55.6701,0.537634,7.24638,60.262,13.7331,47.9275,10.2007,8.35443,5.88235,4.26829,15.544,78.4753,13.0152,4.59184,92.9461,2.36014,94.4615,6.39535,6.34921,4.26165,2.15385,3.91566,9.87654,48.1481,90.0,2.43523,3.99274,1.21212,3.52941,0.0,2.88462,6.66667,2.59067,2.32558,2.89017,6.09756,5.50661,29.1667,15.3846,50.0,92.3288,8.74525,1.68244,92.8571,7.47664,95.8678,96.8153,96.2025,4.60358,7.14286,90.9427,89.2308,91.2162,7.07269,15.6085,46.6488,95.7447,86.076,92.1842,14.2857,82.5243,1.23595,92.8354,88.2353,2.85714,90.0,96.0,93.3333,4.35897,4.06091,11.415,0.594059,4.45151,6.52866,6.56934,5.69395,1.14068,94.1176,97.5,4.20673,61.9048,0.924415,3.92927,6.2201,83.2117,8.53659,1.87207,1.67364,3.00668,6.0307,13.1579,5.88235,1.16959,7.89474,6.49106,0.900901,1.06667,9.02256,0.542005,11.7769,5.2,10.6742,3.84615,3.08605,9.71223,1.73913,1.60183,12.2302,16.4706,4.34783,6.70391,5.76208,0.884956,9.38628,4.66321,1.8018,0.0,7.95455,4.0293,46.6165,8.93761,14.5833,3.64964,11.7825,3.37079,1.15385,9.35897,1.16009,89.8225,31.7241,3.4965,85.8586,81.3253,94.3338,95.8801,11.8705,26.9625,9.49721,88.5417,3.14524,1.17021,5.04202,4.52311,2.19966,3.46821,2.97114,9.00131,4.8,0.0,98.2759,1.82599,7.97101,90.2041,9.65909,96.25,11.9857,0.0,5.59211,2.39006,2.43507,55.3571,61.5385,3.64078,0.438596,0.888889,3.01508,8.82353,0.289855,2.94785,2.3399,2.68817,3.22108,5.27859,0.0,7.09877,3.79747,1.49813,2.8348,5.95813,84.9315,2.33236,4.80769,0.777202,3.24826,4.96124,0.465839,3.04498,11.0294,0.578035,1.86916,79.8913,5.66038,5.55556,0.666667,91.0053,8.12641,0.0,0.0,2.4032,2.30216,5.07812,6.34921,2.28426,93.1937,3.33333,11.9782,3.23625,3.10945,0.810373,0.818182,3.9517,1.93798,7.38786,9.79798,3.66133,2.82609,78.6885,84.1897,0.0,7.44681,81.8482,94.2308,6.21622,4.45344,9.24856,93.0,3.2967,11.2717,2.86458,8.0,0.0,15.7744,2.65604,3.28571,84.009,94.3182,97.1963,0.0,3.21429,0.0,2.34657,2.52809,15.5477,7.10059,15.7396,76.6467,28.754,0.647249,8.61423,4.74576,6.27907,4.15225,0.0,0.0,2.51256,0.492611,90.8228,10.0,93.9759,11.3821,1.18577,5.61225,3.59281,2.7611,2.81457,90.4762,6.80851,2.62664,93.865,3.41556,5.92885,12.4138,93.617,5.12679,2.6178,3.94737,3.1746,83.3333,100.0,3.65169,90.7692,9.47177,7.24138,2.41935,67.1053,1.66667,5.3125,2.29202,2.58555,3.80165,9.13706,15.859,0.0,89.434,3.55805,42.8571,1.9544
HNGK076,96.944,16.6302,7.71231,10.6289,88.8021,95.5056,84.9315,19.0476,22.1277,0.740741,83.0252,11.8881,0.0,7.03884,5.43601,5.43478,6.59522,88.2828,2.52708,17.5439,8.33333,7.25894,1.0929,12.7168,9.33333,6.51163,1.7341,4.9505,7.18336,4.77528,12.4329,77.0,0.0,1.69779,27.2727,15.0463,14.1892,10.1167,2.14395,0.641026,4.87106,4.18944,2.20386,98.0916,5.69106,2.71647,12.3077,7.29927,5.06494,2.25989,1.52672,79.8578,15.0,97.9167,17.8571,1.65639,1.2436,0.70922,4.14343,4.77137,5.78801,5.32995,1.23031,8.42697,3.84279,1.43472,5.64516,1.94903,87.5576,94.1685,76.5009,2.29885,0.3125,1.68919,83.3333,0.0,1.47059,13.215,23.0352,4.09894,89.769,96.5517,16.9312,3.92157,3.11958,90.429,7.94118,14.087,6.55022,1.31271,98.1707,3.52673,0.651466,0.0,2.6087,1.49254,0.0,4.72103,87.7419,1.05673,1.5544,4.83559,6.49652,3.76648,1.79372,5.35714,89.6774,85.2941,15.3846,18.5185,1.0,4.5,5.80297,5.78199,5.04541,98.8506,3.97456,65.9898,13.0719,0.826446,3.06748,4.8913,0.942588,3.25733,7.02087,0.969932,4.4374,9.05874,5.80913,0.393701,76.1905,2.82021,7.327,95.389,3.07692,0.847458,2.43056,3.79404,97.1831,6.74536,7.8125,92.2481,93.6856,93.4334,95.4338,100.0,7.44048,94.1748,11.5556,42.6829,0.790514,8.22785,64.1892,4.875,33.4454,6.08035,8.41121,2.52976,6.25514,10.1301,71.173,5.60876,4.88613,92.2374,2.57559,94.1748,2.30263,5.7971,2.27058,1.02389,7.64331,3.77358,74.6667,83.871,2.82705,4.14508,2.41379,8.0,0.518135,3.32871,9.14634,1.43541,3.48837,0.697674,8.44156,5.6,41.6667,13.3333,38.4615,91.8506,7.27763,1.10701,96.0526,15.4762,94.9398,89.2562,91.9831,5.25292,21.3018,87.3684,87.3016,98.2801,2.87356,14.2077,26.2153,88.3117,82.3232,92.7978,13.6546,83.432,0.846433,93.4152,91.25,0.93985,83.3333,84.6154,92.4812,6.41892,11.6477,6.18557,1.5625,7.42092,5.45278,6.51163,3.79939,3.90456,81.0811,98.8372,3.23699,62.2951,2.40915,1.63728,20.1465,88.8513,14.3885,1.96687,2.7439,3.25468,2.34467,17.8571,6.33803,2.3569,2.8436,7.60709,2.05128,4.35644,6.98529,0.84507,7.3423,1.02302,10.0,3.48259,4.19263,1.26582,8.06452,4.77707,6.4257,4.89237,5.9034,2.16179,2.59981,3.53107,6.06061,3.50195,2.24719,0.452489,4.97925,6.62983,17.5,6.55738,11.811,2.24719,14.4397,2.25108,3.64372,4.62287,0.738916,86.5942,29.798,0.0,80.1418,81.4244,90.2198,90.8745,9.35672,42.4547,10.0334,92.4312,6.17284,3.33333,0.930233,6.11903,1.93906,3.52645,2.80505,9.77735,0.704225,1.88679,98.6487,4.14508,9.18367,88.2353,5.05902,97.2727,11.6751,1.08225,5.52923,2.6096,3.56612,74.5455,84.6154,2.66272,0.831025,3.11284,6.16523,7.00758,3.46535,2.93219,5.17621,2.46154,3.75587,0.851064,1.91205,6.12245,7.01754,0.423729,2.86738,6.38112,58.9552,3.33333,5.55985,1.3289,6.13563,10.5469,0.458716,7.30129,15.122,3.18471,2.20022,82.6087,2.40964,3.99787,5.68627,83.0189,7.09877,0.0,1.07527,1.78771,1.47368,9.78552,2.72109,12.1212,88.6905,0.0,9.48905,7.34824,4.72509,1.7192,0.582666,6.18797,2.99145,9.85714,14.3429,3.69261,7.49601,75.9494,82.5545,4.54545,11.8881,91.9192,91.6667,9.38511,11.5044,6.2753,80.0,0.932401,9.54617,1.51692,5.00782,0.449438,3.75546,3.2967,5.9949,86.5913,95.7944,95.8477,0.0,2.89116,0.0,2.01072,5.02092,27.3543,16.6667,12.7737,89.7541,9.52381,1.15607,12.5984,5.27859,7.05128,3.53698,0.0,0.0,3.69181,2.84414,89.5722,13.0194,71.4286,2.25564,1.55689,10.049,0.952381,5.70758,1.5625,95.1456,5.02793,2.83582,88.7324,4.56323,3.39384,7.41301,91.1392,2.97674,0.0,6.09319,4.7619,70.5882,92.8571,5.27497,93.911,7.38061,2.89157,6.35838,77.8667,2.7668,10.8844,3.4629,4.16667,2.65018,10.4121,7.17131,6.45161,88.4984,4.08971,35.8333,3.64146
HNGK077,94.3723,8.62745,16.6134,12.0,95.0,97.9592,86.7924,22.1277,20.6422,0.85592,76.3838,4.7619,5.0,16.4,4.06835,8.64198,2.6393,84.6774,0.0,18.1818,0.0,3.44288,8.72483,3.125,11.3208,10.5572,0.282486,0.173611,2.10016,4.04858,11.9887,65.2174,0.0,0.770925,0.0,10.1056,3.27869,1.17647,3.98162,1.9802,0.0,3.26087,0.181818,96.2963,2.8169,3.125,9.52381,5.78512,7.84314,5.15873,1.83824,86.7857,4.16667,93.3333,35.3535,6.23656,1.29534,1.25224,10.1045,4.21053,3.76812,5.78035,1.14226,5.56745,4.7541,2.20588,0.0,2.02247,89.5833,95.5335,79.6875,0.0,0.0,0.925926,75.0,0.0,0.0,23.2456,29.6226,1.77936,91.2621,100.0,10.7143,0.885827,2.40175,87.2047,16.2698,9.45274,4.05405,2.33129,87.9121,3.6036,0.0,0.0,10.0358,0.0,0.0,2.05479,85.9649,1.78082,2.17391,2.19298,2.43902,0.531915,2.67131,11.1111,81.768,96.5517,68.75,44.4444,2.77778,4.79042,4.8433,4.5977,3.16901,87.8788,2.9661,60.4167,8.52459,0.0,1.69492,0.813008,2.41158,12.9534,2.80374,1.89873,2.94695,5.78947,0.0,0.408163,72.1951,2.31214,4.95283,92.8302,2.87356,1.28755,3.38983,2.10084,97.4359,8.58086,12.976,73.8095,95.3662,79.3478,97.3501,100.0,5.26829,86.2903,13.8493,46.2366,1.52672,6.55738,59.7765,2.96296,38.6029,3.44234,4.41767,1.18694,1.84332,6.47059,77.0,4.33333,7.0239,91.2162,0.819672,88.7097,4.5977,2.32558,1.14123,5.21327,5.6701,0.909091,85.4545,88.4615,4.85075,1.43198,0.0,0.0,0.641026,1.30719,0.536193,2.04082,0.0,1.7316,1.35135,4.72727,26.8293,16.6667,49.0566,87.2818,1.81818,0.854701,95.3846,5.26316,95.107,95.8333,93.3884,3.28639,3.14961,90.1235,88.5542,94.8864,2.06897,12.0983,5.40541,95.2381,89.1566,83.5913,8.25688,73.1343,1.01523,93.3594,92.8571,3.97351,85.7143,92.3077,91.9708,4.58221,11.3744,7.0761,0.626959,4.44444,2.43243,10.2161,5.69801,1.7199,71.4286,96.7742,1.65289,38.2353,0.220588,1.27714,2.29885,93.2039,5.0,2.07469,0.787402,3.7702,1.96078,0.0,3.31492,3.13808,3.5503,6.33397,0.943396,5.70652,4.8913,3.61991,1.86514,4.95496,5.19802,4.21687,4.5657,2.97619,1.06157,0.947867,6.13208,63.7615,10.2941,5.59211,9.42623,4.14013,4.33071,3.4965,2.45902,0.0,3.8961,0.649351,18.5185,4.40678,1.44928,3.13901,11.6279,1.52582,1.12994,5.88235,1.34771,74.9585,32.2222,0.0,66.1765,70.523,92.549,92.5926,1.54525,6.8323,1.69492,82.7273,4.49612,0.921053,3.9548,4.68521,2.07039,3.00752,3.94089,6.5312,0.0,0.0,97.3684,3.29582,3.9604,89.9123,0.258398,91.1111,14.91,0.45045,1.83246,1.65016,2.89855,72.973,100.0,6.23946,1.12835,1.48148,5.41311,5.83333,0.888889,3.04348,4.49438,8.8968,2.41187,3.97878,1.25,1.92308,2.08333,0.46729,1.64234,4.88798,75.3086,7.72727,5.48469,7.69231,1.77778,3.71991,0.622084,3.73134,8.76133,0.904977,2.69058,74.8936,0.0,6.31458,1.82119,93.9024,5.26631,6.25,0.892857,1.04987,1.15658,2.50627,1.68224,2.39852,95.3846,0.0,9.2559,0.857143,3.7851,1.09409,0.858369,6.88372,3.28947,14.9758,10.5096,7.80952,7.56972,59.2593,80.0995,1.02041,0.632911,78.0328,97.1831,2.5974,27.2109,4.62555,82.2485,0.873362,8.5034,0.581395,5.3012,0.0,2.77544,0.343643,2.65306,91.0026,96.4824,96.0591,3.8835,8.78906,6.66667,2.05761,15.5172,21.2329,0.0,7.05645,86.6667,22.8261,2.25564,4.70588,3.47826,3.50877,5.40541,2.65487,0.408163,3.01418,1.79283,89.8876,8.3682,76.0234,0.847458,2.12766,2.31023,0.0,5.67901,1.13895,95.9184,4.0404,3.26797,80.9091,4.3956,6.96095,12.1447,81.8182,8.05687,0.797872,2.90698,3.31492,85.7143,100.0,4.02194,96.4103,9.86193,4.25532,1.01695,44.4976,1.22888,13.1455,4.90196,3.18182,5.49828,10.5134,16.3636,14.2857,87.1094,2.6087,35.6164,0.561798
HNGK078,94.1176,9.74729,3.79257,8.51466,94.469,93.6709,98.5075,29.3217,15.8768,1.8797,89.1462,6.75676,0.0,2.93333,4.77845,2.22222,4.81073,85.1911,8.22943,11.1111,15.7143,4.52885,2.01613,6.27178,21.7778,5.75916,2.48162,5.82524,9.05764,2.84091,15.7174,73.0159,17.5824,2.14689,11.5385,18.6235,4.94297,7.88644,2.97806,2.8436,4.01069,5.74163,2.03046,98.3402,8.14815,3.94322,2.72727,5.23256,6.74264,6.56934,1.24224,77.9487,13.4615,94.3182,29.1845,1.63148,1.52975,2.7088,3.48837,3.01318,7.60608,7.48175,1.56534,6.2635,4.38508,1.43369,5.43478,2.16257,81.7391,93.1596,77.9381,5.12821,0.355872,3.80048,78.2609,2.35849,0.0,9.72405,11.4958,7.08772,84.7751,89.1892,15.4122,2.98279,2.52738,89.5089,3.14465,21.8967,4.69851,0.794071,92.3977,4.41315,0.414079,0.0,4.56989,1.62242,3.10078,5.79439,85.5422,1.1248,4.1769,5.67613,8.10811,1.03896,2.75179,4.80349,90.4762,96.3415,32.1429,38.7931,0.0,4.82604,7.06941,6.3263,5.35094,94.704,2.53521,56.4576,8.24635,0.0,0.735294,6.43275,1.8615,6.11183,3.34225,2.25641,2.589,8.53659,1.08992,4.25139,75.4266,4.77327,3.74494,95.7198,0.549451,2.2449,5.44554,4.78821,91.25,12.628,7.61421,90.5172,93.5484,90.9604,95.3815,100.0,6.12416,88.806,12.5293,41.7808,2.53623,3.04878,53.1532,7.16389,36.4865,2.20459,9.56072,2.40437,9.51068,9.34256,75.7741,4.34057,4.83042,94.508,2.02532,93.6107,4.33437,7.91557,4.03005,3.87244,5.88235,0.928793,62.931,86.7647,3.81247,3.40031,2.11361,2.85714,2.37154,4.79512,2.6975,6.13027,1.91388,1.5748,3.82166,7.19697,22.2506,9.375,40.9091,93.7879,0.993378,0.898693,95.4545,7.69231,93.9457,88.412,94.6341,6.16114,3.68272,92.2535,89.7243,96.0474,4.09027,19.6172,14.9684,86.4865,88.0597,92.7522,15.8904,85.4054,1.56028,95.8947,96.9925,2.21367,82.6087,70.4545,90.3614,7.23473,6.41892,6.57419,4.54545,5.29891,6.75581,7.7,4.62963,2.65252,70.5882,98.0132,5.4902,59.3909,1.06829,2.08206,3.15186,90.3353,11.4713,3.48684,0.537634,4.57256,0.711238,11.3924,8.52273,2.62664,4.40882,6.94205,1.10236,3.10078,3.81232,1.5544,6.73077,2.38663,4.54545,7.53968,4.48409,3.13589,6.64697,2.74348,9.04393,3.9261,3.67261,5.99625,4.36608,3.31754,0.409836,6.19835,0.4329,0.934579,8.99471,4.24528,33.79,8.48533,6.46154,5.04732,17.7465,1.66766,1.48883,3.05164,0.30722,86.1218,32.4627,0.735294,71.875,82.1074,92.5892,94.6429,2.56898,41.6,14.0056,91.8465,3.75367,3.44595,1.53846,8.91089,1.21382,4.2796,3.19693,10.7471,7.27273,5.26316,96.3415,3.77042,9.60854,89.6254,2.71003,83.1776,9.47712,1.93548,4.38596,1.73565,3.16547,64.2857,100.0,3.04387,0.803213,4.12698,5.78818,9.8546,2.13523,4.24575,5.49738,6.54762,5.98086,5.2161,2.19561,7.80952,7.9646,1.99557,1.67665,5.83607,89.5833,2.14067,5.27018,0.843882,0.828729,5.01601,0.373134,4.25532,3.61011,0.701754,2.58333,81.8182,2.17918,5.16844,2.6484,92.1053,5.36849,4.69799,2.33645,2.23084,2.93367,6.46258,5.32663,4.47181,87.472,10.8434,11.5654,3.32805,1.65837,4.04814,1.19689,7.30847,2.47253,8.54037,11.8907,3.66541,8.10489,68.7943,80.038,1.9084,1.60428,82.9201,93.5135,5.09804,6.76329,4.09429,73.4336,2.90381,3.94366,4.39469,7.08092,0.458015,2.1358,1.40217,3.28185,85.9854,94.3445,94.9109,0.0,6.03136,2.5,3.70899,2.09945,28.8265,14.1414,10.8423,78.6942,3.81944,1.92593,8.49162,3.386,6.49954,4.24528,0.373134,1.38249,3.58127,0.747384,85.687,16.6667,82.2034,1.79641,3.23646,8.61789,1.27389,5.04484,1.47179,92.3529,7.8712,1.8226,83.8298,3.79638,2.0,8.33333,78.4946,8.98058,2.34192,4.6875,1.74672,92.8571,100.0,3.38346,90.0726,9.86193,3.37478,4.5728,76.0532,1.86296,9.53206,4.53258,3.19527,6.8662,12.5137,10.0,0.0,90.5908,3.30368,44.898,0.776699
HNGK079,90.2326,6.56934,3.99306,8.01644,92.7885,97.5,100.0,25.5102,34.4961,0.742574,79.5796,10.7692,61.7021,7.14286,3.1379,3.35196,4.45026,84.141,1.50376,3.0303,3.7037,6.63616,1.76991,13.6364,5.55556,10.3704,3.11355,7.88382,16.9565,5.03145,23.6657,75.7576,12.5,1.05422,10.1695,7.48752,10.1695,1.13636,1.55902,3.65854,0.0,8.26613,1.23648,98.9691,16.2791,2.72109,14.8936,4.56853,9.21409,1.51515,1.00756,81.7708,14.2857,96.6667,17.4242,1.60944,1.89521,0.357782,4.07895,4.7619,7.20721,8.57143,0.661521,14.4509,3.33333,4.46281,5.94059,2.09524,94.3925,94.1176,83.7466,1.88679,0.0,0.75188,87.5,2.0202,3.79747,5.32915,4.55531,9.24171,89.3258,100.0,17.801,2.72169,2.6253,88.4211,7.6,19.5618,2.55474,0.877193,92.2078,4.44763,0.0,0.0,8.56531,0.966184,0.0,2.40964,84.9515,1.02639,5.82822,3.45745,7.59878,2.07792,1.79695,6.47482,90.3509,100.0,66.6667,29.5082,3.65854,7.98005,5.26316,5.74413,5.7423,96.0227,2.07373,60.6452,21.6958,0.0,2.85714,1.04167,0.912409,3.69004,5.16899,1.53846,4.49898,8.46433,0.0,0.0,82.6446,8.25893,4.11255,88.8889,6.87023,0.0,3.7037,2.12766,95.3846,6.87433,7.56219,87.3239,96.0784,86.0606,95.6427,100.0,4.16233,97.6048,25.1838,55.102,0.558659,11.4286,70.9677,3.43137,37.6997,6.94143,5.34521,5.72034,4.4335,5.82707,72.4907,22.0513,4.61192,91.6364,1.67015,93.5961,4.54545,7.36842,4.81728,0.772201,4.0,5.03145,53.7037,100.0,5.20394,1.5748,2.71318,0.0,0.0,4.43459,11.2224,38.806,4.2735,2.65152,5.55556,10.5556,21.0843,0.0,30.5556,93.253,1.70068,0.616333,90.0804,10.0,94.8718,86.1538,94.7674,9.18033,25.3521,91.1616,80.1047,99.2674,3.82514,23.6318,58.0153,82.1429,94.8276,88.764,9.15493,70.7965,1.35397,94.4444,86.2069,2.06186,100.0,78.5714,91.2409,6.72515,10.5691,11.5278,2.63158,5.80297,4.36893,5.5313,12.1447,17.8462,84.6154,93.0233,7.15667,62.6168,3.08099,2.53968,12.1739,91.791,11.0553,4.30925,3.46021,1.78862,1.04384,53.5714,10.0,10.4015,7.36842,7.14286,0.260417,6.61157,8.86076,1.42857,6.48801,3.04348,8.52459,4.80349,4.03727,5.37897,10.7807,9.47867,10.7955,2.04604,8.08625,1.40187,11.976,2.48447,34.5528,4.66321,7.14286,0.0,3.84615,9.50413,52.2124,3.71517,5.09554,15.7343,8.82353,2.46533,5.6872,2.52976,1.45719,84.0941,30.0,0.0,59.7222,90.9408,92.2772,87.1345,2.93663,29.4686,28.2609,82.0,5.25588,3.21181,4.29185,13.3106,1.02041,5.95238,2.32859,9.17226,10.5263,5.88235,96.0,2.34375,4.7619,90.5405,14.0625,95.0495,11.6152,0.462963,4.16667,3.32278,4.48113,68.4211,50.0,3.7594,0.74184,3.02013,4.73815,7.00637,4.31655,3.75303,5.56701,2.88462,6.51408,2.47934,0.350877,8.11808,5.71429,0.581395,4.67091,4.6133,80.4348,6.78571,5.57103,1.11111,0.913838,7.7381,1.5625,4.04624,4.81586,0.0,3.76812,69.8718,0.0,2.28041,2.63158,82.1429,5.1975,0.0,2.15827,2.67717,7.5,5.59441,4.40835,2.6534,78.9216,48.1481,10.1852,0.719424,2.72109,7.71429,1.87573,4.86787,11.1702,5.02283,15.007,3.53698,6.12903,82.6923,67.2489,5.80645,14.2857,60.9023,88.0597,1.16279,9.94475,3.07692,86.4407,2.41546,8.18182,5.35406,4.4898,0.462963,4.36162,1.30862,3.4188,78.0186,94.1176,96.5217,0.0,5.01792,1.36986,5.4878,5.41012,19.0031,6.36364,16.7428,81.2866,4.66472,0.743494,9.25508,2.5,7.88913,9.85915,4.21053,0.0,2.03488,2.23881,86.7089,13.0435,83.3333,12.3288,3.37739,10.1626,5.11364,5.3021,9.62343,93.2692,7.84314,4.98688,88.1119,4.89691,2.48307,11.284,90.625,11.8443,2.27273,7.83133,0.980392,50.0,83.3333,8.41121,92.8205,11.4519,5.12821,2.53165,61.8852,2.86344,13.9842,2.01465,5.09165,4.04624,9.89848,0.826446,0.0,91.0,4.38871,46.7532,0.0
HNGK083,97.4403,13.4021,3.08219,6.08273,95.8477,89.6296,96.6292,22.8992,18.6253,0.720906,79.6226,4.22535,0.0,4.8583,6.01901,4.43038,4.25978,76.9857,0.671141,6.0241,3.50877,7.88321,3.861,5.68182,6.84211,10.8696,2.77099,4.30839,4.47585,4.25532,17.0051,76.9821,7.84314,1.38696,12.6437,16.1223,5.46218,3.98406,2.6253,2.41935,2.48447,7.0028,1.96464,97.7492,3.92157,3.51201,5.0,3.09524,4.7619,4.04762,2.78689,78.7276,13.7931,92.5926,33.7278,2.2291,1.80921,1.17117,5.35007,3.67647,8.52858,4.28571,1.1851,6.90722,4.19048,0.578592,2.0,1.21156,88.3871,95.36,66.1364,0.408163,0.0,0.0,87.5,1.31579,0.332226,12.6524,5.42035,5.09383,89.916,100.0,14.6341,3.9398,1.24708,89.2986,4.1502,17.4256,6.45161,1.39442,95.5882,2.62361,0.230415,0.0,6.86275,2.53165,0.0,4.3578,88.6598,1.76334,3.85852,6.96721,6.98925,1.29199,1.46572,2.7933,90.0524,92.8571,17.8571,43.2624,0.0,11.9691,7.82269,3.14961,2.8838,93.5385,14.4876,73.5849,18.4659,1.05263,1.95122,9.58904,0.87108,6.90647,7.14286,0.457317,5.40541,6.28234,0.60241,1.36986,82.7243,43.8411,5.8745,98.0658,2.1978,0.0,3.9604,4.75382,89.0,9.7035,6.57476,89.8649,95.2381,86.9835,95.4987,90.9091,5.36117,94.1441,12.8362,69.7842,0.515464,5.26316,59.3525,6.38889,33.4161,5.02232,6.68896,2.34292,2.73711,8.12604,75.9777,19.8428,3.98749,96.0707,3.09753,94.9008,4.60705,7.48031,2.58621,1.65289,6.54762,2.6455,77.027,96.6667,1.61784,4.13695,2.1645,0.0,0.904977,2.60782,5.76653,5.97484,2.35849,5.48303,4.70588,3.8633,18.3566,0.0,45.0549,87.6904,3.72208,0.480307,94.4272,8.52535,98.3434,87.3737,96.6038,7.93388,2.35988,93.3989,89.172,95.6274,2.71903,12.8983,23.4352,93.5065,89.0351,90.7856,17.8571,85.6287,0.650759,93.8166,100.0,1.05105,81.4815,93.1818,92.4188,6.91358,22.0447,6.73854,2.3968,2.98047,4.72637,7.10974,9.24784,0.503356,85.1852,97.1698,5.5814,47.7848,1.75439,1.91816,12.6866,91.2807,5.90062,2.20126,3.90625,4.08163,2.69542,15.7895,7.03884,5.90551,3.61446,4.47761,0.322061,0.906736,3.7037,1.30246,8.2391,2.9148,7.90885,5.15267,3.23985,2.55102,5.94228,2.82051,8.41121,1.72712,2.89256,3.19258,5.14419,5.51075,5.88235,2.91262,0.671141,0.952381,12.0482,4.88372,6.52174,9.57668,7.39645,8.08081,12.2951,1.85029,0.309598,2.91715,1.06007,87.5524,26.9103,1.96078,79.4393,80.5005,93.3714,92.5831,1.89504,36.0494,17.2619,87.1053,3.56898,10.6436,1.40449,4.60373,1.73745,4.71698,4.10959,10.3465,3.96825,2.04082,97.561,2.31272,4.16667,86.9478,3.79747,94.9153,16.4147,1.2024,4.53901,1.49007,3.14961,87.5,80.0,5.2974,1.27246,1.39535,7.2619,9.39044,15.7191,6.43312,4.50539,2.38095,2.51196,4.81651,1.07527,8.88889,14.2857,1.53061,2.37113,6.45161,62.5592,4.45104,6.92475,1.52672,3.57143,4.06504,1.09439,3.49014,5.79011,4.0568,3.54119,73.6842,0.0,6.11688,5.10856,91.9283,5.40265,0.0,5.05051,1.8143,1.39563,4.53721,5.25701,2.17835,71.7868,0.0,12.6193,7.81991,4.10578,3.46192,2.62097,4.83631,1.89873,4.97667,13.1429,5.21201,10.2345,78.2051,85.0,8.42697,6.66667,79.2388,89.1566,6.73077,14.8825,5.30973,76.5237,0.225225,7.78947,2.25933,5.93472,1.49533,1.3468,2.09864,4.20819,88.4555,91.886,95.9574,1.07527,9.42928,4.0,2.14286,4.00471,27.7972,18.6441,12.3992,76.8293,20.7156,2.50896,11.0921,4.93601,8.54473,10.6897,0.0,0.0,6.34518,9.60912,83.5237,13.3574,64.5051,6.55738,2.35799,11.9522,2.8169,2.57009,2.67296,97.2125,7.12251,3.38059,85.8779,1.45548,3.71694,15.1269,92.8571,7.28972,4.11392,8.03109,1.69492,83.3333,91.6667,3.06205,97.1681,7.70202,1.4245,1.48976,75.098,1.03589,10.4348,1.28649,1.27389,4.87465,7.92254,6.49351,7.14286,90.2098,2.03252,39.1304,0.460829
HNGK085,96.8153,12.7854,28.4574,23.6385,96.5035,97.3684,95.4545,11.2903,9.15493,0.620155,71.1009,2.77778,6.66667,5.2356,6.10433,3.34928,4.22535,88.6555,1.39535,37.5,2.43902,3.44828,4.7619,8.13559,10.6667,6.62252,3.68098,1.77936,4.4843,1.75953,16.388,68.6487,0.0,0.977995,11.1111,18.5759,4.10959,1.16279,1.88679,3.00752,12.0,21.7105,1.54905,100.0,0.0,3.1746,25.0,3.93701,13.1579,3.38164,3.76344,88.1057,4.87805,93.1034,32.8358,2.23285,3.24324,1.94175,6.15385,10.4683,10.3448,4.73934,0.436047,8.61423,5.3286,3.03571,7.40741,8.96057,94.9367,90.9604,84.1328,0.0,0.0,3.44828,66.6667,0.0,0.704225,6.27615,7.92683,7.37327,75.2688,94.4444,11.1111,5.16499,3.00429,92.6941,13.0719,30.9659,1.0989,1.3369,89.4737,9.48276,2.16216,7.31707,1.99203,0.454545,0.0,3.04183,85.7143,0.993049,2.15054,7.74194,10.4317,2.49377,4.64396,1.6129,82.8571,92.3077,47.3684,39.5349,24.7525,3.23625,3.04569,2.2,4.91329,94.8276,12.1622,43.8596,16.0622,0.0,1.13636,3.75,6.03622,5.48523,2.76243,2.5,6.48649,5.28376,10.5263,3.2967,54.717,5.55556,2.15385,95.1049,7.31707,0.350877,0.0,1.8018,94.1176,13.0841,9.87124,97.619,93.5103,90.9091,97.6864,100.0,11.7172,92.2414,21.8954,0.0,2.36686,30.5344,58.6777,8.15851,48.8372,3.28947,6.21762,3.43137,9.62199,23.1076,73.3766,31.25,7.61828,88.2353,3.59086,91.1111,9.15493,6.25,3.18841,14.9533,3.86473,0.0,25.3521,94.7368,2.85326,6.60661,4.329,6.45161,6.57895,4.55927,0.458716,3.93701,0.0,2.8169,14.5833,6.5625,20.8092,0.0,37.037,95.1456,7.06522,1.07527,94.4828,9.83607,95.5556,44.186,98.0769,9.14179,2.89855,89.9408,80.9091,99.5,7.30337,5.0,31.3218,73.0769,85.1064,89.4834,24.7525,81.8182,0.775194,96.3585,89.4737,4.05904,83.3333,94.4444,90.2174,11.9777,9.83607,14.4417,0.996678,1.56863,9.03955,5.07246,7.22022,7.29167,87.8049,94.0476,0.867679,78.5714,2.94329,6.23053,0.956938,85.8333,9.85915,12.5373,5.85586,5.72917,11.032,23.6842,2.68456,0.921659,7.87402,11.5909,0.444444,1.13314,4.87805,2.00573,9.2145,12.5,8.20513,2.54777,8.15006,17.0347,6.15942,0.892857,5.81395,13.2701,13.0081,4.11523,4.52489,6.28931,1.23457,7.75862,0.0,0.0,14.8438,10.9091,36.8098,7.40741,0.0,0.0,20.4082,2.1875,2.22222,5.50239,2.48447,85.7576,44.0678,0.0,79.3651,88.3392,71.1111,89.7196,3.05344,55.8559,10.0,85.7143,1.41509,1.34146,3.26087,8.7156,0.334448,3.97727,8.37104,16.2252,5.0,3.84615,100.0,4.35459,5.22876,92.4855,0.0,95.2381,24.7588,1.78571,11.5625,2.24033,5.93472,71.7949,70.0,6.34921,2.51046,13.3333,8.28729,12.9353,0.847458,3.16547,4.53515,19.3103,6.45161,18.232,2.20588,9.52381,5.55556,0.0,4.01606,10.8225,88.2353,19.8413,5.50622,4.28571,5.36013,6.08466,0.576923,2.25141,18.0822,0.0,4.8583,77.2277,3.84615,7.85498,5.27778,81.7204,9.52813,3.7037,2.65487,1.9305,6.58824,9.95475,9.09091,4.3222,78.4404,10.5263,8.08314,1.95312,4.80769,0.34965,1.6185,19.0171,7.14286,12.3596,12.7869,5.77367,19.6911,28.5714,80.0885,3.44828,6.98925,88.8199,92.3077,2.3622,7.92683,5.4902,86.076,1.77515,7.9646,2.68041,8.33333,2.08333,10.0391,3.16206,7.86164,95.7447,96.6887,95.2,9.09091,4.74777,9.09091,1.67598,3.46821,27.3063,4.22535,11.9403,81.0345,23.5537,1.38504,10.6618,7.173,12.6437,3.96825,0.0,1.6129,3.09735,3.65297,76.8212,9.72222,75.576,1.31579,6.32184,7.38007,5.71429,4.55729,5.0,93.2432,10.2041,0.854701,92.4812,2.46914,5.89041,4.09091,95.8333,3.2839,8.47458,3.63636,4.7619,100.0,93.3333,6.60194,92.7273,22.3301,5.44554,7.40741,89.3878,9.98914,29.4118,2.85006,0.854701,5.02793,10.79,1.10497,10.0,85.1351,7.37179,48.7805,4.81928
HNGK086,96.0821,6.10329,10.7173,14.3953,93.8889,92.0635,100.0,18.541,10.8434,0.72314,80.0,4.32099,8.51064,10.4167,2.65432,2.55814,7.71679,82.4847,1.09689,6.45161,15.1515,8.16158,2.6616,12.6761,23.6842,5.50098,3.37756,2.48521,2.91363,2.33051,15.5454,83.2685,12.6984,2.76119,10.5263,7.73043,4.87805,1.90114,2.7881,3.7037,2.97619,6.89207,2.04604,98.5714,2.75229,5.09745,5.78512,1.42045,4.13724,7.6225,2.36769,86.1789,2.32558,93.9759,25.4237,4.74394,3.1379,3.76884,5.16081,6.0,5.58848,10.585,1.28949,6.92951,4.88355,1.34794,22.4242,2.13004,86.1538,93.7238,77.0781,0.689655,1.36986,1.41509,100.0,0.0,3.21429,36.1702,35.0063,4.51264,90.681,100.0,16.092,0.652432,2.04082,90.7664,3.28125,19.6409,2.92599,1.78161,87.2727,4.7503,2.71903,4.44444,2.84939,0.9375,1.49254,1.53846,90.8163,1.57274,1.49925,12.9082,10.0968,1.93322,3.50877,2.94118,92.3977,92.5926,21.0526,18.0,2.27273,6.15672,6.74847,8.223,3.86625,94.1818,1.27877,56.875,11.4323,0.0,0.0,0.529101,3.86266,7.35294,3.09278,1.68539,2.98977,13.6401,6.48536,2.4,87.6,3.66972,1.99005,95.6,4.48549,0.0,2.53623,0.413223,94.6429,6.54709,6.70732,88.8,93.0935,90.2098,95.9423,93.5484,8.64198,94.9495,10.395,33.3333,0.0,28.3019,61.5385,5.12249,30.1736,1.80723,5.03145,0.668151,8.93655,4.95726,75.0,0.839161,5.47945,96.5426,1.94842,96.9697,6.59341,9.41177,6.81576,4.61538,3.06604,0.291545,31.5789,85.0,3.24987,1.2069,2.64317,2.45902,2.46914,2.5463,7.41483,1.74672,1.63043,2.51716,4.34783,10.8108,27.8061,0.0,41.4286,90.6122,3.25203,0.758397,96.0835,14.3548,91.2088,93.6508,95.4167,8.15939,18.3784,94.9074,91.8089,98.374,4.30622,9.87461,11.7845,90.8046,95.9459,92.4905,11.4068,82.4859,1.81518,96.5144,95.5056,1.38408,93.3333,88.4615,93.4579,4.33071,7.2327,10.3746,1.4218,7.41117,10.8514,4.40415,2.93772,6.75676,87.8788,98.8095,1.08696,71.5596,1.46709,1.27326,5.80552,88.7283,10.6796,1.64986,0.381679,2.57302,5.52659,10.1695,2.71003,1.47601,2.38908,7.15339,0.904159,1.55763,6.52174,1.34228,7.06605,2.33051,5.52846,5.3528,5.10304,17.9104,1.14286,2.58303,5.83658,4.10023,3.01318,3.24465,5.73013,2.91595,0.702988,4.24528,0.0,0.0,8.54922,5.49199,26.5116,8.51064,0.738007,3.46021,10.6494,1.39296,3.16344,2.1519,1.9685,90.0721,33.4677,0.0,83.691,72.433,94.1267,95.3177,2.2187,47.6033,4.12371,83.6858,4.54545,1.19546,0.737101,5.86531,0.312175,4.49219,2.09895,11.6898,2.63158,0.0,98.6111,4.24312,1.0,95.4217,1.59787,95.8333,11.8568,0.706714,2.23325,3.46774,4.39078,72.3077,84.6154,4.74747,1.00592,2.34987,2.6362,13.7085,1.85185,5.37217,3.43035,3.33333,7.43169,2.76339,0.47619,5.77367,0.0,0.235849,5.93714,5.60472,92.3729,2.07852,8.52916,0.235294,12.8761,6.15385,0.874636,3.94366,19.7163,2.05656,4.46886,75.2577,6.10329,8.8,3.43782,95.0355,6.80536,0.423729,3.10078,2.00913,0.876424,5.64103,2.55973,3.17797,88.6574,24.0,11.4369,2.05479,4.57719,2.20022,1.37825,5.10563,2.08333,10.3647,9.4041,4.29505,5.92593,75.0,81.9843,2.76074,2.44648,85.4406,91.4286,1.52838,6.03774,6.07533,84.2105,0.719424,2.39316,5.0906,7.8125,1.32626,2.59197,1.6116,2.36407,87.4372,96.1806,94.3144,10.8333,5.51351,2.04082,1.48148,6.04782,26.9939,22.5166,10.4097,82.4885,7.55337,2.6764,11.0708,2.2409,3.40909,4.98534,0.478469,0.0,1.77419,2.08668,89.8305,10.0616,86.8085,2.7907,1.89243,3.92157,3.04348,4.95334,1.34907,96.9072,1.98511,1.98216,85.2792,0.952381,3.86643,2.50329,91.1565,3.03728,4.50237,5.86592,3.47826,100.0,85.7143,4.62633,95.8449,8.70229,3.8961,6.56716,91.7939,2.39448,7.4,0.913706,3.125,2.89855,9.4431,3.42466,0.0,93.2065,2.24299,37.1901,0.961538
HNGK087,96.4126,10.7744,10.4113,6.18253,93.9922,94.8276,97.2222,22.5086,19.1781,0.809717,81.7178,3.7234,0.0,2.68336,5.60404,2.64463,4.23573,83.7278,1.84941,7.60234,8.79121,4.78992,2.4735,3.28228,16.9811,7.08419,2.92921,2.09205,5.19698,2.46768,9.97191,59.8522,4.78723,1.53846,8.88889,12.0761,5.55556,0.46729,2.73775,8.09859,3.76344,4.28397,0.515464,96.875,2.72109,4.04686,9.60452,3.65854,3.98323,2.3224,3.39943,82.4324,3.48837,95.6522,36.0129,2.38954,2.92363,1.78571,4.34164,6.47922,7.45209,7.57946,1.75141,7.92453,4.81638,1.2931,4.60829,1.88679,84.2105,92.7345,85.5072,1.73913,0.609756,0.711744,100.0,0.0,0.555556,11.3287,39.6456,4.53674,84.456,95.6522,11.6279,1.90427,2.14953,92.0082,2.20386,22.0339,4.09889,1.50463,94.7619,2.49077,1.02041,0.0,4.53564,1.8595,2.5,1.14943,86.0051,0.869986,3.78619,6.69578,4.28752,0.692841,2.37134,3.97878,88.3853,92.9293,57.8947,26.5306,1.84049,4.47658,8.03296,5.11896,4.10691,95.4683,1.45985,44.2724,12.3061,1.11732,1.75439,1.08696,4.07371,1.31926,1.60428,2.01816,1.4295,9.32401,2.43902,0.0,80.5369,5.17621,6.05795,94.8074,3.71991,0.60241,5.23691,2.55009,95.0,5.40193,4.58075,87.3016,94.143,96.25,95.4698,92.0,5.95293,93.4931,13.3395,48.8764,0.0,6.25,43.6916,4.34783,31.2277,1.63532,3.20122,2.86123,4.10959,5.29915,72.2868,2.21932,3.91227,93.1217,2.00841,94.086,4.44915,7.87172,1.97802,3.13589,6.15385,0.412371,67.1875,88.8889,3.16659,3.76028,0.930714,7.46269,2.5522,2.44932,1.427,5.07614,2.04918,1.82073,3.75,7.5406,22.1053,2.32558,41.4141,90.1813,1.90476,1.71642,94.3493,9.67742,92.2481,92.4658,96.7647,3.03767,4.93827,90.5386,86.2245,94.7635,3.72671,20.7241,9.01639,93.0233,92.3754,93.869,18.8498,90.1554,1.06296,96.9821,92.9293,1.2987,85.7143,71.9298,88.1402,6.27615,9.36709,6.01875,2.0,6.97674,9.09091,6.05578,5.1088,3.9759,81.0526,97.2603,5.14113,59.9315,1.35891,1.30597,6.09272,94.3026,5.16432,3.88937,4.63215,2.45673,3.31492,21.6667,3.9261,1.74482,2.50482,5.15614,0.155039,2.71399,1.11732,1.34486,7.74228,4.52675,6.54206,4.64481,3.55696,3.83387,3.57143,2.84431,3.23529,2.20386,2.81385,3.30529,9.99108,2.57576,2.24138,6.70554,0.789474,0.0,6.08466,5.25424,8.33333,5.39887,3.57895,0.740741,9.62441,4.59547,2.28659,4.34783,3.99579,91.3624,27.2425,0.682594,65.9483,81.7982,93.3435,95.1724,2.60521,27.3463,3.10078,93.5294,3.3978,0.497963,1.22888,4.15633,0.898588,2.06795,1.90347,11.7989,1.88679,1.36986,100.0,3.3021,4.61095,91.7031,2.23602,89.2308,10.475,0.431034,3.27225,2.61081,4.35294,77.1429,76.1905,3.52588,0.736772,2.5,3.94304,8.73016,2.63158,5.20794,3.31024,0.70922,6.21891,6.32911,1.1194,4.5045,5.46875,0.488998,1.52672,5.28607,84.7682,1.82149,6.10955,2.00364,4.35835,3.77003,1.66667,4.82426,3.3366,0.480192,1.40598,75.8308,3.30579,2.53666,2.73859,88.7755,7.64401,1.90476,2.39808,2.68336,2.15589,5.97403,6.50685,3.93983,89.348,10.1562,6.90423,5.35456,2.70701,1.24902,1.38161,6.06796,1.74081,5.09915,14.2724,1.81818,6.83157,66.1765,79.6482,2.43056,2.15054,80.6897,95.2381,1.14943,8.04598,1.875,76.9048,0.64,6.63562,3.50485,7.36377,1.18845,0.83668,2.76356,4.9217,89.3471,93.9394,94.6809,0.0,6.26866,3.61446,5.67787,2.22635,11.1111,21.1806,6.01695,86.383,38.9545,1.87919,6.60888,3.69565,6.46707,8.46154,0.746269,1.90217,2.08062,0.83877,83.5214,9.64674,68.0498,4.71014,2.86513,2.51889,5.00928,5.10989,1.11483,90.8772,2.69122,2.01913,81.6832,2.02361,3.88751,3.73057,93.5323,3.2481,3.78215,5.83153,4.81586,63.6364,88.8889,2.96583,95.6341,5.5814,4.60358,2.52454,77.2206,1.48614,13.674,2.18558,1.78042,3.52673,6.25,3.85757,2.32558,85.7924,1.25428,32.243,1.46751
HNGK089,84.0789,10.0,8.42451,9.97461,95.8692,89.7436,91.1765,24.2978,28.2209,1.10145,81.1033,10.1064,1.83486,7.21805,5.33495,6.1082,5.87139,89.3318,6.81115,16.0,8.69565,8.23845,14.6479,8.56643,14.8551,11.5094,4.99316,6.85663,10.6234,8.39161,28.2432,74.321,4.86486,4.44154,20.3252,12.2816,21.2766,21.2377,2.74262,3.05085,5.12821,6.92737,3.46821,97.7387,8.8785,4.66926,6.8306,5.84615,5.63492,4.26487,4.24837,87.4839,27.8261,97.4138,26.8041,4.93744,2.51876,0.614912,5.4865,4.54545,8.92857,3.82831,1.46912,12.2727,4.13569,3.97314,6.84932,2.03892,87.2414,94.292,84.051,3.125,1.19048,3.73832,83.3333,3.81471,1.77778,13.2216,13.2415,7.14552,89.7163,98.6842,13.8889,2.83595,2.16138,89.6084,11.0209,26.3073,9.54811,3.27429,94.3128,5.33088,0.746269,0.0,17.9612,7.46753,0.429185,3.57654,89.8608,1.80668,3.79747,8.46485,8.38207,1.47059,3.21508,10.5413,89.3905,94.1606,45.1613,12.987,1.18577,4.7081,8.08424,4.09882,3.90093,95.2489,18.3213,69.1327,16.3186,1.16279,4.88889,9.43396,1.83799,4.69799,9.89346,1.56833,10.963,12.3613,1.14754,5.27473,63.0485,2.73003,5.55144,95.795,2.50482,1.14943,5.94595,8.89193,98.2301,10.4737,9.93485,93.6364,83.2258,84.2937,92.0713,94.7368,6.35528,94.5175,16.1011,57.868,0.884956,17.5781,57.3883,6.1354,48.0787,18.3038,8.33333,2.20507,3.47655,15.602,72.4528,18.0374,4.47038,93.0649,2.20795,88.5376,4.2471,5.85366,4.44305,2.01511,5.34161,17.6101,48.4043,78.9474,4.85797,4.37045,3.38617,10.303,3.62694,5.18098,16.8601,13.7634,13.2492,7.52566,4.0293,8.05556,14.2466,39.0244,46.7153,90.1496,22.2857,1.87702,92.1311,17.1574,96.1718,82.1739,88.4831,6.55391,16.4733,90.2808,88.8307,97.1014,4.8927,15.4706,47.2706,88.2883,93.6986,91.4387,14.9425,80.8511,4.23905,84.8548,95.302,2.12585,94.4444,96.3855,91.224,5.21901,21.3064,8.837,10.3373,5.61715,5.74713,6.15066,6.74931,3.09278,85.5556,98.0645,16.4936,65.812,3.86082,14.1978,7.37705,81.162,14.6712,4.56191,1.07143,4.21748,2.69675,50.7937,10.6227,2.52525,3.83234,7.32201,1.70512,5.83409,10.1695,4.42035,7.51306,4.5082,8.41035,5.7398,5.53982,4.11622,5.88235,4.88263,6.62879,10.8071,5.42986,4.46901,5.52083,4.63801,24.7222,3.85488,0.773196,5.0,6.37584,11.3861,42.1053,10.0737,18.75,20.4771,12.2124,3.72526,3.57143,3.99274,1.22549,88.1579,41.9811,2.85714,74.4,81.4107,91.5797,94.4664,4.49791,26.7593,14.4385,78.9916,5.74903,22.8649,2.24888,6.73944,2.90859,5.17677,4.00853,12.2242,12.3552,11.828,95.8904,2.45739,15.0562,91.2921,13.6775,91.2568,17.52,1.87394,5.465,2.06128,18.2973,52.439,76.1905,4.27586,1.4565,4.83871,6.84825,10.4167,6.97051,3.47676,3.84356,5.11278,3.94331,8.22785,1.74497,7.40741,28.5714,0.0,2.59918,8.36136,72.9167,2.47642,5.0,4.99325,4.0404,5.0821,1.33615,7.33855,8.04124,6.75325,3.55078,72.9508,4.47761,4.08012,3.17343,80.4878,6.24166,0.0,1.91972,2.69086,4.09676,7.98641,5.59322,4.46474,75.5648,19.7044,10.1257,4.07125,3.58852,17.1242,18.8323,9.04645,2.97723,10.6968,11.9114,3.56963,8.01749,71.3483,82.7586,26.6667,13.7048,79.3289,84.0,13.7384,34.4322,6.25,87.5513,2.86697,8.94231,6.22331,8.16327,1.04849,3.8961,5.16667,5.57185,79.1001,94.6667,95.2769,0.711744,7.85908,0.0,4.10156,3.31179,20.3576,14.3868,13.3472,80.6366,21.0421,1.87638,9.51111,5.13514,3.98104,5.97826,4.27632,1.38889,6.13079,1.9833,89.8773,9.82801,84.0,24.8062,3.20285,24.2004,7.01754,6.18893,2.75928,89.8496,5.6042,4.63045,87.1166,2.8768,4.22833,20.993,85.7143,16.2824,1.67015,7.44337,2.48756,83.3333,100.0,6.45339,94.5824,9.85663,2.38474,3.90977,78.8006,3.07407,9.96524,3.15828,4.77085,6.5641,12.9847,20.5817,7.84314,88.6414,6.81818,44.8819,2.48447
HNGK092,96.2825,11.4286,4.67128,5.8072,94.5455,96.5517,100.0,23.5294,10.6383,0.243902,83.6283,3.125,1.19048,7.27969,6.92244,2.5,6.43501,83.1224,0.704225,1.72414,4.7619,4.90694,7.03125,5.21978,10.6383,3.93258,1.96078,0.328947,3.99274,3.57143,11.8846,53.9216,0.0,2.3301,21.4286,5.16854,0.892857,0.0,2.7248,0.0,9.88372,7.61719,3.23383,97.9592,2.63158,4.14747,8.75,4.66667,9.62567,3.33333,0.346021,83.9695,7.84314,100.0,29.4118,1.42602,2.86104,1.38504,4.61538,8.62069,6.42202,9.84252,1.6632,4.31267,4.62833,1.54185,0.0,1.89573,89.6226,95.4386,74.7664,0.892857,1.92308,0.746269,100.0,0.0,1.14943,5.12821,3.94366,4.52586,97.8947,80.0,10.4348,2.16648,1.10497,95.1754,1.17188,19.292,3.9966,1.19048,92.5,5.77367,0.0,0.0,4.21348,1.36986,0.0,1.40351,86.7924,0.316957,1.25786,2.38095,4.04624,6.74487,2.5,2.04082,87.5969,93.3333,38.4615,11.7647,21.3115,8.10056,7.62712,3.18584,1.50862,97.2067,29.7935,58.4746,7.46667,1.49254,2.8436,0.0,2.6699,2.09059,7.61905,0.96463,4.28894,6.96517,0.253807,5.14286,94.3262,13.2635,3.03571,93.0481,0.0,0.769231,1.47783,1.92308,92.3077,8.68263,5.54371,81.6667,98.4496,85.2814,93.0804,91.6667,7.01581,82.6923,16.7969,96.2025,0.990099,14.6789,50.7042,2.29885,28.6325,7.95918,4.46735,9.29752,6.10022,15.1316,77.3006,5.81395,3.44403,87.9032,1.49425,95.302,13.7615,6.94444,3.87097,2.82258,1.81818,1.6129,72.973,70.5882,2.8021,1.33333,2.71084,3.125,0.775194,2.15264,4.96614,0.666667,1.53846,0.316456,1.88679,8.91365,12.9412,0.0,46.5116,92.1162,15.2174,0.420757,98.1132,3.97351,98.2456,90.9836,95.9596,4.22078,3.28947,85.6734,92.9825,99.3197,2.45399,13.6646,22.739,100.0,94.1176,89.3411,12.1951,64.557,4.77273,92.0746,97.2973,3.28467,92.3077,85.1852,92.7461,5.28302,5.38462,7.37606,1.02302,5.42636,5.45939,4.71869,5.01393,2.32558,67.8571,95.3488,2.17918,60.6838,2.10623,1.00167,29.6296,90.3509,11.9565,3.1348,1.2987,3.01109,2.02532,15.3846,3.8835,2.14477,6.27803,7.46951,1.03448,2.31214,6.56566,1.98413,10.1788,2.11268,5.52764,5.32787,8.13107,0.536193,2.1978,2.72727,6.29921,13.7168,6.98925,3.33333,6.63984,1.03806,5.36585,9.45946,0.564972,0.0,6.2069,10.1124,23.9669,8.06175,1.07527,0.0,8.85417,2.74869,0.877193,8.10811,2.20183,88.1356,41.3223,0.0,63.5514,83.871,87.935,88.7931,2.31959,55.1724,13.9344,73.7864,5.04886,5.06993,1.53257,4.58115,4.06504,2.76817,6.56635,10.7143,1.14943,0.0,100.0,3.71661,4.02685,94.1176,1.58311,93.0556,9.85577,0.687285,2.36967,2.27273,3.47222,73.1707,77.7778,3.76506,0.813008,1.5544,7.92291,7.82918,0.0,2.5731,2.95858,7.33333,7.22348,9.79381,0.763359,4.29043,14.2857,0.913242,2.26244,6.34202,57.1429,1.83246,6.54545,4.7619,1.68176,7.67591,1.95228,6.49123,8.98204,0.552486,2.03252,70.3704,0.0,4.88263,1.69972,72.1519,4.80565,1.76991,0.8,0.2331,0.990099,6.17284,5.85586,4.66989,86.4583,22.2222,7.7135,2.62295,6.81818,4.98084,3.67534,3.9807,1.23457,12.1387,15.4783,3.34395,6.43777,73.3333,80.2817,1.28205,5.14286,78.2918,97.7273,1.45985,7.28155,2.85714,85.4545,0.291545,7.94297,3.37972,4.4,0.869565,2.90657,1.86625,0.632911,92.7007,94.9791,94.9153,0.0,2.43243,10.0,2.73973,3.89972,21.5311,22.0238,20.7407,70.6522,23.0769,1.74927,12.0,6.39535,6.05187,0.0,1.03093,2.17391,4.0678,2.6,87.2549,20.1856,76.1468,6.89655,1.08696,3.81679,5.98291,4.03917,4.53258,92.5,3.37838,2.1978,88.8889,1.10497,5.56369,2.76817,81.8182,4.16368,1.85185,2.29008,1.81818,75.0,100.0,5.26316,95.8333,10.8153,1.57895,0.795756,39.8058,2.21745,12.7273,2.03304,1.94986,8.13008,14.346,5.55556,0.0,86.4286,3.66379,32.3232,1.22449
HNGK094,96.9945,9.69697,8.8586,13.0405,92.8144,95.6522,97.561,23.5772,19.891,0.621762,79.803,6.06061,0.0,3.41615,5.50511,7.10383,4.10959,79.3722,1.14723,2.63158,9.52381,4.7619,1.89573,10.5845,10.4478,5.70033,4.75185,1.12782,8.79121,1.5015,16.8232,68.8372,6.0,4.3722,6.41026,13.2507,3.41463,0.0,2.77778,1.35135,0.934579,4.87805,1.15979,98.7069,0.689655,5.11811,13.8298,1.65746,4.62428,2.49584,1.41509,81.9444,1.5873,93.617,40.5,1.87581,1.56128,0.793651,7.00902,1.31086,5.32044,3.97196,1.11343,9.66258,2.74889,1.46597,9.43396,1.58416,88.189,96.8685,76.6355,0.645161,0.518135,1.40187,80.0,0.595238,0.0,7.7821,7.8329,3.40459,86.5741,94.8718,19.8758,3.53698,0.56243,95.0633,0.856531,19.4978,4.64853,1.14504,92.7273,2.78207,0.769231,0.0,4.44104,3.63636,0.0,2.66667,90.1515,0.995475,3.52423,5.10949,10.2625,1.31868,2.19156,0.858369,90.4412,97.0149,12.8205,22.7273,0.0,4.414,6.07029,3.19767,3.22266,98.3806,3.98352,62.3853,13.0148,2.65487,1.40845,4.30108,2.23547,3.78486,9.94671,1.17647,3.37331,8.07882,0.925926,2.35294,80.5263,20.5977,4.08163,95.8005,0.571429,0.0,9.09091,0.898204,98.1481,8.01833,6.78138,96.2963,98.2301,90.1993,96.9006,100.0,7.02065,93.1193,8.33333,84.7458,1.52284,17.8862,55.8642,6.27178,39.1544,2.34261,9.42982,2.79001,5.37931,8.28729,73.9865,3.08008,4.81366,89.7281,2.24719,92.7083,6.04982,6.01093,5.07099,3.7594,9.14761,3.367,58.5714,78.3784,3.20641,3.32717,0.728597,0.0,0.429185,2.68199,5.75916,4.38596,2.46914,3.63392,2.8169,8.02348,23.2653,0.0,43.2836,89.1089,5.18293,1.14679,95.7096,7.20339,96.1783,97.561,96.0,6.01915,23.1132,93.8124,87.9433,96.1194,2.87582,17.0787,29.2829,90.2439,92.1053,91.9437,17.757,86.9565,1.60214,92.7653,100.0,1.78306,91.6667,87.0968,91.8269,4.50161,11.4907,8.55124,1.60714,5.81395,7.65472,6.7867,5.90164,2.38971,77.7778,96.9231,0.820513,37.5758,1.6273,1.78926,4.62633,93.633,7.24138,2.194,0.589971,4.70016,1.34474,18.0,3.84615,2.08333,2.42588,8.73521,0.842105,0.511073,1.5625,1.70455,6.05096,4.20168,9.58409,5.14286,3.7336,3.97351,2.88066,7.6225,5.80205,4.11184,2.52427,6.79178,6.38587,4.51713,0.461894,5.31401,0.473934,4.34783,5.47945,5.46218,48.6188,10.274,0.621118,0.980392,15.7706,1.3579,4.48276,4.58515,1.25392,87.8453,34.5238,0.0,81.1189,91.1458,94.7295,95.057,3.67751,24.7059,13.3047,90.4478,3.75552,1.57593,0.457666,6.09865,1.80723,7.91367,2.99353,14.1068,0.581395,0.0,97.0588,6.10413,0.50505,92.0716,2.57732,90.4762,15.5405,1.02249,4.50098,1.75926,3.80282,76.9231,85.7143,4.35161,1.48883,0.970874,6.6087,7.88863,0.0,3.45477,1.83876,0.743494,7.00637,5.55556,1.5873,7.5,21.9048,1.39373,1.3431,4.75819,72.1739,1.32159,5.42942,1.69492,2.92683,5.53977,0.241255,6.28536,13.75,1.04603,3.43511,81.5385,1.5,7.06667,2.9661,90.9091,7.22892,0.0,0.0,1.33156,0.816327,4.57413,5.44323,6.45472,95.0445,12.0,7.9646,2.21729,5.29148,1.0917,1.12293,4.86111,1.85185,10.7649,12.9412,1.49942,9.7561,76.7123,87.6761,2.21402,4.27046,85.6813,89.3617,1.01215,2.8777,3.39806,85.6698,1.47059,8.96359,4.25717,8.78939,1.32275,2.50142,1.85701,2.66075,87.146,97.2868,96.3964,0.0,4.34783,0.0,3.98482,2.8169,26.8765,17.0455,16.1442,85.83,14.8624,2.84238,9.58904,7.44337,7.01754,8.31234,0.526316,0.0,4.72175,0.668151,86.9942,17.931,76.4706,4.65116,1.87091,3.17797,0.892857,5.32819,2.3913,95.0704,8.09969,2.52951,84.2857,4.36137,3.99033,2.76243,89.6552,3.68831,0.0,13.6201,7.07547,66.6667,60.0,6.40342,96.7742,10.4839,4.54545,1.14723,60.8137,1.89633,8.34813,2.93839,2.75527,3.58852,14.1176,0.0,6.25,93.8053,3.75276,41.1765,0.318471
HNGK095,93.9759,8.92857,12.3188,11.4883,97.2477,91.6667,100.0,17.4603,8.5,0.683371,73.1481,3.63636,5.26316,7.08661,3.08765,4.10959,5.59441,79.021,0.784314,72.7273,42.1053,8.23045,2.32558,5.91716,11.9403,7.33945,3.28947,4.72103,7.6087,1.99203,15.4982,86.5854,8.0,0.0,5.71429,13.5405,18.5185,7.38255,14.3791,7.47664,3.90625,6.04027,4.95726,96.2264,0.0,18.0412,74.359,5.68182,11.9522,4.2328,5.57769,86.8263,0.0,77.7778,37.3494,1.63399,4.31472,7.05128,18.8172,0.869565,11.0714,17.9894,0.47619,1.9802,6.16883,1.17188,6.66667,0.0,87.8049,88.3212,78.8732,2.60586,0.0,0.0,75.0,0.990099,2.53165,9.77011,5.42636,5.91716,85.3659,75.0,7.5,4.67742,5.65371,93.7008,7.9602,38.9744,2.46154,3.02521,95.6522,3.61446,6.84932,3.22581,1.61812,0.787402,0.0,0.977995,85.5263,0.548446,0.0,12.7072,10.7143,3.59281,4.30108,10.8527,91.453,88.2353,42.3077,62.5,2.66667,4.92958,3.61991,4.08163,4.45545,92.7536,3.05882,53.6585,9.1716,1.07527,5.88235,0.0,1.07527,7.60234,0.0,0.537634,5.33333,12.4309,11.4943,3.27869,35.4839,17.094,0.520833,97.7528,3.77358,1.14943,2.24719,2.71318,100.0,10.687,5.81395,87.0968,94.5783,76.3441,98.0545,100.0,6.15942,88.172,19.5122,34.6939,1.49254,38.7097,56.7961,6.73077,35.3357,2.07792,7.34694,3.19635,3.74332,25.7919,47.4576,1.77305,3.89222,86.2069,2.39044,94.709,0.806452,10.9091,5.40541,1.82927,8.41121,1.54639,75.4386,92.3077,9.19765,2.5641,0.940439,0.0,0.0,2.849,7.11974,2.46914,2.10526,2.29885,3.22581,19.697,27.2277,0.0,44.4444,86.5248,0.0,1.45396,91.6667,21.1538,79.1878,94.8052,89.916,12.8571,1.20482,87.0057,94.5946,95.3704,0.938967,8.52018,19.9301,88.4615,86.5385,94.902,16.9811,78.8462,1.9943,87.963,100.0,4.55927,100.0,100.0,83.6735,17.8378,11.2676,6.50096,0.0,5.93607,2.32558,11.1959,3.21101,4.21687,88.8889,100.0,5.11811,46.3768,2.54237,11.3269,7.29927,90.0,11.1111,0.497512,7.00389,5.41516,1.99203,0.0,2.75229,2.03046,5.83333,7.3955,0.211416,2.63158,2.53165,1.69082,6.33803,8.98876,5.92105,2.89855,4.69565,2.1645,13.8365,3.2641,5.26316,4.85437,1.35135,2.95359,5.92105,1.74825,0.809717,4.54545,1.84049,0.0,7.86026,5.52995,12.9496,9.68661,21.7647,5.12821,20.0,1.14155,5.83333,3.69231,0.0,97.4522,22.973,0.826446,71.1864,82.2034,92.691,91.6667,6.81818,35.5422,14.0,90.9722,5.53506,0.51458,3.20513,8.85312,1.39373,8.33333,4.19948,10.9123,3.06122,4.34783,75.0,5.60272,2.54237,95.302,6.01504,92.5926,12.4224,2.01613,1.53846,4.07725,6.4982,42.1053,54.5455,3.91459,1.67785,6.36943,2.29885,12.1429,0.732601,4.13355,11.1842,6.66667,5.27344,13.1068,3.68098,13.0952,3.63636,1.16279,3.09735,6.94006,71.0526,5.39216,4.19162,0.431034,0.869565,5.49451,1.03093,3.43643,8.45481,2.15517,2.94118,88.2353,4.16667,7.32601,5.11811,83.1461,4.24312,0.0,3.67647,3.30579,1.41129,9.32642,7.26073,8.18505,89.6774,7.27273,7.58427,3.44828,4.01146,0.58309,1.1889,30.1435,2.94118,9.61539,25.9669,4.12088,9.22509,20.6349,31.9728,19.3878,7.77778,93.9815,91.1765,1.02041,8.28402,2.32558,83.4951,3.50877,7.74194,4.25532,7.28477,0.613497,9.2,1.27932,2.09205,85.0932,96.8354,98.9583,0.621118,9.16442,14.8148,3.07692,7.5,30.8642,11.9266,12.6984,89.6552,43.3036,3.33333,7.03518,8.86076,4.09357,1.34228,4.06504,2.30769,5.09259,6.89655,88.7931,3.84615,79.7753,1.13636,0.743494,9.53757,1.02041,11.7647,5.10949,78.7234,8.85417,2.91667,89.6104,11.7857,3.27332,1.63265,92.8571,3.22004,1.51515,5.6338,5.71429,0.0,100.0,5.52326,94.7059,6.61765,9.7561,8.93617,73.3333,2.79503,1.66667,4.83461,2.79395,8.33333,6.97674,0.0,12.5,88.7097,5.42986,54.6875,2.0202
HNGK096,97.561,8.47458,3.64583,20.7824,99.0196,96.7742,100.0,26.257,7.01754,1.11857,57.7689,0.0,0.0,6.74157,5.40541,8.82353,3.28639,91.4573,0.657895,57.5758,41.1765,11.0145,0.0,7.61421,10.0,11.976,7.92079,7.74648,2.0202,1.87354,17.2285,83.3333,0.0,2.4024,7.14286,24.1441,12.3288,4.46927,2.27273,8.69565,11.5702,4.71698,1.01626,100.0,0.0,13.0719,32.9412,8.49057,20.3125,10.0372,1.36364,92.9936,37.037,78.5714,47.0588,2.68595,5.17799,1.03448,11.6279,2.83688,12.7536,10.2041,2.80374,3.81356,4.46429,1.77515,4.0,3.1746,97.5,95.6522,89.7727,0.0,0.809717,1.26582,90.0,0.0,1.3986,6.15942,1.80723,4.29448,56.8966,100.0,10.5263,0.796813,4.16667,95.3368,3.33333,46.1538,3.58209,2.35479,68.0851,2.04918,0.0,20.0,2.6738,0.571429,0.0,4.49438,88.4956,2.9316,5.08475,16.4706,16.2304,3.38983,4.28894,13.2075,95.1219,95.4545,31.8182,56.7568,1.6129,7.86517,8.08823,6.52174,11.9891,92.9825,1.30208,52.459,15.2542,0.0,0.0,0.0,1.73913,5.10204,11.2676,0.0,6.27063,16.092,2.99625,4.12371,20.8333,9.54357,1.16618,99.3103,5.26316,0.0,10.2564,7.5,89.2857,9.51526,12.069,96.1538,97.0115,90.8163,97.0443,100.0,11.0887,91.8367,43.1579,67.6471,2.85714,43.2203,68.1319,3.87409,41.6216,0.749064,12.1827,3.80952,3.64583,14.7541,47.1698,1.76991,9.45017,92.1348,4.7619,95.6522,1.13636,9.7561,7.87402,6.31579,0.0,0.666667,98.0,100.0,4.71311,6.09756,1.0274,2.5,1.13636,1.30435,13.5514,4.5082,0.0,4.67836,21.5686,0.617284,53.1915,0.0,65.2174,95.5556,0.0,2.8169,92.5926,15.3846,95.098,93.9394,90.7407,22.2222,1.72414,91.6129,87.6712,98.3146,3.66972,6.06061,25.0696,72.0,97.6,96.9466,19.4444,76.9231,1.26984,97.0874,93.9394,0.0,75.0,66.6667,92.3913,14.0351,7.33333,6.28183,0.225734,10.3659,17.3333,11.3744,5.24345,11.2745,84.2105,100.0,6.03015,98.6301,3.08555,1.52174,8.26211,98.8764,13.6882,1.22699,1.33333,2.71903,20.2614,0.0,8.06452,3.07692,7.47664,4.49827,0.255754,2.88462,8.57143,2.11082,6.89655,5.0,11.4458,2.39521,4.48143,3.79747,7.98319,2.06186,1.75439,3.04878,8.86699,4.93827,19.1176,4.46429,0.8,7.89474,4.31034,0.0,18.2482,4.69484,17.9775,9.55414,2.97872,7.14286,4.0,2.36686,2.12766,9.40594,1.79211,93.865,33.8235,0.0,80.8219,92.8571,92.6471,97.2222,0.765306,47.1503,12.8713,92.5926,3.05085,0.84122,9.47368,17.2691,1.17647,0.869565,0.452489,10.4878,0.636943,0.0,100.0,6.13636,2.10526,96.8254,1.33038,81.8182,9.52381,0.0,7.8534,3.23326,7.06522,56.7568,85.7143,11.811,1.49254,4.24242,6.09756,10.4046,5.20833,6.90377,3.30579,1.66667,12.5964,13.3333,1.6,7.46269,4.47761,2.72727,1.53846,7.28291,68.6274,0.0,15.1365,0.0,3.44828,6.87285,1.14504,2.26244,18.7134,0.3367,2.29008,70.2703,3.7037,3.06122,7.89474,81.8182,10.0,1.21212,0.769231,3.40909,1.51515,15.6627,4.12371,12.0393,88.5714,3.8961,11.7647,1.18343,6.38298,0.369004,1.5534,14.1772,9.09091,6.76692,12.4444,1.66359,7.3913,17.9487,20.8211,18.9189,1.49254,91.6667,96.1538,0.0,3.62694,11.0092,89.899,0.0,7.24638,1.37931,15.7895,4.25532,4.49438,3.125,3.27103,100.0,97.7528,95.935,18.0851,7.44186,0.0,3.90625,4.71698,18.3824,13.8728,18.593,88.2353,23.6111,4.58716,8.12183,7.14286,8.48214,6.20155,0.613497,1.8018,7.86517,0.671141,94.5652,10.3175,96.2025,0.0,2.87356,8.21114,3.57143,5.58292,3.42857,79.7872,7.14286,4.5,79.1667,3.61446,4.68165,5.44413,92.5,5.21236,1.29199,18.1818,9.52381,75.0,100.0,3.01003,94.8718,7.8125,15.7143,9.74359,48.5437,2.36967,14.0,14.7309,4.23892,3.8961,21.25,2.04082,0.0,87.6923,8.33333,33.3333,0.0
HNGK101,97.9058,13.6364,5.18518,11.0063,92.7711,90.0,87.2727,22.2581,26.0536,2.47678,76.8889,6.76692,0.0,7.42574,6.16393,5.36913,5.04103,79.5678,3.51288,15.7895,7.69231,7.98935,6.85714,8.70647,12.5,18.663,4.88722,4.47977,6.09065,3.30189,14.4939,83.5366,3.0,1.45798,5.7971,11.773,11.7647,8.62069,9.14179,0.617284,4.43038,6.82303,4.1876,98.2935,0.0,8.3004,5.76923,8.66667,5.97701,4.7619,0.87146,80.8858,7.89474,98.8235,26.3566,2.40385,2.14909,0.915751,4.33628,2.69231,10.5843,3.24675,3.81818,8.37104,4.63215,0.855615,0.0,5.69801,88.4615,93.1641,83.3333,2.5641,0.383142,0.657895,100.0,2.38095,1.21212,12.1839,20.3947,6.48889,85.8156,88.4615,10.7143,2.22222,2.6287,83.1683,3.05085,28.3019,3.16742,6.67408,95.8621,5.32468,1.47783,4.54545,2.86807,2.75591,1.55039,2.80702,81.0345,2.49415,1.16732,9.44742,8.33333,1.32743,5.41427,5.41872,91.7683,97.3333,60.8696,50.0,2.38095,5.02513,4.79798,3.80623,4.83701,97.1061,4.37158,72.2581,17.7005,0.980392,2.87081,3.125,2.03125,9.38776,6.74603,1.62338,2.39753,10.578,6.31579,14.0244,70.5314,4.03877,19.3603,96.7105,1.97044,0.0,5.04202,1.88088,93.2584,8.1386,8.52156,74.5098,96.7524,81.1787,96.7742,92.3077,10.1734,91.7808,6.25,40.0,0.840336,13.0435,64.0496,9.2437,40.4984,2.01072,13.3663,1.48048,4.56811,4.33604,75.0,5.85683,7.08838,95.3271,2.8098,90.1053,9.74843,6.55022,4.61216,4.54545,10.0952,6.25,70.2128,92.8571,3.65408,4.87013,6.43087,6.57895,0.0,2.40722,6.50264,6.39535,3.125,2.96736,24.2424,5.67568,23.0978,0.0,37.037,90.2,9.25926,2.82686,92.9612,8.2397,95.8785,87.4214,92.891,6.37813,4.16667,90.2269,89.8246,96.7273,2.93399,13.963,29.3814,93.75,86.2745,88.1,16.2037,77.3196,1.12676,92.3167,98.8095,9.57684,88.8889,75.0,92.2535,8.81459,12.6354,10.325,1.40351,14.5809,9.86745,4.27673,4.12044,5.97738,76.6667,88.8889,3.25581,70.4819,1.35324,2.59594,8.13559,93.4097,11.7647,2.18978,8.43091,6.92149,1.23043,20.0,12.013,1.11421,5.59796,10.8142,2.07039,2.3913,6.04651,1.47601,10.7214,12.1951,13.3438,4.74777,5.73379,6.54545,5.66572,5.71847,11.8774,11.2766,5.01475,4.79134,7.5718,1.73745,4.42478,3.95257,1.5625,0.0,10.7692,5.33333,50.8929,12.1065,1.21951,1.15385,15.3125,6.375,5.81395,7.97186,2.36559,90.1786,29.0749,0.806452,72.7273,83.6516,93.0265,94.4444,3.49908,74.63,10.8911,90.4025,4.35484,1.99402,1.64384,7.4103,1.10063,13.253,3.93391,9.55121,0.649351,4.7619,98.4,4.52756,9.2233,91.25,5.08906,93.5484,14.3627,0.535714,4.69136,2.02788,8.14196,63.0435,91.6667,4.13983,1.12245,16.4634,7.00152,8.31643,9.64912,4.53809,4.05405,2.06718,3.97163,8.53659,0.819672,10.2894,4.06504,1.40449,2.46433,7.85047,63.4703,6.88406,9.2535,1.80723,1.15321,2.09003,1.96429,4.67219,5.16605,0.5,2.1118,84.375,4.56274,6.29811,3.49162,88.3838,3.34862,7.89474,0.518135,2.06327,1.87891,10.0189,5.87002,6.31111,86.3918,11.5385,10.2916,4.90196,3.03384,1.75801,1.22164,5.18868,2.78638,10.5263,13.4904,6.1447,9.15141,80.8989,82.8877,3.53535,3.28467,83.2669,94.0171,5.04854,7.29614,5.89744,80.0,1.88679,7.19794,6.82095,6.02782,0.909091,8.75486,3.45622,1.45396,87.5465,92.4528,94.6779,14.1414,13.035,1.81818,4.45633,2.86624,26.8293,3.44828,18.4071,87.5,32.2884,6.51466,10.3261,4.86726,11.3043,16.3194,1.25,1.0101,1.4433,1.03448,84.1667,13.1265,67.5676,13.1944,0.711238,7.43983,3.10078,6.36743,5.35492,92.9078,6.95971,2.41935,90.1709,2.18487,11.1486,9.38086,94.7368,3.60029,1.6129,8.97959,0.854701,100.0,66.6667,10.8475,93.4211,16.9412,5.72289,7.37705,75.2515,2.82187,12.2402,7.51945,3.15917,3.96825,7.76119,3.97351,13.3333,89.2442,4.15282,33.871,1.57895
HNGK102,94.8641,13.253,6.27279,10.7503,93.7365,89.697,85.3333,28.6976,11.1597,1.03004,85.2041,1.98676,0.0,4.28954,5.64864,1.85185,4.61783,77.5547,2.68041,1.05263,4.44444,5.14419,1.06383,7.43551,24.7863,4.96278,2.17014,2.15146,6.11979,1.53061,13.7514,71.2934,6.70391,0.904523,13.4146,12.3952,1.47783,4.83092,1.21396,1.38889,2.26244,6.62722,2.04429,98.3051,1.02564,5.39957,16.9118,3.0837,6.88889,2.16216,2.23152,79.7048,3.73832,94.4444,26.4085,1.47126,2.26777,0.870511,5.5199,3.07942,9.46065,3.33333,1.12086,5.30071,2.0765,2.5641,1.06383,2.23577,91.4754,94.6299,78.4741,0.446429,0.299401,0.0,75.0,1.32743,0.990099,7.81893,7.93011,4.88506,92.435,95.6522,19.0698,1.46319,2.73504,91.2243,2.15208,18.6759,2.8169,1.76739,94.702,4.47193,0.890208,0.0,4.5728,1.0917,0.352113,2.28495,88.4462,1.48718,7.61671,4.73538,13.1169,0.998573,3.50969,6.875,91.6418,96.875,30.0,30.1724,3.8961,4.4186,4.85537,3.67762,5.2795,96.0265,3.15956,57.2093,14.1163,0.943396,0.9375,4.8,1.80266,4.57433,4.78326,1.2299,2.44845,8.24204,0.330033,3.27869,78.1538,3.31906,4.14508,96.2302,2.81385,0.0,9.49868,2.66075,95.4128,7.3234,6.75778,85.3846,97.8947,85.76,96.4326,96.2963,11.4383,92.0,8.6911,43.3476,1.15385,8.73016,57.277,8.74848,41.1483,1.90295,10.1796,2.92326,1.65217,6.80062,77.342,4.44178,5.81818,92.6952,1.46556,95.0,4.49438,6.20155,4.55861,2.46154,4.2292,2.57732,73.0263,81.6327,2.76498,2.40964,0.905797,0.0,0.754717,3.71402,2.39472,1.14943,1.84502,1.43541,5.49451,6.59341,24.7947,0.0,32.3232,86.0,4.61847,0.889548,90.8867,7.67196,96.0912,94.9153,93.4498,6.70732,7.60563,92.9907,88.2064,96.9479,3.27654,12.9893,38.1549,92.5373,89.5623,89.8859,15.8996,83.7209,1.29496,96.5193,97.4359,1.66436,83.3333,86.4865,90.6542,5.15152,10.387,8.93733,2.53566,5.45927,6.59841,7.73043,4.87106,7.7551,85.3659,93.3962,3.38558,51.4377,1.35501,1.47436,5.06135,88.9353,13.5734,1.43541,3.92749,2.98235,2.17526,0.0,7.57576,0.928074,5.68966,6.08063,1.3544,0.377834,3.08219,2.20751,5.09737,2.13523,6.2963,3.6036,3.64264,3.44828,1.3986,3.05851,8.91365,4.91551,4.56853,1.6289,6.64479,2.02703,0.677201,9.71429,0.628931,1.14943,10.4803,2.62626,27.6243,6.98565,0.315457,1.26984,10.5,1.62492,1.77384,4.66667,1.05541,90.0566,36.5385,0.732601,67.3267,75.8454,93.699,95.2381,1.43791,45.7364,6.15385,94.181,3.83901,1.30261,1.23457,5.41381,2.443,5.7732,2.20696,12.139,4.63576,0.0,97.619,2.7027,2.5788,93.1452,0.550964,92.8571,12.6394,1.52355,4.65116,2.29709,5.14801,75.2294,67.7419,4.37862,0.571429,3.78619,5.2687,9.82659,1.72414,3.79913,4.83712,2.30415,3.63306,3.21199,1.45228,4.27632,2.51572,1.17302,1.61646,5.90551,84.0426,2.90792,5.1218,0.199203,5.04587,3.68852,0.767544,4.00439,5.47085,3.2,3.10786,77.381,4.70588,5.31476,2.00669,88.4848,4.57537,0.0,0.284091,1.43113,1.66744,5.35714,3.83234,3.82215,89.2578,13.5802,9.52381,2.8,3.41297,3.07692,1.31579,7.18326,0.928793,8.96739,9.71349,1.73103,9.35093,71.5686,83.1839,3.85757,4.23729,77.6521,92.3077,3.51562,7.45501,5.29217,82.75,0.537634,4.65718,14.4968,7.09593,0.505902,6.30709,2.31729,2.05033,88.6562,93.617,92.4658,1.50376,4.65357,1.96078,4.111,3.75276,18.612,10.4046,9.2423,80.3089,7.48299,4.78011,8.93855,5.74468,5.85987,6.52742,0.37037,2.17391,2.54237,1.44404,85.8238,9.35672,77.305,2.76817,2.36072,1.25899,3.91304,3.96624,1.60772,95.8549,2.44444,3.41176,79.7101,1.6178,4.18848,2.28471,88.0,2.26481,2.57732,9.85075,6.79012,66.6667,100.0,2.62467,94.4578,12.3471,2.53807,2.58752,94.0959,1.84202,10.0209,2.13363,2.17234,5.69948,9.66057,3.93701,0.0,90.0,2.0202,36.5,1.17925
HNGK106,95.6693,4.61538,4.14079,7.70289,98.6395,90.625,90.0,16.5354,15.5172,2.22222,85.1485,4.25532,0.0,5.38922,5.10304,2.77778,2.91971,79.5652,2.64317,9.67742,0.0,3.38983,6.14035,6.57895,32.9114,21.4953,1.67464,0.920245,6.65188,0.478469,19.0108,73.3945,0.0,0.169779,5.0,13.4375,1.90476,10.0437,2.41546,5.55556,2.89855,3.86473,1.14613,95.679,1.69492,1.53846,7.31707,0.0,6.09137,3.13589,3.15789,86.087,0.0,100.0,35.8696,1.91011,2.14286,1.7094,5.02901,3.30789,7.65957,4.7619,0.667939,7.69231,3.4188,3.4965,0.0,1.17371,85.8696,95.6938,83.0645,0.0,2.0202,0.0,100.0,0.0,0.925926,21.393,24.3986,4.26439,87.3016,100.0,12.1212,1.57895,0.968992,88.6487,4.7619,19.5473,2.40642,1.62791,100.0,5.56845,0.0,0.0,5.78231,1.82927,5.08475,3.31126,80.0,0.40107,3.25581,3.4965,8.3682,0.843882,2.95858,5.21739,94.7826,88.2353,33.3333,33.3333,2.63158,5.69106,2.65957,8.51064,5.41401,94.964,6.59722,59.6491,13.278,1.85185,2.85714,5.15464,1.57171,3.48259,21.875,0.0,1.76817,6.95067,1.58228,0.694444,87.3563,3.17125,2.15385,96.9136,0.0,0.699301,0.917431,0.543478,86.3636,9.70655,5.67108,84.7826,97.3333,89.2116,96.5116,100.0,7.44382,96.1538,9.29368,64.0777,0.0,7.5,63.4409,2.30126,36.7424,15.0641,14.1593,3.59477,4.05405,8.53659,76.2238,0.0,4.16298,92.0245,2.37741,97.3958,8.59375,13.6612,5.67568,5.55556,6.83761,0.0,65.9574,68.1818,3.6036,3.48837,2.89855,0.0,0.0,2.33236,0.735294,21.6783,6.75676,1.11421,1.3986,12.7226,20.9677,0.0,40.625,95.8042,2.77778,1.24611,92.4731,23.8342,92.5532,88.3333,94.4,10.0,1.52672,94.4444,93.8931,93.2432,1.71821,17.561,25.5435,95.1219,92.8571,91.0112,8.73786,84.0,1.23153,91.791,94.8276,0.554529,100.0,85.7143,92.9825,4.32432,8.9172,12.7243,1.28205,3.78251,8.06452,8.08271,2.12766,1.0274,83.3333,94.4444,4.63576,65.3846,3.10136,1.51188,7.00935,93.3735,12.0879,1.47601,2.88462,1.20898,2.20126,6.25,3.79747,4.57317,7.14286,2.07852,0.0,1.80995,10.8108,2.71318,2.8777,1.875,4.41989,9.90566,3.58306,4.51613,0.526316,7.0,12.605,6.90909,2.3622,3.28152,5.53571,3.01887,8.87574,30.8219,2.17391,0.0,9.77444,4.59184,1.52672,15.1079,0.423729,1.40187,11.1801,3.05927,0.806452,2.29592,0.938967,82.7684,27.551,0.0,83.5616,82.1267,93.0,92.3077,0.993378,52.0468,10.0671,85.3659,4.30769,0.769231,0.609756,6.48918,0.974026,6.21469,3.663,10.4427,4.08163,0.0,96.1538,6.01093,4.93827,95.2381,0.655738,86.3636,18.0451,1.19048,4.74138,1.11359,2.44648,45.7143,87.5,7.54098,2.74314,2.25564,5.8952,8.28402,2.5,3.91363,5.61331,1.25786,5.10638,3.25203,0.675676,8.77193,0.0,0.555556,3.61757,5.43478,80.4348,2.94985,2.99252,0.913242,1.8648,7.0529,4.51866,8.76217,6.34146,1.53846,2.41379,80.2469,0.8,5.44118,2.65487,92.1053,6.93878,0.0,1.05263,0.873362,0.955795,6.04839,2.84091,3.18182,86.8167,0.0,3.63636,0.0,3.01291,0.576369,1.35243,5.05882,3.73832,5.36585,15.8837,5.42169,3.71353,86.6667,83.8983,0.735294,7.26257,84.9462,95.3488,9.25926,3.74332,7.07547,81.7708,0.473934,5.05415,2.69058,9.03226,1.61943,2.53583,4.88127,3.04878,84.0206,97.9798,96.5035,1.42857,3.65297,0.0,3.87409,4.62725,17.3913,16.2791,10.0592,78.0,9.18367,0.993378,12.1581,5.29101,5.97826,0.641026,1.49254,0.847458,2.26415,1.28617,88.0208,5.74163,89.6,1.41844,0.600601,1.80995,4.2735,2.84281,1.82482,98.0,1.52284,2.7027,94.382,2.75229,3.4384,2.20994,91.6667,5.17413,0.47619,10.274,0.714286,100.0,100.0,5.3286,91.7647,6.15942,2.31214,4.71698,67.2646,2.19491,8.55615,1.04322,2.73973,3.82514,9.93789,4.26829,12.5,92.6316,4.40252,44.3038,0.0
