SampleID,50,51,52,53,54,55,56,57,58,59,60,61,62,63,64,65,66,67,68,69,70,71,72,73,74,75,76,77,78,79,80,81,82,83,84,85,86,87,88,89,90,91,92,93,94,95,96,97,98,99,100,101,102,103,104,105,106,107,108,109,110,111,112,113,114,115,116,117,118,119,120,121,122,123,124,125,126,127,128,129,130,131,132,133,134,135,136,137,138,139,140,141,142,143,144,145,146,147,148,149,150,151,152,153,154,155,156,157,158,159,160,161,162,163,164,165,166,167,168,169,170,171,172,173,174,175,176,177,178,179,180,181,182,183,184,185,186,187,188,189,190,191,192,193,194,195,196,197,198,199,200,201,202,203,204,205,206,207,208,209,210,211,212,213,214,215,216,217,218,219,220,221,222,223,224,225,226,227,228,229,230,231,232,233,234,235,236,237,238,239,240,241,242,243,244,245,246,247,248,249,250,251,252,253,254,255,256,257,258,259,260,261,262,263,264,265,266,267,268,269,270,271,272,273,274,275,276,277,278,279,280,281,282,283,284,285,286,287,288,289,290,291,292,293,294,295,296,297,298,299,300,301,302,303,304,305,306,307,308,309,310,311,312,313,314,315,316,317,318,319,320,321,322,323,324,325,326,327,328,329,330,331,332,333,334,335,336,337,338,339,340,341,342,343,344,345,346,347,348,349,350
HNGH001,0.0,0.0,0.0,0.0,0.0,0.0,0.0,0.0,0.0,0.0,0.0,0.0,0.0,0.0,0.0,0.0,0.0,0.0,0.0,0.0,0.0,0.0,0.0,0.0,0.0,0.0,0.0,0.0,0.0,0.0,0.0,0.0,1.4862289244327645e-05,1.360527970625018e-05,1.3827104918852086e-05,1.3753163181318117e-05,1.4936230981861612e-05,1.5749590094735263e-05,1.5675648357201296e-05,2.0555803034443208e-05,1.9298793496365745e-05,1.9150910021297807e-05,2.624931682455877e-05,0.0003728881823838,0.0002885206598575,0.0002815701365293,0.0002867460581567,0.0003247151403804,0.0003847928021267,0.0005008813300551,0.0005575207010061,0.000603068811327,0.0006151952562826,0.0005969316471117,0.0005427323534993,0.0005069445525328,0.0005112331733098,0.0005856925030065,0.0006217760709231,0.0007234459600323,0.000852326408554,0.0009484506673482,0.0009463802986972,0.0008374641193097,0.0007543536063215,0.0007365336475758,0.0007616738383374,0.0008106972103224,0.0008925876846412,0.0010205808323125,0.0012781568750121,0.0016588828815745,0.0019257755832034,0.0018954964416832,0.0015152880272836,0.0012092801464992,0.0011317152638261,0.001217413737628,0.0013269584217845,0.0015182456967849,0.0018691362122524,0.0023952316748066,0.0032067792151106,0.0039654953839467,0.004216601524612,0.0036247348865214,0.0031680337446428,0.0032282592898642,0.0038238230148316,0.0047550822282032,0.0060043648547083,0.0069653486465685,0.007337016790283,0.0073734330960185,0.0074923683808419,0.0076764093655639,0.0076152595486234,0.007662914998464,0.008098764570358,0.0087339980375123,0.009661116513582,0.0109414176989826,0.0118812541539081,0.0120357923853541,0.0115852653785596,0.0115845999029218,0.0122699288972554,0.0134589859785392,0.0149413329617514,0.0166242099371558,0.0180143885445319,0.0191617424858465,0.0204461844085491,0.0224075259675063,0.0252401599906951,0.0278599896932612,0.0288636748385472,0.0288261863776175,0.0281756469707937,0.0270654487525899,0.0258077367680059,0.0245764589545902,0.0236998057143875,0.0232751952865987,0.0230567713939233,0.0226629946706862,0.022033935338616,0.0209609298143918,0.0195440582397659,0.0179314998567563,0.0165386223759602,0.0152282269033832,0.0141271604897649,0.0132626706653865,0.0124420282913657,0.0118632123699498,0.0113115330662089,0.0107987101455421,0.0101729412207921,0.0095232521439499,0.0088157036574873,0.0081078224332059,0.0075473810335672,0.0068103297938286,0.0063991397914022,0.0059800749939284,0.0056263007506971,0.0053428081289919,0.00510748854929,0.0048393018672543,0.0045710042726123,0.0042570846259119,0.0039592103362563,0.0036942031489345,0.0034478292794714,0.0032296272120086,0.0030702827676229,0.0027988426491357,0.0026414946316634,0.0024874739923802,0.0023710896975017,0.0022101924766278,0.0020734742039275,0.0019274762431667,0.0017951575038496,0.0016749282386194,0.0015623149723552,0.0014361703681222,0.0013547605150973,0.001289765727805,0.001203919370528,0.0011616986383961,0.0010772571741323,0.0010156637067665,0.0009522956376999,0.0008819031035676,0.0008183871510259,0.0007594925570801,0.00072381566872,0.0006818907035382,0.0006537189015378,0.000610684810293,0.0005979668314372,0.0005694992624866,0.00054421118825,0.0004984412527164,0.00046805119859,0.0004471996286054,0.0004460535316736,0.0004246473986575,0.0004164398657913,0.0004068274399118,0.0003826484917382,0.0003787295796489,0.000363645465192,0.000350483835911,0.0003422763030447,0.0003319984015275,0.0003325159936902,0.0003186888887714,0.0003141784427818,0.0003095940550547,0.0003163227531703,0.0003051575508026,0.0003072279194536,0.0003025695899889,0.0002990943283249,0.000292883222372,0.0002950275327605,0.0002995379787501,0.0002921438049967,0.0002979112605243,0.0003061927351281,0.0003783598709613,0.0002877812424822,0.0,0.0,0.0,0.0,0.0,0.0,0.0,0.0,0.0,0.0,0.0,0.0,0.0,0.0,0.0,0.0,0.0,0.0,0.0,0.0,0.0,0.0,0.0,0.0,0.0,0.0,0.0,0.0,0.0,0.0,0.0,0.0,0.0,0.0,0.0,0.0,0.0,0.0,0.0,0.0,0.0,0.0,0.0,0.0,0.0,0.0,0.0,0.0,0.0,0.0,0.0,0.0,0.0,0.0,0.0,0.0,0.0,0.0,0.0,0.0,0.0,0.0,0.0,0.0,0.0,0.0,0.0,0.0,0.0,0.0,0.0,0.0,0.0,0.0,0.0,0.0,0.0,0.0,0.0,0.0,0.0,0.0,0.0,0.0,0.0,0.0
HNGH002,0.0,0.0,0.0,0.0,0.0,0.0,0.0,0.0,0.0,0.0,0.0,0.0,0.0,0.0,0.0,0.0,0.0,0.0,0.0,0.0,0.0,0.0,0.0,0.0,0.0,0.0,0.0,0.0,0.0,0.0,0.0,0.0,0.0,0.0,0.0,0.0,1.2954723581994708e-05,1.2458848995124096e-05,1.3636551138941796e-05,1.6177908396653676e-05,1.7107673247036073e-05,1.7231641893753724e-05,2.219038776245984e-05,0.0002953553008048,0.0002397553627519,0.000235199514985,0.0002326271655656,0.0002726690384554,0.0003372567033953,0.0004253364268882,0.0004739941207249,0.0005221559399747,0.0005251621796576,0.0005035606429671,0.0004540351686034,0.0004330534751464,0.0004383531347936,0.0004810603335878,0.0005293461214843,0.0006109174910245,0.0007163528250579,0.0008067879528384,0.0007917257622622,0.0006854846320252,0.0006136448012523,0.000600628093347,0.0006354632830746,0.0006895755973669,0.0007508780931688,0.0008573051763759,0.0011001597552958,0.0014623031645197,0.0016950233065704,0.0016641551135377,0.0013073733482843,0.0010318220387927,0.0009654058363137,0.0010161090128212,0.001125759280843,0.0013225595075072,0.0016587934695672,0.0022081605274965,0.002989039033171,0.0038119119179211,0.003966500820378,0.0034307703135876,0.0029782227687448,0.0030179547200178,0.0036235105670719,0.0046144849367711,0.0058542643804327,0.0069114999918025,0.0073585929161897,0.0073850292301023,0.0074949274354175,0.0075972325611212,0.007522138553372,0.007518853384234,0.0078778355929666,0.0086894893151888,0.0097131604154598,0.0110876627859418,0.0122071616501255,0.0124289725512651,0.0119422096599282,0.0118903287812769,0.0124293444572052,0.0137216556149134,0.0152664289216621,0.0170076925334582,0.0184986014632081,0.0196877707068472,0.0208277863820627,0.0228515745397284,0.0255123755885527,0.0278517879207615,0.0288325038849449,0.0288484338560481,0.0283004304532327,0.0274160071353873,0.0261005448329046,0.0249269646465903,0.0239130560772483,0.0233382134624185,0.0228610581412023,0.0224563005096691,0.0219737525523207,0.0209105354537467,0.0196368195930462,0.0182095995555476,0.0166938039199691,0.0154614935872723,0.014405466670208,0.0134479328429608,0.0126261446838695,0.0119567759759176,0.0114309009765413,0.0108371841352488,0.0103226212748855,0.0096923336828112,0.0089801028152566,0.0083043497219987,0.0075283679778696,0.0070096211756795,0.0064738906688892,0.0060920052526755,0.0056882393703161,0.0054000742510209,0.0051691206621859,0.0048836208687952,0.0046333281710722,0.0043217329775474,0.004029724830204,0.0037768287909,0.003503911815151,0.0032894460563295,0.0030021487175613,0.002879791663251,0.0026735078351128,0.0025277207065729,0.00239904125128,0.002284866127653,0.0021129526068173,0.0019870934382372,0.0018351078773614,0.0017221724402016,0.0015653521021038,0.001456569614609,0.0013654526592715,0.0013008649943316,0.0012186117972345,0.0011690243385474,0.0010938373543132,0.0010369977297931,0.0009615628082654,0.000877016191204,0.0008147839305517,0.0007552169958039,0.0007162288564112,0.0006841209769113,0.0006606909026817,0.0006246160264868,0.0005799253293451,0.0005402553623955,0.0005054201726678,0.0004770313525695,0.0004459772065667,0.0004412044136681,0.000423228959894,0.0004001088072812,0.0003719059401529,0.0003612446365352,0.0003468642735159,0.000339798060653,0.0003296946159455,0.0003236821365797,0.0003147563940161,0.0002905825079061,0.0002803550945519,0.0002818427183125,0.0002699417282276,0.0002626275780713,0.000266718543413,0.0002559952554719,0.0002572969262624,0.0002638052802151,0.0002580407381427,0.0002641152018319,0.0002520902431003,0.0002566150987055,0.0003068224006261,0.0002296209258827,0.0,0.0,0.0,0.0,0.0,0.0,0.0,0.0,0.0,0.0,0.0,0.0,0.0,0.0,0.0,0.0,0.0,0.0,0.0,0.0,0.0,0.0,0.0,0.0,0.0,0.0,0.0,0.0,0.0,0.0,0.0,0.0,0.0,0.0,0.0,0.0,0.0,0.0,0.0,0.0,0.0,0.0,0.0,0.0,0.0,0.0,0.0,0.0,0.0,0.0,0.0,0.0,0.0,0.0,0.0,0.0,0.0,0.0,0.0,0.0,0.0,0.0,0.0,0.0,0.0,0.0,0.0,0.0,0.0,0.0,0.0,0.0,0.0,0.0,0.0,0.0,0.0,0.0,0.0,0.0,0.0,0.0,0.0,0.0,0.0,0.0,0.0,0.0,0.0
HNGH003,0.0,0.0,0.0,0.0,0.0,0.0,0.0,0.0,0.0,0.0,0.0,0.0,0.0,0.0,0.0,0.0,0.0,0.0,0.0,0.0,0.0,0.0,0.0,0.0,0.0,0.0,1.3496162678782752e-05,1.7458338878058425e-05,1.4548615731715354e-05,1.603443180644373e-05,1.5353432772193224e-05,1.7767883893626837e-05,2.21015141115846e-05,1.6901157850035285e-05,1.9748971993264672e-05,1.652970383135319e-05,1.931560897146889e-05,1.6467794828239507e-05,2.352542118319929e-05,2.8478141432293883e-05,2.6435144329542367e-05,2.7797142398043377e-05,2.990204850390857e-05,0.0003669346614547,0.0002966679429207,0.0002857719583727,0.0002819336001797,0.000319140911051,0.0003946389403481,0.0005055489194263,0.0005765585459977,0.0006203901202022,0.0006367340970242,0.0006137039478659,0.0005590382981165,0.0005181783560615,0.0005348937869022,0.0005690056476178,0.0006407581822266,0.0007258211525048,0.0008802841152734,0.0010197031902854,0.0010202603713134,0.0008803460242765,0.0007864300665531,0.0007872348835935,0.0007825297993569,0.0008339761809444,0.0009228775094156,0.0010735021139912,0.0013758656851984,0.0018365305773673,0.0021143781833415,0.0020706704271433,0.0016014620925447,0.0012784209142975,0.001194843760094,0.001257433762242,0.0013803850424257,0.0015860467507694,0.0019706254781116,0.0025661281790621,0.0034594131849894,0.0043650180825364,0.0045520142264412,0.003873863006334,0.0033867320153339,0.0033982470899131,0.0039861349834806,0.0050522699261013,0.0064164967187144,0.0075890532376876,0.0079864471286743,0.0079153755930998,0.0079766655061824,0.0081546848446357,0.007970753196385,0.0080471798607288,0.0083102002604573,0.0088846229458476,0.0098728763625513,0.0111550737260388,0.0122679809205119,0.0123752073139048,0.0117491525199177,0.0116160172087217,0.0121184087689893,0.0132401070419045,0.0147372524642027,0.0163121555944117,0.0178623879868798,0.0188583490744712,0.0200231360135536,0.0217273980057686,0.0242718270792394,0.0264770876791518,0.0275524161087349,0.02762568541392,0.0270452885097292,0.0259927425932919,0.0248509238943647,0.0236481557818721,0.0226960262684852,0.0222086166869712,0.0218132657930872,0.02147849285875,0.020908589530587,0.0198506884853804,0.0187342524777298,0.0173893722485897,0.0160330078993721,0.0147841175795598,0.0138008787921082,0.0129413341928779,0.0121783985930064,0.0115747239036449,0.0110200192357463,0.0105795057240909,0.0101441616141955,0.0095425299219367,0.0088812489051779,0.0082129102620642,0.0076604962272808,0.0071329696117491,0.0065318331915152,0.0061751754245773,0.005821055926767,0.0055714388262127,0.0053663962079002,0.005135970898311,0.0048345669166521,0.0045501879108494,0.0042458742060441,0.0039922330202873,0.0037292745295619,0.0035172981029007,0.0032866251572991,0.0031244235691413,0.0029607361649087,0.0027623178099293,0.0026389950757269,0.0024660832300304,0.0023321740562955,0.0021765967314708,0.0020283246690135,0.0019054352978329,0.0017759835723222,0.0016753814422624,0.001593475831143,0.0014916974300241,0.0013858330346997,0.0013133375920536,0.0012310914814171,0.001150702640874,0.001065206307574,0.001010788293837,0.0009314209518453,0.0009008688588087,0.0008534775169252,0.0008019073173315,0.0007500275727222,0.0007033481843745,0.0006740652259017,0.0006413153632546,0.0006126205403114,0.0005777967260599,0.0005475232235374,0.0005239978023542,0.0004866666734766,0.000470570332667,0.0004608506191782,0.000436210835939,0.0004285341195529,0.0004133045047869,0.0004116329617028,0.0003928126247563,0.0003647678463458,0.000360558034134,0.0003505287756296,0.0003558529498974,0.0003425734687295,0.0003437806942902,0.0003490429595549,0.0003262604464091,0.0003223601792129,0.000324031722297,0.0003141881908019,0.0003138167367832,0.0003182741850074,0.000313135737749,0.0003138786457863,0.0003118975576867,0.0003154882798673,0.0003051494763473,0.0003141262817988,0.0003125166477178,0.0003107212866275,0.0003091116525466,0.0003159835518922,0.000314807280833,0.0003230411782471,0.0004116329617028,0.0002990823940421,0.0,0.0,0.0,0.0,0.0,0.0,0.0,0.0,0.0,0.0,0.0,0.0,0.0,0.0,0.0,0.0,0.0,0.0,0.0,0.0,0.0,0.0,0.0,0.0,0.0,0.0,0.0,0.0,0.0,0.0,0.0,0.0,0.0,0.0,0.0,0.0,0.0,0.0,0.0,0.0,0.0,0.0,0.0,0.0,0.0,0.0,0.0,0.0,0.0,0.0,0.0,0.0,0.0,0.0,0.0,0.0,0.0,0.0,0.0,0.0,0.0,0.0,0.0,0.0,0.0,0.0,0.0,0.0,0.0,0.0,0.0,0.0,0.0,0.0,0.0,0.0,0.0,0.0
HNGH004,0.0,0.0,0.0,0.0,0.0,0.0,0.0,0.0,0.0,0.0,0.0,0.0,0.0,0.0,0.0,0.0,0.0,0.0,0.0,0.0,0.0,0.0,0.0,0.0,0.0,0.0,0.0,0.0,0.0,0.0,0.0,0.0,0.0,0.0,0.0,0.0,0.0,1.387791511337792e-05,1.4187690004301534e-05,2.2241837168315505e-05,1.9391908171818253e-05,2.131251249554466e-05,2.688846053216972e-05,0.00029248945201,0.0002525904460591,0.0002506078867572,0.0002544490954046,0.0002687606953653,0.0003203691921932,0.000395117873373,0.000441057489697,0.000506110216791,0.0005058004419,0.0004841161995354,0.0004367206412241,0.0004278610793436,0.0004274893494745,0.0004452704282136,0.0005365301110796,0.0006186204571744,0.0007616435243138,0.0008537395993854,0.0008780569283229,0.0007711536134652,0.0006855318336139,0.0006711892561641,0.0007166332326626,0.0007719590281816,0.0008509516253671,0.0009977229686867,0.0012829636882492,0.0016844009693971,0.0019684955218631,0.0019370533704344,0.0015714880216554,0.0012781311999508,0.0012336475256142,0.0013059489851557,0.0014591016912284,0.0016705540317728,0.0020604986644675,0.0026248465607521,0.0034832018060123,0.004277960266166,0.0045753751389417,0.00403413644952,0.0035646726023253,0.0036831305206144,0.0042939136730485,0.0052204503718011,0.0064015600759146,0.0073832057277625,0.0077298748081951,0.0079038753644269,0.0081597804018189,0.0083699626653105,0.008294656389327,0.0083238681615411,0.008915476248227,0.0096164658488981,0.0104680989790253,0.011630498279727,0.0125423516486498,0.0127842548609721,0.0124983326366496,0.0127372310325298,0.0135426147714422,0.0148165949878546,0.0163234639672634,0.0178507780894732,0.0190952367587807,0.020214577349644,0.0215553140550505,0.0238805773187905,0.0271411748881852,0.0299176252805553,0.0309762190153086,0.0305762066986589,0.0293331420163607,0.0280586042051445,0.0266785260885907,0.0252642178465899,0.0241065271242302,0.02355943368937,0.0230569788162919,0.0226078981569199,0.0217370280060663,0.0203631144098419,0.0187938567674011,0.0171950466003661,0.0156490220747445,0.0142563670976192,0.0131627688001916,0.0122531767879726,0.0114354640084015,0.0108491530723504,0.0102440078229311,0.0096192848004055,0.0090495777985079,0.0084233988339949,0.0076150102786406,0.0070325095737478,0.006433900574527,0.0059522315966299,0.0055163783251004,0.0051814187355447,0.0048713650472192,0.0046066004479468,0.0043367865179524,0.0041002424112431,0.0039028538507466,0.0036654423743427,0.0034311906018263,0.0031506584606058,0.0029302226482246,0.0027534650954636,0.0025583688691599,0.0024065481951182,0.0022772481556467,0.002121710182914,0.0020109346819197,0.0019060449038529,0.0018048104694991,0.0016611368750887,0.0015427409117777,0.0014242829934885,0.0013247213435457,0.0012391615186726,0.0011643199050254,0.0010886109216837,0.001037064379834,0.0009782691055367,0.0009033035819332,0.0008547308790364,0.0008042375718158,0.0007536823096171,0.0006886295825231,0.0006585814181036,0.0006129825541596,0.0005971220797443,0.0005345475517777,0.0005016494583617,0.0004844259744263,0.0004674503104037,0.0004470671225809,0.0004231525010016,0.0004035127729171,0.0003637376769225,0.0003576041340822,0.00035085104146,0.0003206789670841,0.0003189442276949,0.0003122221125619,0.0002922416320973,0.0002867276390388,0.0002820190606968,0.0002760713827911,0.0002693182901689,0.0002629988823941,0.0002447221638296,0.0002467666781097,0.0002385266660111,0.0002214270920321,0.000227064995047,0.0002721062641873,0.0001977602903656,0.0,0.0,0.0,0.0,0.0,0.0,0.0,0.0,0.0,0.0,0.0,0.0,0.0,0.0,0.0,0.0,0.0,0.0,0.0,0.0,0.0,0.0,0.0,0.0,0.0,0.0,0.0,0.0,0.0,0.0,0.0,0.0,0.0,0.0,0.0,0.0,0.0,0.0,0.0,0.0,0.0,0.0,0.0,0.0,0.0,0.0,0.0,0.0,0.0,0.0,0.0,0.0,0.0,0.0,0.0,0.0,0.0,0.0,0.0,0.0,0.0,0.0,0.0,0.0,0.0,0.0,0.0,0.0,0.0,0.0,0.0,0.0,0.0,0.0,0.0,0.0,0.0,0.0,0.0,0.0,0.0,0.0,0.0,0.0,0.0,0.0,0.0,0.0,0.0,0.0,0.0,0.0,0.0,0.0,0.0
HNGH005,0.0,0.0,0.0,0.0,0.0,0.0,0.0,0.0,0.0,0.0,0.0,0.0,0.0,0.0,0.0,0.0,0.0,0.0,0.0,0.0,0.0,0.0,0.0,0.0,0.0,0.0,0.0,0.0,0.0,0.0,1.4368955502150175e-05,1.2658365561418011e-05,1.6147969040511628e-05,1.4232108306891605e-05,1.4505802697408753e-05,1.4574226295038036e-05,1.7037475809692353e-05,1.3821566721115884e-05,1.3684719525857312e-05,2.0184961300639536e-05,1.669535782154592e-05,2.333244679158672e-05,2.5727272708611745e-05,0.0003103010152488,0.0002669888779494,0.0002370877657854,0.0002359245646257,0.0002709574466119,0.0003207014020884,0.0003945304639304,0.0004504325431935,0.0004719859764468,0.0004834811408485,0.0004596697288735,0.0004482429880694,0.0004197787714556,0.0004292212279285,0.0004524168275248,0.000487449709511,0.0005789320595413,0.0006915573012391,0.0007896083166419,0.0007715444868678,0.0006933363147775,0.0006410606861887,0.0006236810923909,0.0006319945595029,0.0006823201155592,0.0007553965178273,0.0008712376686137,0.0011165020543158,0.0014579700182848,0.0017037475809692,0.0016969052212063,0.0013439763046344,0.0010895431568499,0.0010118481617418,0.0010744215417738,0.0011863283356965,0.0013816777069281,0.0016973499745908,0.0021987238862194,0.0029851847173705,0.0037292229179913,0.0039949117475858,0.0034582654713794,0.0030232624494512,0.0031141631989017,0.0036979875456736,0.0046224929850417,0.0058609601021317,0.0070142398401734,0.0075095924752106,0.0075473280893031,0.0076666930553674,0.0077600912661314,0.0076835936839819,0.0076638876878646,0.0081223942155785,0.0087266087944439,0.0096827259359167,0.0109715186090632,0.0120692383858298,0.0122956520703851,0.0117594163357644,0.0117463132168184,0.0123042050200888,0.0135220766342924,0.0149305763914913,0.0165089377298049,0.0180426184588665,0.0191653812723655,0.0204166093904134,0.022310950902579,0.0248801885699611,0.0270045017937588,0.0279509712079659,0.0280095418075366,0.0274585265758279,0.0265826703143742,0.0254291168819421,0.0242953720810236,0.0235085691318845,0.0230046977589424,0.0226515293597788,0.0222596674161559,0.0215524753228584,0.0204932780315571,0.0191367117849588,0.0177425809832621,0.016313075181591,0.0150575705886913,0.0141228358214776,0.0133016158027309,0.012543550764596,0.0119969830667333,0.0114240722837833,0.0108906419166653,0.0103361370814776,0.009748378377842,0.0090269199644388,0.0083831223343449,0.0077981005746145,0.0073430152267821,0.006679306329778,0.0063352040573003,0.0059900070072606,0.0057066648894777,0.0054551397445925,0.0051751503830934,0.0049042271482802,0.0046000842568181,0.0043083260365268,0.0039961433723432,0.0037616214914688,0.0035143728214354,0.0032900802684066,0.003129969049954,0.0028821729911396,0.0027311963229706,0.0026099497079715,0.0024224690504672,0.0023096385379765,0.0021528116522102,0.0020102168747508,0.0018785014493144,0.0017562284803508,0.0016488718556705,0.0015541735965516,0.001445927465102,0.0013729194864316,0.0013113382485652,0.0012017236451631,0.0011461294720893,0.0010676818174073,0.0010234801733388,0.0009493089935087,0.0009008650863871,0.0008290203088764,0.0007781815758378,0.0007402064791536,0.0007012734521025,0.0006697301735954,0.0006563191484601,0.0006229968564146,0.0005876218564403,0.000559978722998,0.0005117400866694,0.000486149661156,0.0004739018371804,0.0004597381524711,0.0004396900383657,0.0004353793517151,0.0004260737424375,0.0003802983556235,0.0003688716148194,0.0003618924078612,0.0003608660538968,0.0003464970983947,0.0003315807541115,0.0003302807057565,0.0003139274659231,0.0003174170694022,0.0003103694388464,0.0003180328817809,0.0003102325916511,0.0003129695355563,0.0002875159572382,0.0002973005316992,0.0002852579785164,0.0002816999514397,0.0002914161023031,0.0003003111699949,0.0002827263054042,0.0002821789166231,0.0002985321564565,0.000299558510421,0.0002929898450486,0.0003651083169498,0.0002729417309432,0.0,0.0,0.0,0.0,0.0,0.0,0.0,0.0,0.0,0.0,0.0,0.0,0.0,0.0,0.0,0.0,0.0,0.0,0.0,0.0,0.0,0.0,0.0,0.0,0.0,0.0,0.0,0.0,0.0,0.0,0.0,0.0,0.0,0.0,0.0,0.0,0.0,0.0,0.0,0.0,0.0,0.0,0.0,0.0,0.0,0.0,0.0,0.0,0.0,0.0,0.0,0.0,0.0,0.0,0.0,0.0,0.0,0.0,0.0,0.0,0.0,0.0,0.0,0.0,0.0,0.0,0.0,0.0,0.0,0.0,0.0,0.0,0.0,0.0,0.0,0.0,0.0,0.0,0.0,0.0,0.0
HNGH006,0.0,0.0,0.0,0.0,0.0,0.0,0.0,0.0,0.0,0.0,0.0,0.0,0.0,0.0,0.0,0.0,0.0,0.0,0.0,0.0,0.0,0.0,0.0,0.0,0.0,0.0,0.0,0.0,0.0,0.0,0.0,0.0,0.0,0.0,0.0,0.0,0.0,1.6096214947127995e-05,1.670553538676691e-05,1.9701360881658243e-05,1.6400875166947452e-05,1.949825406844527e-05,1.985369099156797e-05,0.0003761538180704,0.0003239045903713,0.0003054726470723,0.0003096871134464,0.0003408640092746,0.0003964137226884,0.0004679580976426,0.000537166744245,0.0005871310202953,0.0005988096620551,0.0005847445152401,0.0005442754827074,0.0005103058681975,0.0005095949943513,0.0005569696585332,0.0006135856827163,0.000699017486024,0.0008365715752725,0.0009694542078171,0.000948915031331,0.0008363430801077,0.0007565474908666,0.0007424569557,0.0007701810357035,0.0008253753121942,0.0009184997860523,0.0010585419337627,0.0013331423452266,0.0017766768485804,0.0020670180380684,0.0020516326969675,0.0016510045079049,0.0013177062274224,0.0012343816573018,0.0013115876346744,0.0014568851711766,0.0016614137320821,0.0020814893985098,0.0026738504192454,0.003528422335839,0.0043698938629803,0.0046003185425705,0.0039970913073279,0.0035601323870519,0.0036897399222334,0.0044018831860614,0.0054174680288295,0.0066912016311914,0.0077211055042911,0.0081717487461073,0.0082610395788661,0.0083199405546979,0.0083899870169047,0.0082603794817232,0.0084769167329598,0.0088968654576293,0.0096230484799206,0.0106191858453237,0.0117203294331578,0.0126210827614057,0.0128406920031922,0.0123473709422495,0.0124761152734749,0.0130820590623441,0.0143654402383336,0.0159488863424936,0.0175698056536914,0.0190798794215782,0.0203068222918461,0.0216178006060808,0.0238010972947137,0.0269102310030262,0.0295672743334783,0.030299626725221,0.0298868121273656,0.0287933358217303,0.0274223648325427,0.0258399342624488,0.0244218678809475,0.0233453256058638,0.022880794935694,0.0223415717349653,0.0218207043124806,0.0209716416681954,0.019654950974839,0.0182202552230059,0.0166979188812714,0.0152790908492205,0.0139886263231202,0.0129509028377119,0.0121961071431092,0.0114128764946566,0.0108287920765594,0.0102901020312153,0.0097366867419133,0.0091757565005224,0.0085719199448402,0.0079457416397046,0.0071146285600371,0.0066590092012971,0.0062278642135493,0.0057928094196471,0.0055140960952156,0.0052093850986929,0.0049095486656872,0.0046340596619155,0.0043970086225443,0.0041491167570178,0.0038858903270938,0.0036282239461815,0.0034102649472523,0.0031243921076551,0.0029556103458751,0.0027763685832147,0.0026095671128635,0.0024477417594361,0.0023093752429347,0.0021783713484124,0.0020398525018011,0.0019106004035427,0.0017874415096807,0.0016977190749439,0.00151857886569,0.0014233725469965,0.0013392609379746,0.00126832588346,0.0011851790318009,0.0011127968412422,0.0010479296027723,0.0009969244043042,0.0009053993966001,0.0008519569163734,0.0007992760866963,0.000750835111745,0.0007071671469042,0.0006657333570088,0.0006223700523878,0.0005996220893079,0.0005487438325981,0.00052294926732,0.0005025370325921,0.0004858822739087,0.0004593260580811,0.000438050619397,0.0004122052774157,0.000388644887083,0.0003780833327959,0.0003656938171899,0.0003475665341106,0.0003436567279563,0.0003433012910332,0.000328372940262,0.0003018675011377,0.0002988208989395,0.0002934385683894,0.0002862790532236,0.000271096818936,0.0002681517701444,0.0002605352646489,0.0002707413820128,0.0002667807991552,0.0003377666303731,0.0002408846804705,0.0,0.0,0.0,0.0,0.0,0.0,0.0,0.0,0.0,0.0,0.0,0.0,0.0,0.0,0.0,0.0,0.0,0.0,0.0,0.0,0.0,0.0,0.0,0.0,0.0,0.0,0.0,0.0,0.0,0.0,0.0,0.0,0.0,0.0,0.0,0.0,0.0,0.0,0.0,0.0,0.0,0.0,0.0,0.0,0.0,0.0,0.0,0.0,0.0,0.0,0.0,0.0,0.0,0.0,0.0,0.0,0.0,0.0,0.0,0.0,0.0,0.0,0.0,0.0,0.0,0.0,0.0,0.0,0.0,0.0,0.0,0.0,0.0,0.0,0.0,0.0,0.0,0.0,0.0,0.0,0.0,0.0,0.0,0.0,0.0,0.0,0.0,0.0,0.0,0.0,0.0,0.0,0.0,0.0,0.0
HNGH007,0.0,0.0,0.0,0.0,0.0,0.0,0.0,0.0,0.0,0.0,0.0,0.0,0.0,0.0,0.0,0.0,0.0,0.0,0.0,0.0,0.0,0.0,0.0,0.0,0.0,0.0,0.0,0.0,0.0,0.0,0.0,0.0,1.665125481783937e-05,1.8675430512048496e-05,1.6627157488146403e-05,1.6627157488146403e-05,1.503673372841066e-05,1.590423759735743e-05,1.6000626916129292e-05,2.40973296929658e-05,2.433830298989545e-05,2.42419136711236e-05,2.954332620357607e-05,0.0005239241421844,0.0004200646512077,0.0004118233644527,0.0004107630819462,0.0004428125304379,0.0005089837977748,0.000627398075886,0.0007303659656641,0.0008001759297846,0.000813718629072,0.0008030194146883,0.0007477883350321,0.0006876895947778,0.0006843159686208,0.0007201246005445,0.0008049953957232,0.0009339884015696,0.0011457316375817,0.0013386548591036,0.0013629208701044,0.0011875646019287,0.0010579691628399,0.0010387876884043,0.0010662104495949,0.0011252007126833,0.001233060360389,0.0014388997506263,0.001839349175464,0.00236158650457,0.0027126845981965,0.0026265125472145,0.0021028052809972,0.0017279472202934,0.0016206418111707,0.0017386223373474,0.0018969176961005,0.00215360245199,0.0026436216512965,0.0034056756055068,0.0044427282861733,0.0053931269692639,0.0055990868461496,0.0049027704073417,0.0043381458753058,0.0044523913153802,0.0051460088532625,0.0062601729889465,0.0077377007590707,0.0089432178716207,0.0094549246676508,0.0095545430286015,0.0096118946732708,0.0098666275454551,0.0096860903513954,0.0096117741866223,0.0098727241698674,0.0104246494091551,0.0112731163876444,0.0124364149785724,0.0134339962332018,0.0135182645951381,0.0130453785972433,0.0129492784464278,0.0134967938743816,0.0146887682876442,0.015998530448446,0.0175403257968613,0.0189291994910451,0.0200780878788166,0.0213714397580975,0.0232166927793363,0.0258089148263977,0.0279649752060165,0.0287336559258924,0.0284674768221039,0.0276849883323139,0.0265691373835514,0.0252658815017667,0.0240096395102131,0.02301940794114,0.0223885880444375,0.0217357431883957,0.0211462743094464,0.0202866020726498,0.019014046188894,0.0175024929892433,0.0159752283306329,0.0145065924751654,0.013256133842738,0.0122744086310466,0.0114999204547146,0.010734589263666,0.0101626632407332,0.0095664953041292,0.0089940873346025,0.0084282338387523,0.0078675853661157,0.0071361832152748,0.0065459432217753,0.0060191755946871,0.0056089667513237,0.0052080353798922,0.0048878059656024,0.0045927582608417,0.0043220488590709,0.0040776055466655,0.0038503195330014,0.003609249846753,0.0033553603811079,0.0031234958748022,0.0029316329357868,0.0027073349910047,0.0025092067462691,0.0023500197863174,0.0022248100612327,0.0020855033982777,0.001992319024355,0.0018627235852662,0.00174705640274,0.0016274854528035,0.0015274333399183,0.0013882953582711,0.001319473384668,0.0012246262949965,0.0011436110725687,0.0010726685339526,0.0010270281915142,0.000976182825862,0.0009007099892636,0.0008526117191965,0.0008107546575198,0.0007390651016832,0.0007043649469253,0.0006530858293387,0.0006278800224799,0.0005817577334475,0.0005633955682215,0.0005377078147688,0.0005089837977748,0.0004626205354455,0.0004481139429703,0.0004303060163272,0.000409606410121,0.0003807860038082,0.0003716772131843,0.0003562549221808,0.0003396277646926,0.000338181924911,0.0003296996648591,0.0003235307484577,0.0003056505298255,0.0002974574377299,0.0002926861664507,0.0002787097152288,0.0002620825577406,0.0002595764354526,0.0002555762787235,0.0002592390728369,0.0002518170952914,0.0002569257291864,0.0002516725113133,0.0002500338928942,0.0002535521030293,0.0003163015495498,0.0002303222772053,0.0,0.0,0.0,0.0,0.0,0.0,0.0,0.0,0.0,0.0,0.0,0.0,0.0,0.0,0.0,0.0,0.0,0.0,0.0,0.0,0.0,0.0,0.0,0.0,0.0,0.0,0.0,0.0,0.0,0.0,0.0,0.0,0.0,0.0,0.0,0.0,0.0,0.0,0.0,0.0,0.0,0.0,0.0,0.0,0.0,0.0,0.0,0.0,0.0,0.0,0.0,0.0,0.0,0.0,0.0,0.0,0.0,0.0,0.0,0.0,0.0,0.0,0.0,0.0,0.0,0.0,0.0,0.0,0.0,0.0,0.0,0.0,0.0,2.40973296929658e-08,0.0,0.0,0.0,0.0,0.0,0.0,0.0,0.0,0.0,0.0,0.0,0.0,0.0,0.0,0.0,0.0,0.0,0.0,0.0
HNGH008,0.0,0.0,0.0,0.0,0.0,0.0,0.0,0.0,0.0,0.0,0.0,0.0,0.0,0.0,0.0,0.0,0.0,0.0,0.0,0.0,0.0,0.0,0.0,0.0,0.0,0.0,0.0,0.0,0.0,0.0,0.0,0.0,0.0,0.0,0.0,1.5096563728080017e-05,1.854559139629305e-05,1.6566641094859342e-05,1.6962431155146085e-05,2.001566876307238e-05,1.9224088642498897e-05,1.8884840019395976e-05,2.9231923024035085e-05,0.0003637876068406,0.0003099036172045,0.0002826506444819,0.0002811805671151,0.0003081508326518,0.0003655403913933,0.0004630743705354,0.0005433066698993,0.0005818679300586,0.0005891617754554,0.0005564242833259,0.0005188807690359,0.0004764464204294,0.0004981300615894,0.0005326203382715,0.0005859389135359,0.000691925837537,0.0008491393036266,0.0009915671838926,0.0009855172501139,0.0008547934473449,0.0007703770816295,0.0007379505674046,0.0007644402307252,0.0008125004523314,0.0009065854038053,0.0010742307650554,0.0013882619071743,0.0018270800011579,0.0021814817294261,0.0021242052535589,0.0016696686400382,0.0013196206024331,0.0012197684243665,0.001282359795329,0.0014083341173745,0.001620081799628,0.0020115181692515,0.0026016411491391,0.0034664989723028,0.0042977429110607,0.0045418040246647,0.0038719858890666,0.0033624909986032,0.0034804929780058,0.0040722839302902,0.0050756117331171,0.0063587348378482,0.007478792437741,0.0079120977415993,0.0078874456749871,0.0078878414650474,0.0079794385932852,0.0079023160729664,0.00789140357559,0.0084087011843847,0.0089888446006093,0.0099672659003567,0.0112084352586974,0.0122423519790407,0.0123697115662973,0.011909322914028,0.011889024538079,0.0124519510866811,0.0137164720585787,0.0152760827911386,0.0169439421051869,0.0183655634602997,0.0193512503347253,0.0204881007414617,0.0223982683845613,0.025105585479797,0.0275981016551714,0.0285150058712628,0.0284421522294514,0.0277526294029947,0.0268115537225072,0.0255000468163099,0.024271231761994,0.0233341705235465,0.0228644808048605,0.0224907701757941,0.0221458674089728,0.0215925529046919,0.0204478149674683,0.0192316651950815,0.0177566404525486,0.0164945224917313,0.0151609361543137,0.0140767823670326,0.0131810811898851,0.0124327835394758,0.0118083964486549,0.0112392503419626,0.0106330130524776,0.0100601917523684,0.0094183333574576,0.0087877832499837,0.0081252024183451,0.0073009413470793,0.0067763216221693,0.0063012604669508,0.0059208496775781,0.0055516906342049,0.0052312703096842,0.0049544434332322,0.0046699269213232,0.004454079984874,0.0041882504179543,0.0038884111765685,0.0036399681015827,0.0033959918001346,0.0031667445430728,0.0028790899814001,0.0027113032665571,0.0025371839107495,0.00238599210772,0.0022596785370513,0.0021467652869952,0.0020269539816027,0.0018930073169143,0.0017604176467182,0.001635461070542,0.0015240461685712,0.0013902408574757,0.0013182636079407,0.0012414237948079,0.0011834688216945,0.0011094560804209,0.0010383269524436,0.0009998222337214,0.0009345734152113,0.0008770142321582,0.000788979214463,0.0007468841144796,0.0006957141138283,0.0006706379864372,0.0006230866377656,0.0006116652674545,0.0005850907919781,0.0005621349684815,0.0005196158077193,0.0004824680834895,0.0004575333096914,0.0004400620056016,0.0004153533975523,0.0003986736735831,0.0003949419387289,0.0003529316509014,0.0003631656510316,0.0003580203802479,0.0003483517944895,0.0003341033523191,0.000330993573274,0.0003055499265413,0.0003037971419886,0.0002897183241298,0.0002862692964616,0.0002767137935776,0.0002800497383714,0.0002839510975371,0.000278692743879,0.0002838662853813,0.0002748196554319,0.000275922213457,0.000285760423527,0.0003295234959073,0.0002468033733073,0.0,2.8270718591910146e-08,0.0,0.0,0.0,0.0,0.0,0.0,0.0,0.0,0.0,0.0,0.0,0.0,0.0,0.0,0.0,0.0,0.0,0.0,0.0,0.0,0.0,0.0,0.0,0.0,0.0,0.0,0.0,0.0,0.0,0.0,0.0,0.0,0.0,0.0,0.0,0.0,0.0,0.0,0.0,0.0,0.0,0.0,0.0,0.0,0.0,0.0,0.0,0.0,0.0,0.0,0.0,0.0,0.0,0.0,0.0,0.0,0.0,0.0,0.0,0.0,2.8270718591910146e-08,0.0,0.0,0.0,0.0,0.0,0.0,0.0,0.0,0.0,0.0,0.0,0.0,0.0,0.0,0.0,0.0,0.0,0.0,0.0,0.0,0.0,0.0,0.0,0.0,0.0,0.0,0.0
HNGH009,0.0,0.0,0.0,0.0,0.0,0.0,0.0,0.0,0.0,0.0,0.0,0.0,0.0,0.0,0.0,0.0,0.0,0.0,0.0,0.0,0.0,0.0,0.0,0.0,0.0,0.0,0.0,0.0,0.0,0.0,0.0,0.0,0.0,0.0,0.0,0.0,1.5233656284357404e-05,1.4561583212988693e-05,1.5084306712942131e-05,1.6652477212802453e-05,1.5607030212895575e-05,2.0460891283891804e-05,2.733097156899416e-05,0.0004674641585297,0.0003725525058953,0.0003435786890408,0.0003488059240403,0.0003819615288945,0.0004493928603885,0.0005581940231645,0.0006704302260831,0.0007268843640781,0.0007192675359359,0.0006713263235116,0.0006032229189462,0.0005696192653778,0.0005831354015909,0.0006061352355888,0.0006896963207957,0.0007906566310724,0.000982570830341,0.0011416281238983,0.0011287467233637,0.0009711455881277,0.0008584613364949,0.000835461502497,0.0008434517045677,0.0009028181592052,0.0010138222281596,0.0012045789682498,0.0015559238350042,0.0020680435153872,0.0024626250830663,0.0023754049333598,0.0018081005863389,0.0013969412162327,0.0013076301725263,0.0013809608120912,0.0015230669292929,0.0017859221749837,0.0022189239199095,0.0029033556683128,0.0039064994021163,0.0049253995157041,0.0051063738588665,0.0043334151520068,0.0037375476994528,0.0037788428559491,0.004454425642246,0.0056521718676036,0.0071250946782939,0.0083427417340426,0.0086936012146899,0.0085930516157346,0.0085843893405925,0.008622809517839,0.0084363092405342,0.0084609145824249,0.0088993675867073,0.0096101968718582,0.0106483257427658,0.0119770888796474,0.0130464691483736,0.0130643537595506,0.0124175954405368,0.0124165873309297,0.0129803819630223,0.0141890307070933,0.0158536063553021,0.0176051781288604,0.0192197963454309,0.0204754902044976,0.0215073463934057,0.0235358496097607,0.0263414186461894,0.0287357536377261,0.0294790664546599,0.0291948168828638,0.0283897853555427,0.0272586863764291,0.0260246108678248,0.0246673219628028,0.0235474242015454,0.0228068743516828,0.0222262032180202,0.0216521781402856,0.0208298220626803,0.0194537524490529,0.0182096705191637,0.0168034696295032,0.0155378066865445,0.0142690820773718,0.0131803983765402,0.0121919655755211,0.011416803962483,0.0107067214251891,0.0100955083041722,0.0095837619977177,0.008988566618235,0.0084190593650358,0.0076997171543141,0.00716848072879,0.0065793713443425,0.0060830827185296,0.0056658000159953,0.0052542672719605,0.0048913478134214,0.0046033271649471,0.0043600367131116,0.0041643514371647,0.0039222557819006,0.0037260477824538,0.0034883579395464,0.0032835250023503,0.0029501767589515,0.0027569930883258,0.0026021175827682,0.0024106514322138,0.0022386754007291,0.0021191957435969,0.0020156964906061,0.0019097703070798,0.001799400973804,0.001688023530921,0.0015430797718625,0.001439505844086,0.001317412569454,0.0012626012767446,0.0011576085280397,0.0010741221176186,0.0010382782204789,0.0009633794104141,0.0009244738470605,0.0008599548322091,0.0008092506527136,0.0007483160275762,0.0006968651002236,0.0006567647402986,0.0006068073086602,0.0005732783298775,0.0005301909785242,0.0004969606988843,0.000493450983956,0.0004683602559582,0.0004348312771755,0.0004118314431776,0.0004010782740357,0.0003771823426092,0.0003466403552548,0.0003382767792555,0.0003301372276134,0.0003059425970441,0.0003073614179726,0.0002988484924019,0.0002950400783308,0.0002739071139756,0.0002718908947614,0.0002680078059046,0.000257702685477,0.0002437385005497,0.0002511313043347,0.0002341054531934,0.0002359723228361,0.0002987738176162,0.0002186477725519,0.0,0.0,0.0,0.0,0.0,0.0,0.0,0.0,0.0,0.0,0.0,0.0,0.0,0.0,0.0,0.0,0.0,0.0,0.0,0.0,0.0,0.0,0.0,0.0,0.0,0.0,0.0,0.0,0.0,0.0,0.0,0.0,0.0,0.0,0.0,0.0,0.0,0.0,0.0,0.0,0.0,0.0,0.0,0.0,0.0,0.0,0.0,0.0,0.0,0.0,0.0,0.0,0.0,0.0,0.0,0.0,0.0,0.0,0.0,0.0,0.0,0.0,0.0,0.0,0.0,0.0,0.0,0.0,0.0,0.0,0.0,0.0,0.0,0.0,0.0,0.0,0.0,0.0,0.0,0.0,0.0,0.0,0.0,0.0,0.0,0.0,0.0,0.0,0.0,0.0,0.0,0.0,0.0,0.0,0.0,0.0
HNGH010,0.0,0.0,0.0,0.0,0.0,0.0,0.0,0.0,0.0,0.0,0.0,0.0,0.0,0.0,0.0,0.0,0.0,0.0,0.0,0.0,0.0,0.0,0.0,0.0,0.0,0.0,0.0,0.0,0.0,0.0,0.0,0.0,0.0,0.0,0.0,0.0,0.0,0.0,0.0,2.218600273738959e-05,1.963262646326547e-05,1.95191430733044e-05,2.354780341692245e-05,0.0004378189184698,0.0003716013604275,0.0003402232031032,0.0003477131068407,0.0003854463340027,0.0004319745238868,0.0005284921470487,0.0006197327925774,0.0006957099221563,0.0007017245418242,0.0006889576604536,0.0006289816888592,0.000591759136952,0.0005994760074693,0.0006368120427665,0.0007134133309902,0.0008177045663645,0.0009829931238428,0.0011224642101049,0.001130861980962,0.0010142010560821,0.0008933412457735,0.0009101367874877,0.0009465082139703,0.001014257797777,0.0011036259673714,0.0012770853289269,0.0015891362804723,0.00200403155417,0.0023156853138506,0.0022981521301016,0.001859652311292,0.0015479418099165,0.0014759933406811,0.0015760289489318,0.0017354447409796,0.0019739584558303,0.0023832079308774,0.0030065154502386,0.003906268507545,0.0047615077051391,0.0050403363942735,0.0044282637305184,0.0039756636005062,0.0040813166365599,0.0047659051865001,0.0058085905734624,0.0071306720665089,0.0082654208535772,0.0087650314778808,0.0088862601092067,0.0089133258977124,0.0090435197168453,0.0089151416319518,0.0090813380565498,0.0094053047640412,0.0100151928725395,0.0108635946958884,0.0118948182604647,0.0129143246650275,0.0130787053553861,0.0127181118837848,0.0127389928275376,0.0133287092634703,0.0145979642384899,0.0161091941717541,0.017705366422404,0.0192009356478535,0.0204141581990798,0.0220055925181989,0.0242857859018393,0.027324133442962,0.0299871914134835,0.0307309331804409,0.0303513596118686,0.0293537838724158,0.0281245885340524,0.0266529359330373,0.0251504725916476,0.0240293418113747,0.0234174677435521,0.0228444333659437,0.0222323039604937,0.0212882923811025,0.0197961276573518,0.0182684426325434,0.0165505310753127,0.0150500253223999,0.0136302913722919,0.0125357157052699,0.0116544036988322,0.0108675098728421,0.0102758074775851,0.009679934567747,0.0091025594504725,0.0085331849121903,0.0077560506577369,0.0071026984108835,0.0065313095424295,0.0059880078129909,0.0055046820551467,0.0050930494289104,0.0047752108244769,0.00446023767564,0.0042015806590712,0.0039676630215139,0.0037572648165261,0.0035105519267507,0.003259015992902,0.0029749670678295,0.0028019048981388,0.0025950246782398,0.0024086282102287,0.002238630092067,0.0021152169054844,0.0019831222395697,0.0018778096536858,0.0017632481715201,0.0016628153714046,0.0015144925807254,0.0014032788585636,0.0013318410645831,0.0012395223268498,0.0011528210169195,0.0010826882819236,0.001017321849306,0.0009564380105919,0.0008954123176403,0.0008438624877505,0.0007880286598896,0.0007426920456002,0.0006980930733455,0.000661721646863,0.0006036748928979,0.0005751905620176,0.0005230449443305,0.0004989297239638,0.0004747577619021,0.0004586431205276,0.0004335632913462,0.0004252790038791,0.0003923688207904,0.0003674024749989,0.0003521957007441,0.0003360810593697,0.0003283641888523,0.0003120225806979,0.0003093557210338,0.0002981776071227,0.0002812685820185,0.0002864888179567,0.0002808713901536,0.0002666859664085,0.0002618912931826,0.000247507273505,0.0002413791704472,0.0003046461603504,0.0002225409277136,0.0,0.0,0.0,0.0,0.0,0.0,0.0,0.0,0.0,0.0,0.0,0.0,0.0,0.0,0.0,0.0,0.0,0.0,0.0,0.0,0.0,0.0,0.0,0.0,0.0,0.0,0.0,0.0,0.0,0.0,0.0,0.0,0.0,0.0,0.0,0.0,0.0,0.0,0.0,0.0,0.0,0.0,0.0,0.0,0.0,0.0,0.0,0.0,0.0,0.0,0.0,0.0,0.0,0.0,0.0,0.0,0.0,0.0,0.0,0.0,0.0,0.0,0.0,0.0,0.0,0.0,0.0,0.0,0.0,0.0,0.0,0.0,0.0,0.0,0.0,0.0,0.0,0.0,0.0,0.0,0.0,0.0,0.0,0.0,0.0,0.0,0.0,0.0,0.0,2.8370847490268024e-08,0.0,0.0,0.0,0.0,0.0,0.0,0.0,0.0,0.0,0.0
HNGH011,0.0,0.0,0.0,0.0,0.0,0.0,0.0,0.0,0.0,0.0,0.0,0.0,0.0,0.0,0.0,0.0,0.0,0.0,0.0,0.0,0.0,0.0,0.0,0.0,0.0,0.0,0.0,2.773444783903814e-06,2.588548464976893e-06,2.588548464976893e-06,1.522313025831649e-05,1.4668441301535729e-05,1.5531290789861358e-05,1.82431034674562e-05,1.676393291604083e-05,1.5592922896170333e-05,1.5716187108788278e-05,1.744188608543954e-05,1.978390612518054e-05,2.610119702185033e-05,2.4159785673117667e-05,2.434468199204459e-05,2.7364655201184297e-05,0.0003768803300793,0.0003095164378836,0.000292444344436,0.0003102560231593,0.0003248012002482,0.0003857553533878,0.0004603302020217,0.0005398356191603,0.0005839025751712,0.0005979546954096,0.0005628860269198,0.0005455057729407,0.0005020551379928,0.0005034110443316,0.0005326246627221,0.0005825466688324,0.0006906493832983,0.0008336975020414,0.0009700893533032,0.000979026008718,0.0008626645920067,0.0007681209409287,0.0007531135230425,0.000773975991028,0.0008384431742272,0.0009218622301164,0.0010697484692048,0.0013762757499325,0.0017679786015792,0.0020878184172696,0.0020311785115716,0.0016031127172027,0.0012797290553995,0.0012052774709782,0.0012606231024437,0.001377385127846,0.0015709407577094,0.0019483141446392,0.0024868246735139,0.0032759313466408,0.0040918479860122,0.0042383475027086,0.0036229509212135,0.0031734063377958,0.0032128508858336,0.0037710220566208,0.0047001876913349,0.0058915363062874,0.0069639657721167,0.0073406303898239,0.0073760072188453,0.0074276857399854,0.0074755122544811,0.0074180094992949,0.0073740966235497,0.0077979714346897,0.0083507497961749,0.0091821977263361,0.0102770612788618,0.0112719267389013,0.0113391057347781,0.0109438282209655,0.0108387454797087,0.0113592594335411,0.0124161267925274,0.013833110548677,0.0153460554943497,0.016759988461237,0.0178503836860554,0.0189368652721231,0.0206669401283223,0.023172870754792,0.0252781002420939,0.0264164760616738,0.0266506780656479,0.026142829509662,0.0255950433487878,0.0245382992540142,0.0235075947241561,0.0229590997940594,0.0227126021848766,0.0225096476588012,0.022396306215299,0.0219564378725718,0.0209201864531459,0.0197228595238815,0.0183670456332435,0.0170402912807302,0.0158488194015651,0.0148750321218834,0.0140712261914017,0.0133554925408356,0.0127749180994051,0.0122710756303292,0.0117716090408013,0.0111749486196241,0.0105860230277887,0.0098733093504318,0.0091613044422973,0.0084692991526602,0.0079511580349206,0.0074061453188304,0.0068655701143944,0.0065160852555693,0.006177509279561,0.0058684858985278,0.0056112951189005,0.0053090512695612,0.0050161446843279,0.0046663824810244,0.0043148637626912,0.0040435592307191,0.0037911141232775,0.0035312115309726,0.0033383646703318,0.0031471202444551,0.002919697772175,0.0027780055597706,0.0026053123978929,0.0024484278712834,0.0022970902342417,0.0021147208316735,0.0019717959771429,0.0018326923132036,0.0017080721942468,0.0016191986969493,0.0015375361560899,0.0014425610802678,0.0013351363189712,0.0012617324803573,0.0011648468092396,0.0011080528232758,0.0010229697005163,0.0009540033735566,0.0008977332604965,0.0008535430402729,0.0007951774355983,0.0007413726067906,0.000700757048733,0.0006695095708343,0.0006394331029556,0.0006166908557275,0.000578478949816,0.0005430404886883,0.0005124093318528,0.0004952139741926,0.0004672946300346,0.0004375879547937,0.000429082724123,0.0004166946707549,0.0004046764100247,0.0003826737480724,0.0003779280758866,0.0003625816814156,0.000352289119662,0.0003328133740684,0.0003256640497366,0.0003219044912517,0.0003152482237704,0.0003164192337902,0.0003122282505612,0.000307605842588,0.0002972516487281,0.0003063732004619,0.0002999634614057,0.0002941084113064,0.0002835076890212,0.0002815970937257,0.0002745710336064,0.0002834460569149,0.0002931222976054,0.0002913965986288,0.0002963887992398,0.0002935537223496,0.0002966969597713,0.0003659098151563,0.000271489428291,5.133954455537505e-05,5.244892246893657e-05,6.68708353452364e-05,4.782651449576355e-05,0.0,0.0,0.0,0.0,0.0,0.0,0.0,0.0,0.0,0.0,0.0,0.0,0.0,0.0,0.0,0.0,0.0,0.0,0.0,0.0,0.0,0.0,0.0,0.0,0.0,0.0,0.0,0.0,0.0,0.0,0.0,0.0,0.0,0.0,0.0,0.0,0.0,0.0,0.0,0.0,0.0,0.0,0.0,0.0,0.0,0.0,0.0,0.0,0.0,0.0,0.0,0.0,0.0,0.0,0.0,0.0,0.0,0.0,0.0,0.0,0.0,0.0,0.0,0.0,0.0,0.0,0.0,0.0,0.0,0.0,0.0,0.0,0.0,0.0,0.0,0.0,0.0
HNGH012,0.0,0.0,0.0,0.0,0.0,0.0,0.0,0.0,0.0,0.0,0.0,0.0,0.0,0.0,0.0,0.0,0.0,0.0,0.0,0.0,0.0,0.0,0.0,0.0,0.0,0.0,0.0,0.0,0.0,0.0,0.0,0.0,0.0,0.0,0.0,0.0,1.851137695567192e-05,1.906894855072228e-05,1.8790162753197094e-05,2.358527847063018e-05,1.884591991270213e-05,2.76555511144978e-05,3.373308150054671e-05,0.0004984132488155,0.0004127702518157,0.0003724578254936,0.000387735287198,0.0004206877684654,0.0004989708204105,0.0005985531072865,0.0007178734286273,0.000781659619101,0.0008156157292396,0.000769504558329,0.0006926990711108,0.0006514666516568,0.0006524145233684,0.0006773937308266,0.0007608621986057,0.000886315807492,0.0010929518406177,0.001246116757778,0.0012459494862995,0.0011002560285128,0.0009507710838798,0.000930252449182,0.0009489868547757,0.0010197426901876,0.0011252073573913,0.0012982497019152,0.0016636821253112,0.0021670298827429,0.0025707953532986,0.0024858771993725,0.0019512217968787,0.0015661628533369,0.0014712641678593,0.0015480696550775,0.0017216138140369,0.0019887184866458,0.0024596434558254,0.0031145670513715,0.0041892584222513,0.0050991316296342,0.0053426231451927,0.0045926335926905,0.0040604593837947,0.0041393278859146,0.0048233567187223,0.0058867015076429,0.0073163429559317,0.008467588906812,0.008905115337448,0.0089047250373315,0.0089856844329328,0.0090204769004639,0.0090085727469096,0.0089262751794802,0.0093408017818203,0.0099394106462664,0.0108425929945087,0.012077418927487,0.0130338214844769,0.0132085923009454,0.0127239510705277,0.0126780350496753,0.0132368611808145,0.0145172407131084,0.0159043115701152,0.0174573157338089,0.0188695609483322,0.0200079548739465,0.0213641083860078,0.0232914661186183,0.0261251286004035,0.028554802582995,0.0292443513745938,0.0289569789745048,0.0280048139616373,0.026734164053677,0.0254085933436043,0.0240555622324754,0.0230193711802338,0.0225665394093136,0.02204989356934,0.0215215108472905,0.0207392378994348,0.0194590256386195,0.0180102316060406,0.0164141271580494,0.0150315168738031,0.0138038836144009,0.0127519411645992,0.0118691938153155,0.0111056552730535,0.0105597369243397,0.0099906235972718,0.0094688202200439,0.0088752016213735,0.0082948532266654,0.0074700096875276,0.0068855631415958,0.0063357975488762,0.005863590165028,0.0054628913382451,0.0051235811440772,0.0047769946405939,0.0045340606966305,0.004279640777809,0.0040646969279171,0.0038286768717322,0.0035870253424374,0.0033321036091804,0.0031245754615027,0.0028652489126447,0.0026559365358628,0.0024776251397657,0.0023404067702238,0.0022117192460862,0.002098978269567,0.0019704022597484,0.0018706527013939,0.0017649928841319,0.0016414907758282,0.0014930094600663,0.0014045228479318,0.0013058884327674,0.0012143351768601,0.0011499914147913,0.0010766707500422,0.0010271583924017,0.0009553431709592,0.0009110719863122,0.0008291368404196,0.0007936474083946,0.0007319799899821,0.0006827464181391,0.0006460024500253,0.0006246474579349,0.0005852271461648,0.0005587424953999,0.0005116834527777,0.0004883212029451,0.0004697540688299,0.0004429906322675,0.0004255943985019,0.0004063860570524,0.0003934225174675,0.0003645403088439,0.0003556191633231,0.0003409550303732,0.0003308072273433,0.0003243951540002,0.0003278520978896,0.0003076680061487,0.0002896026864691,0.0002859227139418,0.0002811275982243,0.000268777387394,0.0002723737241821,0.0002642331788943,0.0002556465763305,0.0002709797951944,0.0003297478413127,0.0002346261271971,0.0,0.0,0.0,0.0,0.0,0.0,0.0,0.0,0.0,0.0,0.0,0.0,0.0,0.0,0.0,0.0,0.0,0.0,0.0,0.0,0.0,0.0,0.0,0.0,0.0,0.0,0.0,0.0,0.0,0.0,0.0,0.0,0.0,0.0,0.0,0.0,0.0,0.0,0.0,0.0,0.0,0.0,0.0,0.0,0.0,0.0,0.0,0.0,0.0,0.0,0.0,0.0,0.0,0.0,0.0,0.0,0.0,0.0,0.0,0.0,0.0,0.0,0.0,0.0,0.0,0.0,0.0,0.0,0.0,0.0,0.0,0.0,0.0,0.0,0.0,0.0,0.0,0.0,0.0,0.0,0.0,0.0,0.0,0.0,0.0,0.0,0.0,0.0,0.0,0.0,0.0,0.0,0.0,0.0,0.0,0.0
HNGH013,0.0,0.0,0.0,0.0,0.0,0.0,0.0,0.0,0.0,0.0,0.0,0.0,0.0,0.0,0.0,0.0,0.0,0.0,0.0,0.0,0.0,0.0,0.0,0.0,0.0,0.0,0.0,0.0,0.0,0.0,0.0,0.0,0.0,0.0,0.0,1.4194491423906408e-05,1.5952524765399404e-05,1.6212974149324293e-05,1.7319884031005068e-05,2.031505194614128e-05,1.738499637698629e-05,1.9468591448385395e-05,2.1747523557728167e-05,0.0003754377869277,0.0003213945397633,0.0002823271321745,0.0002907917371521,0.0003195062817298,0.000374395989392,0.0004641533583271,0.0005255217444144,0.0005627660063157,0.0005821043730721,0.0005483110655078,0.0005120434887963,0.0004879519207832,0.0004947236047653,0.0005283866876376,0.0005787185310811,0.0006632343561647,0.0008168343803344,0.0009106612708933,0.000918865426487,0.0008125369654996,0.0007447550133332,0.0007436155472785,0.0007529591689268,0.0008193737618276,0.000890834561542,0.0010376303455567,0.0013292685432066,0.0016968602924436,0.0020140550858911,0.001983354614761,0.0015849647258749,0.0012771786664216,0.0011972207055567,0.0012802715028557,0.0014262533825456,0.0016268319643408,0.0020126226142795,0.002545111379714,0.0033974645447811,0.0042044018485264,0.0044548239311702,0.0039132519934714,0.0034593538296363,0.0035613523196159,0.0041736362650503,0.0051438102201705,0.0064118731581548,0.007475646110623,0.0079128429577139,0.0080391609089175,0.0081576979347763,0.0083275434892683,0.008255919908689,0.0084052876303699,0.0087659774709329,0.0093434263112674,0.0102216290776891,0.0114083341393699,0.012347612286322,0.0125254666593697,0.0120783401795166,0.0121641908076929,0.0127900832334374,0.0140858514746367,0.0155107374979168,0.0170641552921638,0.018426045120707,0.0196243401799724,0.020919066623636,0.022958092294211,0.0258773066577601,0.0284326406757932,0.0294382683033002,0.0291999571170089,0.0284430586511502,0.0273656772183719,0.0260577004123011,0.0248315698251287,0.024001810644117,0.0234337054254308,0.0231676889359246,0.0226279401439132,0.0219476137969284,0.0205175513421428,0.0189405303224776,0.0173375945891119,0.0158303088919926,0.0144589777732821,0.0134648424748408,0.0125968949029111,0.0118232300079622,0.0112574688337314,0.0105858675411081,0.0100089721557144,0.0093972742213938,0.0087854460623813,0.0081288857216796,0.0073545697032709,0.0067678423536342,0.0062787835229692,0.0058660363617942,0.0054689487198277,0.0051778639771187,0.0049203772049359,0.004681056777282,0.0044395225298646,0.0041945047719373,0.0039239629743853,0.0036347013773637,0.0034536890555359,0.0032353022471149,0.0029671696063642,0.0028021749216478,0.0026583743055483,0.0024871613917907,0.0023568715874822,0.002198257912672,0.002059633728078,0.0019538587220315,0.001827312877617,0.0017156452042592,0.0016072982605464,0.0014688368568173,0.00139385999042,0.0012999028751691,0.0012085502537574,0.0011520978497917,0.0010856181445449,0.0010127574293919,0.0009695879440063,0.0009165864943776,0.0008439211162626,0.0007707999517257,0.0007367787509505,0.0007031482242512,0.0006643412660464,0.0006269016671072,0.0006043727953977,0.0005664122976906,0.0005230474752671,0.0005120434887963,0.0004789013046918,0.0004695902392165,0.0004419826045205,0.0004180212611994,0.0004171096883557,0.0003999200290166,0.0003788236289187,0.0003763493597714,0.0003577923411668,0.0003468534670419,0.0003475697028477,0.0003309660546225,0.0003195062817298,0.000308502295259,0.0003105207779844,0.0003053117903059,0.000304856003884,0.0002892941531945,0.0002913777482659,0.0002905964001141,0.0002902708383842,0.0002907917371521,0.0002906615124601,0.0002780948296857,0.0003495230732272,0.0002637050012239,0.0,0.0,0.0,0.0,0.0,0.0,0.0,0.0,0.0,0.0,0.0,0.0,0.0,0.0,0.0,0.0,0.0,0.0,0.0,0.0,0.0,0.0,0.0,0.0,0.0,0.0,0.0,0.0,0.0,0.0,0.0,0.0,0.0,0.0,0.0,0.0,0.0,0.0,0.0,0.0,0.0,0.0,0.0,0.0,0.0,0.0,0.0,0.0,0.0,0.0,0.0,0.0,0.0,0.0,0.0,0.0,0.0,0.0,0.0,0.0,0.0,0.0,0.0,0.0,0.0,0.0,0.0,0.0,0.0,0.0,0.0,0.0,0.0,0.0,0.0,0.0,0.0,0.0,0.0,0.0,0.0,0.0,0.0,0.0,0.0,0.0,0.0,0.0,0.0,0.0
HNGH014,0.0,0.0,0.0,0.0,0.0,0.0,0.0,0.0,0.0,0.0,0.0,0.0,0.0,0.0,0.0,0.0,0.0,0.0,0.0,0.0,0.0,0.0,0.0,0.0,0.0,0.0,0.0,0.0,0.0,0.0,0.0,0.0,0.0,1.3071328805202296e-05,1.1840396496192214e-05,1.858121628362837e-05,1.4536724411166676e-05,1.611935166560821e-05,1.7819210568526896e-05,1.811228968971977e-05,1.928460617449128e-05,2.678743167702892e-05,2.965960706471911e-05,0.0004795067501836,0.0003816476316173,0.0003577909911522,0.0003567359063159,0.0004014011643857,0.0004808842220532,0.0005968849382214,0.0007108927163654,0.0007664019019193,0.0007620057151014,0.0007337235799063,0.0006527458187207,0.0006115095863689,0.0006273065510012,0.0006594280226839,0.0007382076904606,0.0008857437200691,0.0010902836387496,0.0012632296281655,0.0012670982725652,0.0010870890763286,0.0009570791781674,0.0009276540343996,0.0009462938665075,0.0010168966268029,0.001145411821446,0.0013354443236274,0.001724506857011,0.0022432569015223,0.0026597516406495,0.0025172565719256,0.001957915069129,0.0015355001317537,0.0014115862793133,0.0014764446888333,0.0016467822740706,0.0018745926749738,0.0023156181365449,0.0029379130345737,0.0039312167921206,0.0048683372821348,0.0050156974642706,0.0042893594782183,0.0037145140899106,0.0037619635996317,0.004413126791098,0.0054579538581507,0.0068004320806867,0.0079981878331778,0.0084764636510524,0.0085229166917615,0.0085826462166606,0.0085414392922209,0.0084553912622387,0.0084301864578161,0.0087363075999021,0.0093901378113712,0.0103683186862646,0.0114522425080843,0.0125177609610931,0.0126883330096274,0.0121310723685913,0.0121585631901592,0.0126215402779075,0.0137232540023837,0.0151482046896234,0.0167705734728987,0.0182456406898625,0.0195395263941048,0.020817673749539,0.0228054242732055,0.0254709202646305,0.0277978805631655,0.0285260942555935,0.0284273265917515,0.0277099275188956,0.0268232752535508,0.0257481144974547,0.0246945536725905,0.0238275084004535,0.0233255224816744,0.0229555980149047,0.0225607618228337,0.0217523030670231,0.0204749470252161,0.0190057706985883,0.0174764545362918,0.0160270317424324,0.0148431679402859,0.0137658090907809,0.0127749965057641,0.0120272930517769,0.0113603328956782,0.0107255821349987,0.0100728363162779,0.0094836300510318,0.0087913478588621,0.0081597916606035,0.0073617958294196,0.0067406732478755,0.0062902399465142,0.0058023218255523,0.0054457324587969,0.0050532115917833,0.0047809703961072,0.0044752302568788,0.0042097884968144,0.0039146578217732,0.0036648957946926,0.0034041726084795,0.0031864148214331,0.002897438807937,0.0026687784775823,0.0024987339714662,0.0023483843822942,0.0021792777293659,0.002052022774944,0.0019272883009643,0.0017908306621369,0.0016959902585189,0.0015816894012537,0.0014671540806915,0.0013353270919789,0.0012543493307933,0.0011546731216756,0.001073929823787,0.0010264216982416,0.0009601272010278,0.0009106554453705,0.0008505156097017,0.0008072864393257,0.0007274809946249,0.0006809986460037,0.000634867992328,0.0005891476494219,0.0005532747649879,0.0005286561188077,0.0004982345060278,0.0004831116233743,0.0004472387389403,0.0004187514483603,0.0003944258813013,0.0003738517269936,0.00036412150017,0.0003484710750983,0.0003349308196992,0.0003181666939669,0.0003002888675742,0.0002977097713077,0.0002889173976719,0.0002783079334847,0.0002755529897455,0.0002648849097341,0.0002532203607106,0.0002493517163108,0.000231942816512,0.0002362803875056,0.0002371596248692,0.0002343460653058,0.0002322358956332,0.0002244399910095,0.0002300084943121,0.0002286017145304,0.0002266087765063,0.0002917309572353,0.000202224593623,0.0,0.0,0.0,0.0,0.0,0.0,0.0,0.0,0.0,0.0,0.0,0.0,0.0,0.0,0.0,0.0,0.0,0.0,0.0,0.0,0.0,0.0,0.0,0.0,0.0,0.0,0.0,0.0,0.0,0.0,0.0,0.0,0.0,0.0,0.0,0.0,0.0,0.0,0.0,0.0,0.0,0.0,0.0,0.0,0.0,0.0,0.0,0.0,0.0,0.0,0.0,0.0,0.0,0.0,0.0,0.0,0.0,0.0,0.0,0.0,0.0,0.0,0.0,0.0,0.0,0.0,0.0,0.0,0.0,0.0,0.0,0.0,0.0,0.0,0.0,0.0,0.0,0.0,0.0,0.0,0.0,0.0,0.0,0.0,5.8615824238575323e-08,0.0,0.0,0.0,0.0,0.0,0.0,0.0
HNGH015,0.0,0.0,0.0,0.0,0.0,0.0,0.0,0.0,0.0,0.0,0.0,0.0,0.0,0.0,0.0,0.0,0.0,0.0,0.0,0.0,0.0,0.0,0.0,0.0,0.0,0.0,0.0,0.0,0.0,0.0,0.0,0.0,0.0,0.0,0.0,0.0,0.0,0.0,1.5916627967285605e-05,2.1852532126702348e-05,1.996144761573772e-05,1.9803857239824004e-05,2.269301413157552e-05,0.0003721759377828,0.0003091923175427,0.0002981084611034,0.0003029412326314,0.0003230077404978,0.0003757479863036,0.0004835923335538,0.000547941737052,0.0006105051162897,0.0006212212618518,0.0005855007766447,0.0005390116157502,0.0004913667920989,0.0005075460706927,0.0005351769166029,0.0006019952359904,0.0007071080167248,0.0008544287531415,0.0009687605708669,0.0009666593658547,0.0008316044136966,0.0007248631990778,0.0007242853676994,0.0007597694673426,0.0008153726049775,0.0008830051413072,0.0010103644301081,0.0013146714459975,0.0016896314804215,0.0019764984947098,0.0019045847531679,0.0015131302593982,0.0012337487879658,0.0011706075773497,0.0012620362604423,0.0013680420533069,0.0015744854457539,0.0019319529484515,0.002513093724696,0.003300940544014,0.0040445307327629,0.0041502213448757,0.0036946275681091,0.003284551144919,0.0034688793546127,0.004091282544284,0.0050460701018199,0.0062181747877408,0.0071468286079377,0.007497519724471,0.0074990430981049,0.0075618691279691,0.0076841067295529,0.0076106170842518,0.0077222698655867,0.008271997626899,0.0089871427527955,0.0098414139155611,0.0109194108819989,0.0119327432641867,0.0121532647302153,0.0117565046937899,0.0118699697644478,0.012586795854354,0.0138971072999512,0.0155457390175726,0.0171338560308431,0.0185115110970808,0.0195526581806175,0.0209542669839941,0.0230438891035474,0.0260156496173403,0.0286214852782616,0.0294205998094574,0.0291675621958653,0.0282473657258424,0.0270773097148084,0.0255746066852831,0.0242175959582901,0.0232477847849171,0.0228670464367095,0.0225205052000752,0.0221501415516154,0.0215464390865526,0.0205506780312791,0.0192184089933045,0.0177676582577054,0.0163456940307733,0.0150944789761437,0.0140742914126036,0.013180281210045,0.0124790565673543,0.0118867268744199,0.0114182106868284,0.0108728954560417,0.0103445474557283,0.0097054134211475,0.009017846611036,0.0082518260587821,0.0074917676757502,0.006989238232024,0.0065319109611224,0.0061022670662563,0.0057285677548395,0.0054088168821106,0.0051337691460159,0.0048398630949368,0.0045418071639586,0.004230723761905,0.003930461565664,0.0036640813002445,0.0033897952509667,0.0031001178749746,0.00289666869967,0.0027282045878183,0.0025315843288032,0.0023661144340938,0.0022668850273935,0.0021131030855644,0.0019711404219287,0.0018389220965371,0.0017182603987125,0.0015771644821444,0.0014352806136968,0.0013523355458409,0.0012755890327709,0.0011869181812568,0.0011160287771583,0.0010532815424819,0.0009870410544729,0.0009372424956841,0.0008381181492344,0.0007988256155066,0.0007426183814307,0.0006763778934216,0.0006504280115212,0.0006150227070659,0.0005742593298295,0.0005532472797077,0.0005023981184129,0.0004840125745563,0.0004524419692482,0.0004290660634877,0.0004086843748695,0.0003909817226419,0.0003667128047512,0.0003454381040028,0.0003406578626001,0.0003187528003481,0.0003132371371911,0.0003146554505743,0.0002880752071702,0.0002751527963453,0.0002599715901323,0.0002650144821615,0.0002527749629656,0.0002479947215628,0.000244737853794,0.0002401152027672,0.0002333388166029,0.0002295041174556,0.0002403253232684,0.0002993166539854,0.0002068636334494,0.0,0.0,0.0,0.0,0.0,0.0,0.0,0.0,0.0,0.0,0.0,0.0,0.0,0.0,0.0,0.0,0.0,0.0,0.0,0.0,0.0,0.0,0.0,0.0,0.0,0.0,0.0,0.0,0.0,0.0,0.0,0.0,0.0,5.253012530457296e-08,0.0,0.0,0.0,0.0,0.0,0.0,0.0,0.0,0.0,0.0,0.0,0.0,0.0,0.0,0.0,0.0,0.0,0.0,0.0,0.0,0.0,0.0,0.0,0.0,0.0,0.0,0.0,0.0,0.0,0.0,0.0,0.0,0.0,0.0,0.0,0.0,0.0,0.0,0.0,0.0,0.0,0.0,0.0,0.0,0.0,0.0,0.0,0.0,0.0,0.0,0.0,0.0,0.0,0.0,0.0,0.0,0.0,0.0,0.0,0.0
HNGH016,0.0,0.0,0.0,0.0,0.0,0.0,0.0,0.0,0.0,0.0,0.0,0.0,0.0,0.0,0.0,0.0,0.0,0.0,0.0,0.0,0.0,0.0,0.0,0.0,0.0,0.0,0.0,0.0,1.4791468064999312e-05,1.7297663650763315e-05,1.7199381470929432e-05,1.6413124032258375e-05,1.9656435966776497e-05,1.538116114400261e-05,1.896846070793932e-05,2.1720361743288023e-05,2.1302662478994023e-05,2.044269340544756e-05,2.206434937270661e-05,2.624134201564662e-05,2.452140386855368e-05,2.678189400473297e-05,4.108195117056288e-05,0.0006923488158397,0.0005486111278327,0.0004961775848913,0.0004859070970987,0.000518856197888,0.0006166223962777,0.0007830632678264,0.0009588409464593,0.0010765584273553,0.0010937332382813,0.0010422333760484,0.0009234102206292,0.0008256194516945,0.000809353750932,0.0008709275365979,0.0009662121099468,0.0011689682469441,0.0014749698138569,0.0017431327415337,0.0017551231674734,0.0015090737302593,0.0012670292918734,0.0012338836267244,0.001281452201764,0.0013767613456579,0.0015319734781606,0.0017895219304153,0.0023992645741047,0.0031511478203788,0.0037609887462481,0.0035961941012116,0.0028111897603334,0.0021992111970528,0.002046480689591,0.0021552544921221,0.0023993628562845,0.0027328834335508,0.0033691868363403,0.004371615929556,0.0057161407202285,0.0070175442044988,0.0072117252213056,0.006219296339888,0.0053292283487674,0.005316476235934,0.0060012327533816,0.0072681637630752,0.0089122772084263,0.0103836105816295,0.0111647573469492,0.011172570780246,0.0111202355194844,0.0109646302582624,0.0104795094186024,0.0101613945730251,0.0103686225492048,0.0108809921232238,0.0118353366599557,0.01304865474055,0.0141927084549063,0.0144654906450352,0.0138894587890288,0.0137298239584337,0.0141961237606555,0.0151793878288036,0.0165739873901014,0.0180576797474187,0.0196143220527176,0.0208375174923852,0.0222594149291319,0.0243924576486116,0.0271664721744229,0.0291771535800094,0.0296280230799974,0.0288674664313529,0.0276307817625031,0.0261403570758673,0.0245569328765636,0.0229690859791674,0.0218320102995793,0.0209536870289488,0.0202644095312288,0.0195235338890961,0.0185139547672975,0.0171062591055368,0.0157427658541564,0.0142694422668116,0.0129092906095455,0.0117389464120837,0.0107863463840438,0.0099831352693514,0.009294668599615,0.0086933536528464,0.0082105424444124,0.0075453932218417,0.0071036148234883,0.0065757658061455,0.0060544771243066,0.0055186918209422,0.0050833263348231,0.0047139819030073,0.004341467870892,0.0040707741770845,0.0038127588844756,0.0035999779651352,0.0034218906552762,0.0032430662290685,0.0030686645009533,0.0028988820352902,0.0026368617438531,0.0024467840080544,0.0023253072337797,0.0021425269498336,0.0020075118052868,0.0019071656996764,0.0017761555539579,0.0016820503667669,0.0015859795359793,0.0014978204206683,0.0013947224140226,0.0012857274765868,0.0011893617992597,0.0011108834786623,0.0010249357123976,0.0009759666162954,0.0009135328615559,0.0008479295065168,0.0007970684784527,0.0007607040719142,0.0006897689086191,0.0006417334932253,0.0006042879827086,0.0005606261243174,0.0005217309516481,0.00048512083966,0.000457896675846,0.0004533756955736,0.0004042346056567,0.0003854627093084,0.0003613344341592,0.0003522433325246,0.0003261494137787,0.000315338373997,0.0002970087474579,0.0002700302890935,0.0002553371032084,0.0002540594348705,0.0002470814001023,0.0002402507886039,0.0002416021685766,0.0002335184592853,0.0002113066866428,0.0002057537434822,0.0001983825799946,0.0001932719066433,0.0001878172456625,0.0001867852827742,0.0001868344238642,0.0001839350995591,0.0002414301747619,0.0001681608096957,0.0,0.0,0.0,0.0,0.0,0.0,0.0,0.0,0.0,0.0,0.0,0.0,0.0,0.0,0.0,0.0,0.0,0.0,0.0,0.0,0.0,0.0,0.0,0.0,0.0,0.0,0.0,0.0,0.0,0.0,0.0,0.0,0.0,0.0,0.0,0.0,0.0,0.0,0.0,0.0,0.0,0.0,0.0,0.0,0.0,0.0,0.0,0.0,0.0,0.0,0.0,0.0,0.0,0.0,0.0,0.0,0.0,0.0,0.0,0.0,0.0,0.0,0.0,0.0,0.0,0.0,0.0,0.0,0.0,0.0,0.0,0.0,0.0,0.0,0.0,0.0,0.0,0.0,0.0,0.0,0.0,0.0,0.0,0.0,0.0,0.0,0.0,0.0,0.0,0.0,0.0,0.0,0.0,0.0,0.0,0.0,0.0
HNGH017,0.0,0.0,0.0,0.0,0.0,0.0,0.0,0.0,0.0,0.0,0.0,0.0,0.0,0.0,0.0,0.0,0.0,0.0,0.0,0.0,0.0,0.0,0.0,0.0,0.0,0.0,0.0,0.0,0.0,0.0,1.3627713232456316e-05,1.288244766505636e-05,1.6395842482799003e-05,1.2669514645799232e-05,1.4106812525784858e-05,1.863163918499887e-05,1.4958544602813377e-05,1.565057691539905e-05,1.698140828575611e-05,2.076096937757017e-05,1.879133894944172e-05,2.3688798392355704e-05,2.863949109008397e-05,0.0003357953713684,0.0002750562276253,0.0002414128105827,0.0002488122330019,0.0002894292064252,0.000361719966463,0.0004698899402456,0.0005492074899189,0.000594189590237,0.0005900373963615,0.0005686642445535,0.0005109860129622,0.0004918752744839,0.0004914494084454,0.0005328116474361,0.0005987410335236,0.0006930969776819,0.0008522644095766,0.0009622176973955,0.0009478713352231,0.0008420968579071,0.0007505888928813,0.0007337139511052,0.0007482732462969,0.0008167578286155,0.0008941589811155,0.0010478433877643,0.001321675250529,0.0016841404825594,0.0019114997138712,0.0018769513314967,0.0014875766891577,0.001216619422153,0.0011351459256597,0.0012085013507938,0.0013377783101103,0.0015220186050225,0.0018765254654582,0.0023985307621671,0.0031608309711076,0.0038965677858958,0.0040862911060539,0.0035371368493898,0.003142811514353,0.0031864361666733,0.0037264609201368,0.0046233081806204,0.0058455703277837,0.0068906189696703,0.0073851026736402,0.0074330658362278,0.0075443233387897,0.0076495921001849,0.0075745864441516,0.0075924462011418,0.0080582904140216,0.0085862844518971,0.0094955882940072,0.0107091468040084,0.0118108356290174,0.0119954219400859,0.0115810542846115,0.0115462929692178,0.011976337818235,0.0130431588613406,0.0144377902875926,0.0159834710743801,0.0174838769779481,0.0187595853129449,0.0200339628165715,0.0219410175536657,0.0244450033936199,0.0264922212906402,0.0275046645639531,0.027652014213279,0.0272432360495601,0.0265629150530336,0.025531919990418,0.024617399289336,0.0238362012749364,0.0234771429712141,0.0231151568384769,0.0226664537336474,0.0220461798485513,0.0209177413129982,0.0195797234532412,0.0181641979744746,0.0166996446680241,0.0155048508803449,0.0145086437497504,0.0136200210271356,0.0129269506660811,0.0121881263225136,0.0115501789968193,0.0110160897512676,0.0104409044329992,0.009798192730999,0.0090807947724943,0.0084145007386114,0.0077967288164916,0.0073259339109141,0.006709253270518,0.0062899881556008,0.0059328462490517,0.0056126482213438,0.0053313637029052,0.0050442501430643,0.0047759811554277,0.0044525358991762,0.0041701867156412,0.0038964613193862,0.003666333958824,0.0034125177998695,0.0031856909011059,0.0030301433305385,0.0027683421833619,0.0026080568531161,0.0024784604942707,0.0023551456594934,0.0021988528233587,0.0020554956681438,0.0019007732130261,0.0017975273153138,0.0016741326306543,0.0015710730493339,0.0014754661236874,0.0013639690714789,0.0012675902636376,0.0012146764083522,0.0011411879000811,0.0010675929253004,0.0010105801093943,0.000957932420383,0.0008877177572829,0.0008291079437324,0.0007577753822813,0.0007273525771549,0.0006977548874782,0.0006410348544735,0.0006071252711568,0.0005972771190162,0.0005695958265128,0.0005312146497917,0.0004959210018498,0.0004707949055775,0.0004563686935228,0.0004327331283853,0.0004258128052594,0.000411013960421,0.0004031354387085,0.0003974927136982,0.0003666706591607,0.000354852876592,0.0003511797820098,0.0003417042626528,0.0003289282814974,0.0003299929465937,0.0003191865958664,0.0003132244713272,0.000306410614711,0.0003005549566814,0.0003128518385435,0.0003070494137687,0.0003114145406635,0.0002968286288444,0.0002906003380311,0.0002923038021852,0.0002842123474534,0.0002937411000652,0.00029379433332,0.0002984256264888,0.0002986917927629,0.0003010340559747,0.0003064638479658,0.0003047603838117,0.0003698646544496,0.0002842655807082,0.0,0.0,0.0,0.0,0.0,0.0,0.0,0.0,0.0,0.0,0.0,0.0,0.0,0.0,0.0,0.0,0.0,0.0,0.0,0.0,0.0,0.0,0.0,0.0,0.0,0.0,0.0,0.0,0.0,0.0,0.0,0.0,0.0,0.0,0.0,0.0,0.0,0.0,0.0,0.0,0.0,0.0,0.0,0.0,0.0,0.0,0.0,0.0,0.0,0.0,0.0,0.0,0.0,0.0,0.0,0.0,0.0,0.0,0.0,0.0,0.0,0.0,0.0,0.0,0.0,0.0,0.0,0.0,0.0,0.0,0.0,0.0,0.0,0.0,0.0,0.0,0.0,0.0,0.0,0.0,0.0
HNGH018,0.0,0.0,0.0,0.0,0.0,0.0,0.0,0.0,0.0,0.0,0.0,0.0,0.0,0.0,0.0,0.0,0.0,0.0,0.0,0.0,0.0,0.0,0.0,0.0,0.0,0.0,0.0,0.0,0.0,0.0,0.0,0.0,0.0,0.0,0.0,0.0,0.0,0.0,0.0,0.0,0.0,0.0,0.0,0.0,0.0,0.0,0.0,0.0002447656414691,0.0002978293698721,0.0003669698318308,0.0004230387535651,0.0004545197298612,0.000457083601095,0.0004409017908493,0.0004139180968812,0.0003908012251017,0.000400594372601,0.0004445584596581,0.0004928517063393,0.0005681286469886,0.0006670478428669,0.000730156902825,0.000721162338169,0.0006648202170409,0.0005997777459885,0.0005908882580224,0.0006233569552036,0.0006738357970349,0.0007298626880933,0.0008315348932472,0.0010834877803059,0.0013501934346276,0.0015628476396612,0.0015073461320524,0.001206448522835,0.0010025156830637,0.0009783480443851,0.0010476776443857,0.0012168300997978,0.0014029209176229,0.0017259897084107,0.0022171812030495,0.0029157520528885,0.0035584010883591,0.0037117920402852,0.0033032959006031,0.003003217889567,0.0031590256053609,0.0038754805078221,0.0048868226328381,0.0060457344611592,0.0070751077461632,0.0075207800187343,0.007653092586665,0.0078451097298009,0.0079831174543246,0.0079185793513838,0.0079964621939428,0.0084659448444468,0.0092089631341165,0.0104275585223048,0.0117114065349252,0.012715015015564,0.0129690484210829,0.012651779863578,0.0127299779362068,0.0134448777036573,0.0148647369836933,0.0165110785611546,0.0183178512287657,0.0200889188371465,0.0215960758311571,0.0233721661053154,0.0258754501196434,0.0292465204852365,0.032061882268588,0.0329137600090012,0.0324956808751997,0.0313029763834045,0.0299801869495045,0.0285256733771372,0.0271362443064983,0.0259564432322237,0.0251178682007527,0.0243190752040804,0.0235100687531492,0.0222948148037,0.0207249690564909,0.0189301751315292,0.0171706239283622,0.015560260609525,0.0142519927741702,0.0131024327712507,0.0121829066578755,0.0112792261093382,0.0105500359120603,0.0099418520308791,0.009307735222629,0.0085260697264116,0.0079100471241634,0.007306696770718,0.0067093568039352,0.0061643870594021,0.0057191140782526,0.0053098193557273,0.0049293997075883,0.0045974414288345,0.0042881376844245,0.004067518666296,0.0038603074337996,0.0035115368846606,0.0033044937748681,0.0030823826677429,0.0028663029626183,0.0026739916047507,0.0024774561639488,0.0023229934297857,0.002163529045183,0.0020130592252363,0.0018934399214463,0.0017509559299325,0.0016568912771279,0.0015530755074999,0.0014529584373566,0.0013385509373859,0.0012490255975853,0.0011620641290183,0.0010481609971592,0.0009909572471739,0.000913053389277,0.0008596113847903,0.0008177068008554,0.0007722716401397,0.0007226754425036,0.0006565191585383,0.0006189017035516,0.0005752738619022,0.0005300908852423,0.0004910023565969,0.0004623794662663,0.0004476266990033,0.0004056380537165,0.0003976942559596,0.0003876068937285,0.0003669698318308,0.0003445254508667,0.0003153981924245,0.0003027889896357,0.0002913566457738,0.0002807228847552,0.0002734515778137,0.0002695006942732,0.0002608844057008,0.0003124560451071,0.0002275540796623,0.0,0.0,0.0,0.0,0.0,0.0,0.0,0.0,0.0,0.0,0.0,0.0,0.0,0.0,0.0,0.0,0.0,0.0,0.0,0.0,0.0,0.0,0.0,0.0,0.0,0.0,0.0,0.0,0.0,0.0,0.0,0.0,0.0,0.0,0.0,0.0,0.0,0.0,0.0,0.0,0.0,0.0,0.0,0.0,0.0,0.0,0.0,0.0,0.0,0.0,0.0,0.0,0.0,0.0,0.0,0.0,0.0,0.0,0.0,0.0,0.0,0.0,0.0,0.0,0.0,0.0,0.0,0.0,0.0,0.0,0.0,0.0,0.0,0.0,0.0,0.0,0.0,0.0,0.0,0.0,0.0,0.0,0.0,0.0,0.0,0.0,0.0,0.0,0.0,0.0,0.0,0.0,0.0,0.0,0.0,0.0,0.0,0.0,0.0,0.0,0.0,0.0,0.0,0.0,0.0,0.0
HNGH019,0.0,0.0,0.0,0.0,0.0,0.0,0.0,0.0,0.0,0.0,0.0,0.0,0.0,0.0,0.0,0.0,0.0,0.0,0.0,0.0,0.0,0.0,0.0,0.0,0.0,0.0,0.0,0.0,0.0,0.0,0.0,0.0,0.0,0.0,0.0,0.0,0.0,0.0,0.0,0.0,0.0,0.0,0.0,0.0,0.0,0.0,0.0,0.0002143178929752,0.0002441850479515,0.0002850661212487,0.0003362484475639,0.0003571748923737,0.0003644311209146,0.0003484933332266,0.0003377385659249,0.0003114995252191,0.0003212176884435,0.0003455130965045,0.0003639776066308,0.0004492382919861,0.0005260117814588,0.0006049880545957,0.0006080330790727,0.0005347581283608,0.0004939418428183,0.0005014572223785,0.0005045670346103,0.0005461607732107,0.0006032711790927,0.0007061217398842,0.0009194030287821,0.001181663860331,0.0014112068756911,0.0013841903819273,0.0010945243300857,0.0009025582125265,0.0008386774862649,0.0009257846226328,0.001026270430373,0.0012056353296179,0.0015328782792605,0.0019904094038648,0.002661448574509,0.003315837292162,0.0034589210487025,0.0030651734687276,0.0027929677168124,0.0029949759363701,0.0035896303440705,0.0045926095765825,0.0057028125433369,0.0065909878742914,0.0070274629785762,0.0071372782230118,0.0072502356735566,0.007379487244441,0.0074416834890771,0.0075311229846189,0.0080859977108542,0.0088217598485728,0.0099978195681112,0.0112288193037447,0.0121844710813539,0.0124490642720766,0.0122505869851572,0.0124900425270062,0.0133888430497526,0.0149754951655215,0.016683138413434,0.0184197741816326,0.0200977770317107,0.0215727350581539,0.0234256000585163,0.0263762611705832,0.0304865259124618,0.0338647862064019,0.034795980606563,0.0341973741458179,0.0328091669230912,0.0311279246852716,0.0293853608375061,0.0276755148059294,0.0263902877195037,0.0256661873776543,0.025122164600353,0.024426765233893,0.023297611848851,0.0216825503025895,0.0198382048919873,0.0178605910697012,0.0159690153858284,0.0144883884308376,0.0132083767586757,0.0122395082790814,0.0113760170827168,0.0106608250571565,0.0099693453498637,0.0093591094871268,0.0084884916377311,0.0078067300936626,0.0070919591885087,0.0064246777076446,0.005860635514101,0.0054185886629009,0.0050077695095285,0.0046081586377415,0.0043254896634214,0.0040403587544178,0.0038681529020816,0.0035703883808863,0.0033144119615558,0.0031169712787136,0.0028692552981239,0.0026899227927565,0.0024776781079358,0.0023200495004361,0.0021804318887791,0.0020276623628916,0.0019400693183625,0.0017821167720887,0.0016783591827296,0.0015598623791469,0.0014729496060434,0.0013597006106019,0.0012675724232346,0.0012021691847345,0.0010767724852624,0.0010213789548834,0.0009479744286618,0.0008928076554247,0.0008384183352455,0.0007812107477313,0.0007387747683181,0.0006723025318633,0.000642824103416,0.0006049232668409,0.0005563972384737,0.0005290568059358,0.0004999023162626,0.0004694520714928,0.0004236471288286,0.00041172618194,0.0003823773290023,0.0003705211698686,0.0003433751005951,0.0003252345292429,0.0003164233945861,0.0002990602762919,0.0002926462885638,0.0002858435743067,0.0002586975050332,0.0002579200519753,0.0002614185907361,0.0003083897129873,0.0002198248521357,0.0,0.0,0.0,0.0,0.0,0.0,0.0,0.0,0.0,0.0,0.0,3.2393877414635574e-08,0.0,0.0,0.0,0.0,0.0,0.0,0.0,0.0,0.0,0.0,0.0,0.0,0.0,0.0,0.0,0.0,0.0,0.0,0.0,0.0,0.0,0.0,0.0,0.0,0.0,0.0,0.0,0.0,0.0,0.0,0.0,0.0,0.0,0.0,0.0,0.0,0.0,0.0,0.0,0.0,0.0,0.0,0.0,0.0,0.0,0.0,0.0,0.0,0.0,0.0,0.0,0.0,0.0,0.0,0.0,0.0,0.0,0.0,6.478775482927116e-08,0.0,0.0,0.0,0.0,0.0,0.0,0.0,0.0,0.0,0.0,0.0,0.0,0.0,0.0,0.0,0.0,0.0,0.0,0.0,0.0,0.0,0.0,0.0,0.0,0.0,0.0,0.0,0.0,0.0,0.0,0.0,0.0,0.0,0.0,0.0
HNGH020,0.0,0.0,0.0,0.0,0.0,0.0,0.0,0.0,0.0,0.0,0.0,0.0,0.0,0.0,0.0,0.0,0.0,0.0,0.0,0.0,0.0,0.0,0.0,0.0,0.0,0.0,0.0,1.1718778408343798e-05,9.650758689224303e-06,1.2132382352167695e-05,1.4269336061924506e-05,1.0271164604960152e-05,1.364893014618866e-05,1.4545072024473773e-05,1.709562967805448e-05,1.6337355781044e-05,1.7233497659329113e-05,1.4476138033836456e-05,1.557908188403352e-05,2.4402632685610023e-05,2.564344451708172e-05,2.5160906582620508e-05,2.612598245154293e-05,0.0003511497483064,0.0002865585990793,0.0002626385043281,0.0002698076393544,0.0003001385952348,0.0003392931019168,0.0004231857685224,0.0004912925512721,0.0005323082757013,0.0005518165950517,0.000519624421424,0.0004832962083582,0.0004516555066556,0.0004474505332268,0.0004833651423488,0.0005336180215234,0.0006537699672043,0.0007931544962729,0.0009257834942591,0.0009629389152126,0.0008271389536571,0.0007358014160627,0.0007136736050681,0.0007337333963435,0.0007739908468757,0.000885215840769,0.0010280126023743,0.0013545873830185,0.0017632625465119,0.0021352992939815,0.0020888377842919,0.0015959597512351,0.0012525995438706,0.00114599312735,0.0011874569227184,0.0013011290732793,0.0015157205861333,0.0018656984565989,0.0023951804386841,0.0031598651968239,0.0039901061800597,0.004136590910164,0.0035492733099341,0.0030242031032497,0.0030539136532143,0.0035300407265463,0.004410672456938,0.0056182236379272,0.0066711558779169,0.0071685835543558,0.0071537282793734,0.0072019476058242,0.0072449968829772,0.0070917566217905,0.0069800146229674,0.0074918495034495,0.0080430801595808,0.0088839369773747,0.0101019661249408,0.0111376993342665,0.0113264750676268,0.0108575860633118,0.0106815975852147,0.0111381129382103,0.0120659644521886,0.0133052597358663,0.0148820903046996,0.0163651361792708,0.0175825104539258,0.0187296065251261,0.0205486711370589,0.0228680931200327,0.0250756697031974,0.0260066577137497,0.0262925269729226,0.0259160784500523,0.0252943627884943,0.0244742895688775,0.0237926358024604,0.0232836961495851,0.0230003774480657,0.0229745961355673,0.0228545131238771,0.0224382552214137,0.021405761909648,0.0201002555279631,0.0186297556396879,0.0174434705948103,0.0162036238392076,0.0152808045065458,0.0145262530450297,0.013757570115433,0.0132353262023647,0.0125652188793794,0.0119924808181692,0.0114650323888078,0.0107717632449683,0.0100166603115271,0.0092631428598706,0.0085805584845799,0.0081047760812012,0.0075988005899233,0.0070927216976594,0.0065908477788244,0.0062643074651754,0.0059659266867018,0.0056853308778126,0.0053726462962818,0.0050597893797743,0.0047158777004847,0.0044532047291612,0.0041296285771097,0.0038631297693058,0.0036387496297813,0.0034281562883843,0.003200329449328,0.0030582564946245,0.0028239843274436,0.0026620239164412,0.0024861733063254,0.0023048079769586,0.0021988564333491,0.0020405150568552,0.0018833455582021,0.0017822883279278,0.0016597926265653,0.0015608723500007,0.0014685697365373,0.00140287564346,0.0012746584208746,0.0012020709287335,0.001124037651332,0.0010730264982604,0.0009767946473307,0.0009273689760438,0.000882286146167,0.0008210038284904,0.0007782647542953,0.0007194295932863,0.0006683839732194,0.000651357277532,0.0006055161737581,0.000582354352904,0.0005633975054787,0.0005223817810495,0.0005030802636711,0.0004872943798151,0.0004398677942567,0.0004313199794176,0.0004295966296517,0.0004111912541515,0.0003990588717994,0.0003801709583648,0.0003717265445117,0.0003354327984411,0.0003382590920573,0.0003379833560947,0.0003336405146846,0.000310754429793,0.0003179235648193,0.0003113059017181,0.0003082038721394,0.0003000007272536,0.0002995871233097,0.0002911082424613,0.0002901431665924,0.0002843527113789,0.0002833187015193,0.0002854556552291,0.0002869722030231,0.0002912461104426,0.0002920043843396,0.0002988288494127,0.0002993803213378,0.0002799409359781,0.0002981395095063,0.0002779418502496,0.0002440952608467,0.0002488517062007,0.0003218528022856,0.0002445777987811,0.0,0.0,0.0,0.0,0.0,0.0,0.0,0.0,0.0,0.0,0.0,0.0,0.0,0.0,0.0,0.0,0.0,0.0,0.0,0.0,0.0,0.0,0.0,0.0,0.0,0.0,0.0,0.0,0.0,0.0,0.0,0.0,0.0,0.0,0.0,0.0,0.0,0.0,0.0,0.0,0.0,0.0,0.0,0.0,0.0,0.0,0.0,0.0,0.0,0.0,0.0,0.0,0.0,0.0,0.0,0.0,0.0,0.0,0.0,0.0,0.0,0.0,0.0,0.0,0.0,0.0,0.0,0.0,0.0,0.0,0.0,0.0,0.0,0.0,0.0,0.0,0.0
HNGH021,0.0,0.0,0.0,0.0,0.0,0.0,0.0,0.0,0.0,0.0,0.0,0.0,0.0,0.0,0.0,0.0,0.0,0.0,0.0,0.0,0.0,0.0,0.0,0.0,0.0,0.0,0.0,0.0,0.0,0.0,0.0,0.0,0.0,1.5131747077891508e-05,1.730755384726153e-05,1.4439444924001049e-05,1.6714152001069706e-05,1.5626248616384694e-05,1.770315507805608e-05,1.8889958770439728e-05,2.0867964924412472e-05,1.9582260924330187e-05,2.3043771693782493e-05,0.0003421950646372,0.0002748439550945,0.0002635693200168,0.0002642616221707,0.0002882943969415,0.0003334918375598,0.000407914319103,0.0004553370166445,0.0004940070369546,0.0004996443544935,0.0004623589384911,0.0004469304904901,0.0004184472018729,0.0004195351052576,0.00046928196003,0.0005130947963405,0.0005862315738836,0.0007014009821987,0.0008068287102054,0.0008062353083592,0.000720983243123,0.0006359289785022,0.0006498244717338,0.0006688627809658,0.0007253348566618,0.0007964441778971,0.0009154212480585,0.0011857157889989,0.0014752958899405,0.0016952501742623,0.0016397671016434,0.0013611649348563,0.0010997714216088,0.001054079479452,0.0011096614523787,0.0012369955985407,0.0014049777711668,0.0017111731238018,0.0022033010549102,0.0028939219035698,0.0034975104814546,0.0036105535331541,0.0032542157245159,0.0028605924998753,0.0029864925915757,0.003509180717763,0.0043470641245859,0.0054544508698875,0.0064580417422594,0.0067998906558198,0.0068468188518228,0.0068642747561316,0.0069473510145984,0.00695996080383,0.007094514672454,0.0074371053383221,0.0083004061242235,0.0091807672132029,0.0103495710495854,0.0112962942450306,0.0114993365767359,0.0111380043025589,0.0111325153354817,0.0116575770690537,0.0128802321229781,0.0143505335473799,0.0160467232745654,0.0176104854897424,0.0187607949685853,0.0203182770142234,0.0222826349257337,0.0250616346717577,0.0274086378737541,0.0283534325131992,0.0284159375076647,0.0277626020750075,0.0270075971260361,0.0260529124558212,0.0250885850056056,0.0243472777492505,0.0238841276082978,0.0234709221227329,0.0229496186008533,0.0220824607029517,0.0210464799798085,0.0196925347674141,0.0182387991445518,0.0167610307469188,0.0155622601173036,0.0146111358581658,0.0137123298618006,0.0129081220097491,0.0121655290493939,0.0115427538118156,0.0109641870117786,0.010407477179743,0.009816745641859,0.0091744375935102,0.0085706017648562,0.0079753208128181,0.0075401100087902,0.006858241837362,0.0064523549745667,0.0060545779370028,0.005759162717907,0.0054918351861976,0.0051925628551015,0.0050103884883206,0.0047012261264547,0.0044049208045896,0.0041607359448816,0.0039016171387112,0.0036930858399286,0.0033960387657558,0.0032730067829787,0.0029732399503441,0.002839378383874,0.0026905828709414,0.0025581553589329,0.0023984313619996,0.0022784652887612,0.002120323696751,0.0020061927416668,0.0018345512576558,0.0017663594954976,0.0016435253133359,0.0015313723644057,0.0014082414813208,0.0013365387582393,0.0012911435170057,0.0012095507631543,0.0011622764160743,0.0010620904043756,0.0010163984622188,0.0009309485963672,0.0008680480006709,0.0008209220040525,0.0007759718142035,0.0007254337569695,0.0007039723901989,0.0006593683514268,0.0006277202529632,0.0006173357206548,0.0005563142308048,0.0005239738301873,0.0004892598221851,0.0004777873864921,0.0004604798326448,0.0004368426591048,0.0004346668523355,0.0004355569551047,0.0003994583427947,0.0003966891341792,0.0003741398640239,0.0003591070172537,0.0003528762978687,0.0003378434510985,0.0003160853834048,0.0003135139754046,0.0003192501932512,0.0003159864830971,0.0003126238726353,0.0003190523926358,0.0003106458664814,0.0002925471101725,0.0002859207895567,0.0002829537803258,0.0002872064935568,0.0002929427114033,0.0002802834720179,0.0002787010670947,0.0003616784252539,0.0002644594227861,0.0,0.0,0.0,0.0,0.0,0.0,0.0,0.0,0.0,0.0,0.0,0.0,0.0,0.0,0.0,0.0,0.0,0.0,0.0,0.0,0.0,0.0,0.0,0.0,0.0,0.0,0.0,0.0,0.0,0.0,0.0,0.0,0.0,0.0,0.0,0.0,0.0,0.0,0.0,0.0,0.0,0.0,0.0,0.0,0.0,0.0,0.0,0.0,0.0,0.0,0.0,0.0,0.0,0.0,0.0,0.0,0.0,0.0,0.0,0.0,0.0,0.0,0.0,0.0,0.0,0.0,0.0,0.0,0.0,0.0,0.0,0.0,0.0,0.0,0.0,0.0,0.0,0.0,0.0,0.0,0.0,0.0,0.0,0.0,0.0
HNGH022,0.0,0.0,0.0,0.0,0.0,0.0,0.0,0.0,0.0,0.0,0.0,0.0,0.0,0.0,0.0,0.0,0.0,0.0,0.0,0.0,0.0,0.0,0.0,0.0,0.0,0.0,0.0,0.0,0.0,0.0,0.0,0.0,0.0,0.0,0.0,0.0,0.0,0.0,1.118238000595509e-05,1.775281797555582e-05,1.6299740347663354e-05,1.674198136484802e-05,2.040626407866381e-05,0.0003370192437387,0.0002832553715067,0.0002767796994694,0.0002778537133683,0.0003084946981303,0.0003494967581522,0.0004279629500584,0.0004989742219606,0.0005555810721602,0.0005613302053836,0.0005255718602798,0.0004809686948324,0.0004559504887173,0.0004677014643168,0.0004893712741589,0.0005536857535152,0.0006584968745879,0.0007826402458405,0.0009237151303224,0.0009206826204903,0.0007987504543236,0.0007137454130919,0.0007088807619029,0.0007331092519158,0.0007938858031346,0.0008750054411439,0.0010154485527441,0.001315919735277,0.0017034492209071,0.0020144710105643,0.0019388793852698,0.0015496757015032,0.0012758021572895,0.0011832158414775,0.0012730223566101,0.0014052524207483,0.0016143692445885,0.0019906531729245,0.0025658823817054,0.0034035500455413,0.0041599717167916,0.0043298554446787,0.0038362512922124,0.0033615371489088,0.003472855530663,0.0040623628065701,0.0049939119206255,0.0061899211629574,0.0072539214616596,0.0077293621437772,0.0078526210329954,0.0079380999038883,0.0080094270622314,0.0079210736247267,0.0079793230844188,0.008556163314048,0.0091754270926829,0.0101104825462317,0.0112686485929501,0.0122385779095684,0.0124516749025632,0.0120931753808469,0.0121905947592038,0.0127756796249391,0.0139782908938847,0.0154718019862054,0.0171473584343859,0.0186476926738289,0.0199131969331469,0.0213098888313484,0.0234479346175717,0.0264645237730765,0.0287242806049579,0.0295385726721712,0.0293061434289965,0.0285388236755371,0.0276733264162626,0.0264421590130646,0.02535115042367,0.0243811263411195,0.0238920393647574,0.0235106696647238,0.0230032296861485,0.0221428813758598,0.0209158520850368,0.019379380436761,0.017892502959698,0.0164277059448501,0.0152098057721676,0.014155724307708,0.0132231327683978,0.012421349804242,0.0117688547720301,0.0110615218536873,0.0104674658130319,0.0097952594669113,0.0091014464882367,0.008450530888229,0.0076495692288194,0.0070477423817193,0.006524255371949,0.0060208903284606,0.0056356036365605,0.0052492429307615,0.0048886585585356,0.0045638957087016,0.0043181992350114,0.0040032288648437,0.003752857271829,0.0034939567449115,0.0032440905702021,0.0029692377780219,0.0027285638987412,0.0025189100679515,0.0023786880768599,0.0022229560615228,0.0020663079755071,0.001943080674933,0.0018202008494439,0.0017294150863447,0.0015898564567788,0.0014798647980762,0.0013494036980067,0.0012547325316851,0.0011671372216384,0.0011075610388949,0.0010309269883456,0.0009763418113674,0.0009069731489575,0.0008650866069013,0.0008118913302628,0.0007511779563322,0.000706701145461,0.0006636774122178,0.0006223594657551,0.0005888755030254,0.0005536857535152,0.0005032071002679,0.000480463276527,0.0004504540646466,0.0004398402802342,0.0004224665259876,0.0004142534785256,0.0003843706212216,0.0003491808717113,0.0003481700351006,0.0003167077455923,0.0003171499866095,0.0003124116899968,0.0003024928557543,0.0002944377515127,0.0002803176276069,0.0002786750181145,0.0002657868513279,0.000259090058782,0.000249392345048,0.0002379888445335,0.0002276277692737,0.0002425376092817,0.0002487289835222,0.0002389996811442,0.0002363462350411,0.0002887833842215,0.0002168876302849,0.0,0.0,0.0,0.0,0.0,0.0,0.0,0.0,0.0,0.0,0.0,0.0,0.0,0.0,0.0,0.0,0.0,0.0,0.0,0.0,0.0,0.0,0.0,0.0,0.0,0.0,0.0,0.0,0.0,0.0,0.0,0.0,0.0,0.0,0.0,0.0,0.0,0.0,0.0,0.0,0.0,0.0,0.0,0.0,0.0,0.0,0.0,0.0,0.0,0.0,0.0,0.0,0.0,0.0,0.0,0.0,0.0,0.0,0.0,0.0,0.0,0.0,0.0,0.0,0.0,0.0,0.0,0.0,0.0,0.0,0.0,0.0,0.0,0.0,0.0,0.0,0.0,0.0,0.0,0.0,0.0,0.0,0.0,0.0,0.0,0.0,0.0,0.0,0.0,0.0,0.0,0.0,0.0,0.0
HNGH023,0.0,0.0,0.0,0.0,0.0,0.0,0.0,0.0,0.0,0.0,0.0,0.0,0.0,0.0,0.0,0.0,0.0,0.0,0.0,0.0,0.0,0.0,6.505933460110121e-08,0.0,0.0,0.0,1.3076926254821344e-05,1.5744358973466492e-05,1.4833528289051075e-05,1.4378112946843368e-05,1.4573290950646672e-05,1.4833528289051075e-05,2.003827505713917e-05,1.6199774315674203e-05,1.60045963118709e-05,1.6394952319477507e-05,1.6850367661685215e-05,1.3792578935433457e-05,2.094910574155459e-05,2.8300810551479028e-05,2.368159779480084e-05,2.244547043737992e-05,2.569843716743498e-05,0.0003669997064848,0.0003031764992411,0.0002904248696593,0.0002949139637467,0.0003157980101537,0.0003593877643364,0.0004548948675308,0.0005242481182156,0.000568228228406,0.0005741486278547,0.0005658860923603,0.0005097398865996,0.0004756487952686,0.0004767548039568,0.0005003062830824,0.000559250040231,0.0006626943822468,0.0008233909387115,0.0009680178395297,0.000974003298313,0.00084401474778,0.0007243706314486,0.0007140912565816,0.0007366017863536,0.0007691314536542,0.0008771624787593,0.0010396481669255,0.0013720363074026,0.0018619656266162,0.0022415543143463,0.0021482917581956,0.0016460987544097,0.0012892157744554,0.0011756221762418,0.0012395104428201,0.001376200104817,0.0015813321868143,0.0020149526519307,0.0026247863248141,0.0035764092120244,0.0044749111525329,0.0046018419143396,0.0038957529559139,0.0033538737580213,0.003407092293725,0.0039831927016178,0.0051024734940951,0.006585045610985,0.0078384136920752,0.0082204421048529,0.0081689801711834,0.0081261711290159,0.0082056411062311,0.0080668044861924,0.0082088615432939,0.0084871528470501,0.0090910010611502,0.0100850101048532,0.0113534394219035,0.0125765549124042,0.0126308794567961,0.0119186098615833,0.011627209101905,0.0121403971332384,0.0132400950660009,0.0147831073047352,0.0165491429424821,0.0182117992975478,0.0192647846280666,0.020116411317995,0.0216446550877749,0.0237701760788602,0.0256686399921876,0.0265509096287132,0.0266865908710238,0.0262337453725328,0.0255745641943544,0.0248433298031054,0.0240403349657913,0.0232903634861771,0.0229665306482001,0.0225840142904129,0.0220161113586799,0.0211705677165367,0.0199213634328609,0.0186214779275309,0.0172875338605373,0.016138065536805,0.0150252581481205,0.0141079215302449,0.0132586044466949,0.0124543409523561,0.0118944077891117,0.0112805729671503,0.0107096773060256,0.0101182554248343,0.0094984676737569,0.008876890790978,0.0082303961830469,0.0076872808577969,0.0072520989686501,0.0066100934548064,0.006208612300983,0.005838229509099,0.0055424697740024,0.0052364631937061,0.004968678972488,0.0047225920393593,0.0044462850453084,0.0041706937039381,0.0039221670457619,0.0036729572645724,0.0034250486700749,0.0031887531668037,0.003003269003856,0.002767428915927,0.0026151900729604,0.0025094686542336,0.002349650398786,0.0022061620363233,0.0020779951471591,0.0019103372418921,0.0018189288767775,0.0016850692958358,0.0015572602330119,0.0014853046089431,0.001385178292992,0.0012996252679915,0.0012026218001013,0.0011402298982188,0.0010638502393972,0.0010259206473247,0.0009520132432179,0.0008928092487309,0.0008332799575709,0.0007919672800992,0.0007394643970761,0.0006993878469618,0.0006580751694901,0.0006183239160488,0.0005872255541095,0.0005665366857063,0.0005286070936339,0.0005112362512954,0.0004927594002687,0.0004510563667894,0.0004332301091087,0.000427960303006,0.0004109798166751,0.0003995293737853,0.0003999197297929,0.0003765634286711,0.0003671948844886,0.0003531420682147,0.0003458554227394,0.000334014623842,0.0003310218944504,0.0003225641809522,0.0003316724877964,0.0003084463053438,0.0002961500911042,0.0003106583227202,0.0002988825831574,0.0003003138885186,0.0002946537264083,0.0003034367365795,0.0002798852574539,0.0002871719029292,0.0002947513154102,0.0002877574369406,0.0002941983110661,0.0003023307278913,0.0002886032082904,0.0002921814716935,0.0003004440071878,0.0002951742010851,0.0003113089160662,0.00030825112734,0.0003822235907814,0.0003032415585757,0.0,0.0,0.0,0.0,0.0,0.0,0.0,0.0,0.0,0.0,0.0,0.0,0.0,0.0,0.0,0.0,0.0,0.0,0.0,0.0,0.0,0.0,0.0,0.0,0.0,0.0,0.0,0.0,0.0,0.0,0.0,0.0,0.0,0.0,0.0,0.0,0.0,0.0,0.0,0.0,0.0,0.0,0.0,0.0,0.0,0.0,0.0,0.0,0.0,0.0,0.0,0.0,0.0,0.0,0.0,0.0,0.0,0.0,0.0,0.0,0.0,0.0,0.0,0.0,0.0,0.0,0.0,0.0,0.0,0.0,0.0,0.0,0.0,0.0,0.0,0.0,0.0,0.0
HNGH024,0.0,0.0,0.0,0.0,0.0,0.0,0.0,0.0,0.0,0.0,0.0,0.0,0.0,0.0,0.0,0.0,0.0,0.0,0.0,0.0,0.0,0.0,0.0,0.0,0.0,0.0,0.0,0.0,0.0,0.0,0.0,0.0,0.0,0.0,0.0,0.0,0.0,0.0,0.0,1.7755804007232812e-05,1.6284909000716483e-05,1.880644329760161e-05,2.0802657949302346e-05,0.0002794700512381,0.0002265178310035,0.0002057151730542,0.0002159063741707,0.0002485812561012,0.000293653681658,0.000373292139868,0.0004520900866456,0.0004819282424921,0.0005049372429512,0.0004849750964342,0.000438746967658,0.0004096442593147,0.0004073328528759,0.0004511445112843,0.0005018903890091,0.0006015960576651,0.0007381791654131,0.0008465000762501,0.0008430329665919,0.0007471095993812,0.0006223987156144,0.0006215582041821,0.0006264962088469,0.0007145397813798,0.0008079416142936,0.000934438584854,0.0011882730374071,0.001572596889824,0.001851751749275,0.0018145591183959,0.0013925173154548,0.0010870964737446,0.0010394499819263,0.0010979180584354,0.0012156947228857,0.0014093800760652,0.0017532017838384,0.00228755692692,0.0030630337871412,0.0038540601088598,0.0040228978428221,0.0034590722676457,0.003042651384908,0.0030964966485394,0.0036148295424429,0.0045332984100833,0.0057623362519567,0.0067703195871365,0.0072492535076512,0.007265853608439,0.0073650864894143,0.0074621655598444,0.0073996525220674,0.0073734916037373,0.0076759181234699,0.0083257910565275,0.0092525074425974,0.0103153341487344,0.0112640614279375,0.011534653577172,0.0111621494167717,0.0111399283957804,0.0116893076807142,0.0128101296756797,0.0143126489248361,0.0159175004408745,0.0174584205560939,0.0186884565052932,0.0199325184890189,0.0217666720301802,0.0245241799116822,0.0270836948189141,0.0283373176201822,0.0285108832309511,0.0280756033729513,0.027368313002675,0.0264962823916689,0.0252646179515696,0.0244606687665794,0.0240636847107135,0.0238971058512255,0.0236712184037962,0.0230756109900862,0.0219606200431823,0.0205277056470128,0.0188221503549926,0.0173993220960106,0.0160524550577223,0.0149312128070407,0.0140151078778037,0.0131877294366382,0.0125873941461215,0.0119980380361891,0.0113544164069092,0.0107167308896198,0.0100138532043631,0.0093250540855973,0.0085627102165057,0.0079485064873561,0.0072148450708916,0.0067235661387151,0.0062545607594945,0.0059126827344085,0.0055772136089937,0.0053567369539098,0.0050856194850302,0.0047905474403301,0.0044397915132404,0.004162317676654,0.0038414524373754,0.0036070548116941,0.0033953509946848,0.0030542084171021,0.0029107961539667,0.0027222064013455,0.0025603028866997,0.0024744656566766,0.0022937556987331,0.002133953462668,0.0020183831407275,0.0018466036167522,0.0017329244455343,0.0015773772985952,0.0014551354171607,0.001395984425113,0.001287663514276,0.0012171656178922,0.0011318537075143,0.0010847850673057,0.0009845540790046,0.0009453652334738,0.0008447139894565,0.0008020580342675,0.0007479501108135,0.0006936320595014,0.0006652647986615,0.0006243949302661,0.0005976036283617,0.0005737541164704,0.0005182803619389,0.0004945359139765,0.0004662737170656,0.0004407431823097,0.0004157379671989,0.0004023948482112,0.0003977720353336,0.0003699300941388,0.0003573749546189,0.0003427185365183,0.000344924879028,0.0003228614539303,0.000319289280343,0.0003064714810005,0.0002905542957514,0.0002845131198318,0.0002766333251541,0.0002784194119477,0.0002816763937478,0.0002626598225922,0.0002696991058376,0.0002724307679926,0.0002746371105024,0.0003503882033379,0.0002444837628688,0.0,0.0,0.0,0.0,0.0,0.0,0.0,0.0,0.0,0.0,0.0,0.0,0.0,0.0,0.0,0.0,0.0,0.0,0.0,0.0,0.0,0.0,0.0,0.0,0.0,0.0,0.0,0.0,0.0,0.0,0.0,0.0,0.0,0.0,0.0,0.0,0.0,0.0,0.0,0.0,0.0,0.0,0.0,0.0,0.0,0.0,0.0,0.0,0.0,0.0,0.0,0.0,0.0,0.0,0.0,0.0,0.0,0.0,0.0,0.0,0.0,0.0,0.0,0.0,0.0,0.0,0.0,5.253196451844027e-08,0.0,0.0,0.0,0.0,0.0,0.0,0.0,0.0,0.0,0.0,0.0,0.0,0.0,0.0,0.0,0.0,0.0,0.0,0.0,0.0,0.0,0.0,0.0,0.0,0.0
HNGH025,0.0,0.0,0.0,0.0,0.0,0.0,0.0,0.0,0.0,0.0,0.0,0.0,0.0,0.0,0.0,0.0,0.0,0.0,0.0,0.0,0.0,0.0,0.0,0.0,0.0,0.0,0.0,0.0,0.0,0.0,0.0,0.0,0.0,0.0,0.0,0.0,0.0,0.0,0.0,0.0,1.4108549476919447e-05,1.3865298623869112e-05,2.2683142046943767e-05,0.0003187802429224,0.0002487239972439,0.0002304801832651,0.0002368047054445,0.0002562647736885,0.0003187194302092,0.0003962556396189,0.0004632712496343,0.0004708120260789,0.0004776230499643,0.0004568251020285,0.0004483113221717,0.0004057424228879,0.0004138913264651,0.0004470342551932,0.0004798123076417,0.0005812479133637,0.0006975218211218,0.0007803487365854,0.0007622265480332,0.0006854809038958,0.0006022891121526,0.0006003431053282,0.0006267358228841,0.0006821970173796,0.0007534695173234,0.0008710813047732,0.0010833176740596,0.001370110429806,0.0015561973323895,0.0014979387530839,0.0012223355365779,0.0009882065905169,0.000928002004387,0.0010270051015785,0.0011369544871572,0.00128071574131,0.0015493863085041,0.0020065762868122,0.0026131222888932,0.0032508044001646,0.0033990657950988,0.0029744714310995,0.0026412785751338,0.0027149227708947,0.0032056205542105,0.0039761176312475,0.0049750880720119,0.0059244961514674,0.0063326710828859,0.0065007574223436,0.0065777463173341,0.0067140276077555,0.0066482282520054,0.0066448227400627,0.0069641502974045,0.0075106133387821,0.0083392473696981,0.0095167031238882,0.010595642282593,0.0109166117831929,0.0106949494433508,0.0106287243986078,0.0111902689928745,0.0123384738319854,0.0137671469046633,0.0154318341175132,0.0170371681222189,0.0183917104974297,0.0197773889818309,0.021798986008819,0.0246503116955618,0.0273192600552301,0.0285827049859735,0.0289051339916917,0.028649051656143,0.0281472251463001,0.0272263382293648,0.0262757138956441,0.0254978584803024,0.0252600199587324,0.0248260604368906,0.0246757314097055,0.0240302652711365,0.0227665162768267,0.0211607565831282,0.0195517738156268,0.0180180771871444,0.016597613830757,0.015493376583335,0.0145001225376172,0.0136899147588198,0.0129600405742422,0.0123031416455798,0.0117075419318861,0.0110716842020125,0.0103242959560153,0.0095998949156314,0.0087910858292391,0.0081802829372297,0.0074777744736203,0.0069418928443504,0.0065458804555845,0.0061464625548758,0.0058337635832796,0.0055452680715619,0.0052239336946824,0.0049383571932013,0.0046051035245224,0.0043121078720232,0.0040226393568933,0.0037294004535412,0.0035151572647171,0.0031980189650527,0.0030089522395193,0.0028622111624167,0.0027113348208122,0.0025457418025982,0.0023950478991336,0.0022529894009522,0.0020827138038169,0.0019336010308971,0.0018020023193968,0.001670038731617,0.0015641029851136,0.0014266662531402,0.0013523531175333,0.0012802292396039,0.0012032403446134,0.0011228459376803,0.001051208561457,0.0009972068720798,0.0009219207330607,0.000848337350013,0.0007797406094528,0.000729995810004,0.0006706426018597,0.0006519122861748,0.0006193166718661,0.0005807614116576,0.0005418412751696,0.0005020697606958,0.0004805420602009,0.0004564602257489,0.0004442976830964,0.0004046477940492,0.0004005125295473,0.0003687682932243,0.0003636600253102,0.0003448080841988,0.0003392133145786,0.0003207262497468,0.0003249831396752,0.0002911712711012,0.000292509150793,0.000275603216506,0.0002662380586635,0.0002657515569574,0.0002659948078105,0.0002595486602047,0.0002438589801829,0.0002624676704413,0.0002518862583336,0.0002509132549214,0.0002953065356031,0.0002209933999962,0.0,0.0,0.0,0.0,0.0,0.0,0.0,0.0,0.0,0.0,0.0,0.0,0.0,0.0,0.0,0.0,0.0,0.0,0.0,0.0,0.0,0.0,0.0,0.0,0.0,0.0,0.0,0.0,0.0,0.0,0.0,0.0,0.0,0.0,0.0,0.0,0.0,0.0,0.0,0.0,0.0,0.0,0.0,0.0,0.0,0.0,0.0,0.0,0.0,0.0,0.0,0.0,0.0,0.0,0.0,0.0,0.0,0.0,0.0,0.0,0.0,0.0,0.0,0.0,0.0,0.0,0.0,0.0,0.0,0.0,0.0,0.0,0.0,0.0,0.0,0.0,0.0,0.0,0.0,0.0,0.0,0.0,0.0,0.0,0.0,0.0,0.0,0.0,0.0,0.0,0.0,0.0
HNGH026,0.0,0.0,0.0,0.0,0.0,0.0,0.0,0.0,0.0,0.0,0.0,0.0,0.0,0.0,0.0,0.0,0.0,0.0,0.0,0.0,0.0,0.0,0.0,0.0,0.0,0.0,0.0,0.0,0.0,0.0,0.0,0.0,0.0,0.0,1.4749941558943672e-05,1.2682714901061414e-05,1.73200071336081e-05,1.3520779762365032e-05,1.5979103355522312e-05,2.033704063430112e-05,2.3354074134994147e-05,2.3577558098008445e-05,2.7041559524730063e-05,0.0005899976623577,0.0004842338768612,0.0004295361769134,0.0004370228896744,0.0004817196822773,0.0005555811320535,0.0006817937001658,0.000813481625372,0.0008521443509735,0.0008502447372878,0.0008197391763364,0.0007340330765204,0.0006895597678806,0.0006925768013813,0.000735709206243,0.0008148225291501,0.0009496951008292,0.0011430087288366,0.0013381102285481,0.0013640343682577,0.0011382038236318,0.0009902574401163,0.0009471250352545,0.0009690264636299,0.0010443405591658,0.0011364159519277,0.0013340875172138,0.0017330063911943,0.0022735023557444,0.0026544307707023,0.0025211225867642,0.0019450926720949,0.0014949959705841,0.0013734765656951,0.0014584563426313,0.0016002569171638,0.0018127901659904,0.0022405384711998,0.0028623825982871,0.0038116307311903,0.0047041139374879,0.004845802770039,0.0040932205245883,0.0035388685543314,0.0035989298693915,0.0042609452388306,0.0053193652876663,0.0066819470101644,0.0077752305572304,0.0081341458018314,0.0080237447241023,0.0081344810277759,0.0080885550733764,0.0079222830048938,0.0079776511567306,0.0083931637149649,0.0089417609731743,0.0098978812379402,0.0109765265854287,0.0119024206441969,0.0120789171039875,0.0115441199804943,0.011466403432356,0.0119687953812122,0.0130980598463234,0.0146355177698803,0.016326062208102,0.0178009446220148,0.0188499783444039,0.0199441558273219,0.0218199125998917,0.024443055615772,0.026857241126234,0.0278524710845274,0.0280039373404603,0.0272104016587873,0.0266617485295872,0.0254640421008028,0.0242801358067346,0.0233394918064074,0.0228473242488592,0.0224319793035971,0.0222060370169897,0.0215668728827688,0.0205149338688605,0.019077596760734,0.0176595351444175,0.016240579592249,0.0150018079852607,0.0139299788986442,0.0130250364614085,0.0122893831261562,0.011598594196479,0.0109907178170801,0.0105168200735083,0.0099333593170687,0.0093593966290572,0.0087074380379538,0.0080318460177616,0.007261329184279,0.0067339070315653,0.0062405661832112,0.0058608669300499,0.0054818381287777,0.0052247198293297,0.0049422361000796,0.0047005940650704,0.0044489511227163,0.0041286427327261,0.0038811342436878,0.0036167527154418,0.0033871229434447,0.00314285497187,0.002868751891233,0.0027047146623805,0.0025559860849945,0.0024042404741078,0.0022784190029307,0.0021458930128632,0.0019729164254902,0.0018697785765591,0.001719709095395,0.0016011508530159,0.0015025944253266,0.0013851536027626,0.0012937486618897,0.0012105008856669,0.0011568647345435,0.0011114974900516,0.0010179694515301,0.0009691382056115,0.0009111441172092,0.0008325895042097,0.0007868870337733,0.0007180539731649,0.0006828552489901,0.0006456451691483,0.000602847990231,0.0005722306872981,0.0005494353230706,0.0005240698932685,0.0005000453672444,0.000457974511207,0.0004351232759888,0.0004178032688552,0.0003947844206647,0.0003933317749051,0.0003652845375468,0.0003565686629893,0.0003419304634118,0.000336678590281,0.0003382429780221,0.0003209229708885,0.0003198055510734,0.0002927639915487,0.000297233670809,0.0002754439844151,0.0002796901797123,0.0002692981754322,0.0002792432117863,0.0002866181825658,0.0002808075995274,0.000265945915987,0.0002524251362246,0.0002723152089329,0.0003299740713906,0.0002410274541109,0.0,0.0,0.0,0.0,0.0,0.0,0.0,0.0,0.0,0.0,0.0,0.0,0.0,0.0,0.0,0.0,0.0,0.0,0.0,0.0,0.0,0.0,0.0,0.0,0.0,0.0,0.0,0.0,0.0,0.0,0.0,0.0,0.0,0.0,0.0,0.0,0.0,0.0,0.0,0.0,0.0,0.0,0.0,0.0,0.0,0.0,0.0,0.0,0.0,0.0,0.0,0.0,0.0,0.0,0.0,0.0,0.0,0.0,0.0,0.0,0.0,0.0,0.0,0.0,0.0,0.0,0.0,0.0,0.0,0.0,0.0,0.0,0.0,0.0,0.0,0.0,0.0,0.0,0.0,0.0,0.0,0.0,0.0,0.0,0.0,0.0,0.0,0.0,0.0,0.0,0.0
HNGH027,0.0,0.0,0.0,0.0,0.0,0.0,0.0,0.0,0.0,0.0,0.0,0.0,0.0,0.0,0.0,0.0,0.0,0.0,0.0,0.0,0.0,0.0,0.0,0.0,0.0,0.0,0.0,0.0,0.0,0.0,0.0,0.0,0.0,0.0,0.0,0.0,0.0,0.0,0.0,0.0,0.0,0.0,0.0,0.0,0.0,0.0,0.0,0.0,0.0,0.000343203345494,0.0003947825824578,0.0004389369369184,0.0004315120544152,0.0004190319327608,0.000392333950994,0.0003676106720205,0.0003812756153509,0.0004102642523581,0.0004462828313099,0.0005176090962077,0.0006341165610187,0.0007110509818498,0.0006815884161722,0.0006180029862245,0.0005514555020867,0.0005485724360083,0.0005612895219979,0.0006104201274978,0.0006651588889311,0.0007627881950371,0.0009915377666253,0.0012647576451211,0.001533712165583,0.0014802372139376,0.0011634948858752,0.0009304009681414,0.0008480953557122,0.0009263725744429,0.0010117982172857,0.0011785026271051,0.0014879780488877,0.0019121047148556,0.0025787248838539,0.0032546261559811,0.0033793483844127,0.0029372124289689,0.0025681404768812,0.0026487873389639,0.0031539163135174,0.0040431644754442,0.0050852546335808,0.0060059400639787,0.0064141506254318,0.0064776175732119,0.0066018263789171,0.0067107114909456,0.0066771020494018,0.0067081048832583,0.0071804537914412,0.0077751157906476,0.0087198136070134,0.009993101968202,0.0109787156264472,0.0112453794916688,0.0109750426792514,0.0110582566549656,0.0116670970202287,0.012965345624726,0.0144980309448565,0.0164044090216113,0.017950838273184,0.0192874750999851,0.0207159751007355,0.0230308007032785,0.0262693922725772,0.0293218483565693,0.030622980027145,0.0306680822389464,0.0302011835104733,0.0292759957577064,0.0280059064150431,0.0267011412913276,0.0257405668645029,0.0254908854433045,0.025292467306623,0.0250541601735147,0.0244497431425088,0.0231894088316449,0.0215179019051379,0.0196868389929236,0.0179959009909295,0.0165136495801426,0.0153095548048349,0.0142443211299596,0.0134489108447754,0.012701485837471,0.0120263349524053,0.0114698637052233,0.0107016253304763,0.0100127700080244,0.0092643576493232,0.0082423699656235,0.0076015394151072,0.0070308503078127,0.0064545925386407,0.0060419981369863,0.0056310624856784,0.0053394383771481,0.0051117946391242,0.0047594681667246,0.0044713590291665,0.004232814931723,0.00390967456661,0.0035597572316183,0.0033178956334818,0.0030480722437908,0.0028435720225056,0.0026843319892452,0.0024976040931007,0.0023343356661418,0.0022181441537778,0.0020685406701493,0.0019462275791257,0.0017705975126801,0.0016305515905717,0.0015237596635043,0.0014123074378444,0.0013156259890792,0.0012266853752642,0.001161757147417,0.001080873320999,0.0009898000281671,0.0009228181094148,0.0008815073269767,0.0008089172522911,0.0007625512307019,0.0006995187175363,0.0006584448994335,0.0006128687589616,0.0005589198786458,0.0005298522535268,0.0004983359969441,0.0004722699200711,0.0004586049767407,0.000418676486258,0.0003829343656974,0.0003733768041773,0.0003557624552601,0.0003312761406219,0.0003319870336275,0.0003056050043076,0.000291387144195,0.0002896494057368,0.0002811976777811,0.0002766163673004,0.00032163959099,0.0002338048107393,0.0,0.0,0.0,0.0,0.0,0.0,0.0,0.0,0.0,0.0,0.0,0.0,0.0,0.0,0.0,0.0,0.0,0.0,0.0,0.0,0.0,0.0,0.0,0.0,0.0,0.0,0.0,0.0,0.0,0.0,0.0,0.0,0.0,0.0,0.0,0.0,0.0,0.0,0.0,0.0,0.0,0.0,0.0,0.0,0.0,0.0,0.0,0.0,0.0,0.0,0.0,0.0,0.0,0.0,0.0,0.0,0.0,0.0,0.0,0.0,0.0,0.0,0.0,0.0,0.0,0.0,0.0,0.0,0.0,0.0,0.0,0.0,0.0,0.0,0.0,0.0,0.0,0.0,0.0,0.0,0.0,0.0,0.0,0.0,0.0,0.0,0.0,0.0,0.0,3.9494055868133455e-08,0.0,0.0,0.0,0.0,0.0,0.0,0.0,0.0,0.0,0.0,0.0,0.0,0.0,0.0
HNGH028,0.0,0.0,0.0,0.0,0.0,0.0,0.0,0.0,0.0,0.0,0.0,0.0,0.0,0.0,0.0,0.0,0.0,0.0,0.0,0.0,0.0,0.0,0.0,0.0,0.0,0.0,0.0,0.0,0.0,0.0,0.0,0.0,4.3372050261440215e-08,0.0,0.0,0.0,0.0,0.0,0.0,0.0,1.4486264787321031e-05,1.986439901973961e-05,1.864998161241929e-05,0.0003139268997923,0.0002392402292421,0.0002286574489783,0.0002388065087394,0.0002630081127853,0.000320692939633,0.0004023191382251,0.0004753576708653,0.0005202043708357,0.0005273173870785,0.0005140455396985,0.0004560137364487,0.0004593100122686,0.0004415274716614,0.0004893234710495,0.0005319581964565,0.0006279405436851,0.0007751452822724,0.0008704770487471,0.0008582461305733,0.0007712417977489,0.000688140949448,0.0006735679405601,0.0007055765136531,0.0007698538921405,0.00084939823232,0.0009793408949033,0.0012378383144615,0.0015305129096257,0.0018268307570118,0.0017561776871359,0.0014292391722652,0.0012290771603086,0.0012055695090669,0.0012740106043795,0.0014275042902547,0.0016401574526866,0.0020068247655968,0.0025358770346858,0.0033013069776997,0.0041048175808432,0.0043318268919116,0.0039225682256446,0.0035323498894424,0.003618703641513,0.004174299605362,0.0052219081073768,0.0064273908723433,0.0074759535594639,0.0079191291690353,0.0080406576538678,0.0081852600694395,0.008269618707198,0.0082751269575812,0.0083624782668077,0.0088163667727937,0.0093968149214425,0.0102858552077015,0.0114396818608066,0.0124172445016492,0.0126637712353353,0.0123657618779889,0.0122968436901235,0.0128718703324897,0.0141630562687727,0.0156337157490376,0.0173787901913067,0.0189344155180338,0.0202948232465341,0.0216756158386573,0.0237919984032146,0.0268431353950063,0.029406510309558,0.0304497382344964,0.0302835799099448,0.0294128426288962,0.0283369555501109,0.027056916230745,0.0257541499570421,0.0245844925055916,0.0238952238828368,0.0233230597957879,0.0228681303605956,0.0220846142726227,0.0206028081754406,0.0190166489253295,0.0174999283276869,0.0159165882608428,0.0146885086576901,0.0135568017502183,0.0126738335509959,0.011721773675707,0.0111123529974835,0.0104965132558214,0.0099014920982847,0.0092557690139923,0.0087163074528405,0.0078351608797291,0.0072793046835785,0.0066722694681194,0.0061681127558804,0.0057676152437663,0.0053567084395894,0.0049954192609116,0.0047534032204528,0.0044639381570079,0.0042157632854119,0.0039795157276379,0.0037220158652357,0.0035059363108332,0.0031715378033175,0.0029368950114031,0.0027496144983742,0.0025704011866939,0.0023986478676586,0.0022761651977203,0.0021462225351371,0.0020168870812574,0.001905160679784,0.0018132119332297,0.0016183846834553,0.0015192361765577,0.0013956258333126,0.0013147803316252,0.0012235255378752,0.0011425065479868,0.001078836378203,0.0010062315660654,0.0009470720895088,0.0008821007582171,0.0008199052381422,0.0007652564548128,0.0007094799981766,0.0006645465541057,0.0006280272877856,0.0006025245222319,0.0005418903959664,0.0005128311222912,0.0004895837033511,0.0004579221066602,0.0004448237474813,0.0004129019184889,0.000392690543067,0.0003571254618526,0.0003428126852664,0.0003273722353733,0.0003132329469881,0.0003026501667243,0.0003042983046342,0.0002982262175976,0.0002783618185779,0.0002670850855099,0.0002562420729445,0.0002532060294262,0.0002440978988713,0.00023724511493,0.0002365511621258,0.0003053392338405,0.0002135639754873,0.0,0.0,0.0,0.0,0.0,0.0,0.0,0.0,0.0,0.0,0.0,0.0,0.0,0.0,0.0,0.0,0.0,0.0,0.0,0.0,0.0,0.0,0.0,0.0,0.0,0.0,0.0,0.0,0.0,0.0,0.0,0.0,0.0,0.0,0.0,0.0,0.0,0.0,0.0,0.0,0.0,0.0,0.0,0.0,0.0,0.0,0.0,0.0,0.0,0.0,0.0,0.0,0.0,0.0,0.0,0.0,0.0,0.0,0.0,0.0,0.0,0.0,0.0,0.0,0.0,0.0,0.0,0.0,0.0,0.0,0.0,0.0,0.0,0.0,0.0,0.0,0.0,0.0,0.0,0.0,0.0,0.0,0.0,0.0,0.0,0.0,0.0,0.0,0.0,0.0,0.0,0.0,0.0,0.0,0.0,0.0,0.0,0.0,0.0
HNGH029,0.0,0.0,0.0,0.0,0.0,0.0,0.0,0.0,0.0,0.0,0.0,0.0,0.0,0.0,0.0,0.0,0.0,0.0,0.0,0.0,0.0,0.0,0.0,0.0,0.0,0.0,0.0,0.0,0.0,0.0,0.0,0.0,0.0,5.786966039537016e-08,0.0,0.0,0.0,0.0,1.3310021890935136e-05,1.4120197136470316e-05,1.6666462193866604e-05,1.620350491070364e-05,1.950207555323974e-05,0.0003355282909723,0.0002787002844641,0.0002642328693652,0.0002679365276305,0.0003065934607746,0.0003541623216196,0.0004457699940255,0.0005069382250634,0.0005322851363166,0.0005604097912687,0.0005405026280927,0.0005107576226495,0.0004802024419607,0.0004753413904875,0.0005152714561603,0.0005810113903695,0.0006698991887368,0.0008057771513451,0.0009086694075281,0.0008922344239758,0.0007943189585868,0.0007119125621838,0.0007149217845244,0.0007754534492979,0.0008121428139886,0.0008790401414056,0.0010204735914119,0.0012544984980508,0.0015880592205697,0.0018292599650976,0.0017613209837934,0.0014350518384843,0.0012333182023461,0.0011687356613448,0.0012470911815202,0.0013786867892592,0.0015570410825978,0.0018789121337168,0.0023714986830022,0.0030824853306197,0.0037768055160434,0.0039570116385146,0.0036211361295798,0.0032599137093919,0.0033438247169652,0.0039021512004598,0.0048207741895759,0.0060235372112332,0.0070771701180517,0.0075142017933576,0.007594467012326,0.0077568492793954,0.0079618236165158,0.0079411062780942,0.0079908741860342,0.0082663337695162,0.0090467640096082,0.00990913768882,0.0110303044893199,0.0119945866404879,0.0121680220126929,0.0118668682999953,0.0118447620897243,0.0124050561416723,0.013490922449331,0.014933381604346,0.0166913461478366,0.0181241989392259,0.0194194376781951,0.0206672232956401,0.0224251299694702,0.0250014293806117,0.0272161012839425,0.028214700143725,0.0284569425421401,0.0281016228273125,0.0276035386602895,0.0264875222595648,0.0255580197742944,0.0246935627873083,0.0241647498306155,0.0237956571366138,0.0233776067099176,0.0227439339285883,0.0215543651895011,0.020065205218547,0.0184789978271099,0.0170886213664508,0.015696103728357,0.0146735468291708,0.0136661517810082,0.0127954448706995,0.0121492722427248,0.011504257007958,0.0108710471839118,0.0102141107991036,0.009578933406604,0.0088328777447869,0.0079338147008844,0.007379307614976,0.0068427401237901,0.0063006171452063,0.0059106913734623,0.0055564711821822,0.0051508627324711,0.0049004028422799,0.0045579301920601,0.0043000629853383,0.0040298116712919,0.0037395374547488,0.0034358374769939,0.0032249604345131,0.0029148947941147,0.0027387395478712,0.0025566815962674,0.0023823781791565,0.0022451113446987,0.0021294877632288,0.0019896746637136,0.0018836574458692,0.0017448860002412,0.0016372484319058,0.0014643338866444,0.0013752724792959,0.0012935026491573,0.0011965130983346,0.0011458192758283,0.0010516074687046,0.0009790389145688,0.0009335533614981,0.0008717485641958,0.0007817033726206,0.0007479074909497,0.0007114496049006,0.0006594826498656,0.0006099462205672,0.0005856409632011,0.0005595996160232,0.0005216371188038,0.0004929337672477,0.0004587906676144,0.0004416612481374,0.0004187448626208,0.0003914303829142,0.0003727963522669,0.0003499957060711,0.0003300885428951,0.0003249960127803,0.0003148109525508,0.0003001120588103,0.0002976236634133,0.0002903899558639,0.0002783530665017,0.0002668948737434,0.0002545107664188,0.0002622653009118,0.0002486080610585,0.0002403905692823,0.0002527746766069,0.0002346036032428,0.0002457145780387,0.0002365711716962,0.0002989546656024,0.0002056687730451,0.0,0.0,0.0,0.0,0.0,0.0,0.0,0.0,0.0,0.0,0.0,0.0,0.0,0.0,0.0,0.0,0.0,0.0,0.0,0.0,0.0,0.0,0.0,0.0,0.0,0.0,0.0,0.0,0.0,0.0,0.0,0.0,0.0,0.0,0.0,0.0,0.0,0.0,0.0,0.0,0.0,0.0,0.0,0.0,0.0,0.0,0.0,0.0,0.0,0.0,0.0,0.0,0.0,0.0,0.0,0.0,0.0,0.0,0.0,0.0,0.0,0.0,0.0,0.0,0.0,0.0,0.0,0.0,0.0,0.0,0.0,0.0,0.0,0.0,0.0,0.0,0.0,0.0,0.0,0.0,0.0,0.0,0.0,0.0,0.0,0.0,0.0,0.0,0.0,0.0,0.0,0.0,0.0,0.0
HNGH030,0.0,0.0,0.0,0.0,0.0,0.0,0.0,0.0,0.0,0.0,0.0,0.0,0.0,0.0,0.0,0.0,0.0,0.0,0.0,0.0,0.0,0.0,0.0,0.0,0.0,0.0,0.0,0.0,0.0,0.0,0.0,0.0,0.0,0.0,0.0,0.0,0.0,0.0,0.0,1.417849489638443e-05,1.2271445875233307e-05,1.6665950141364153e-05,1.8324253638017303e-05,0.0003189746775812,0.0002766879384165,0.0002646652380658,0.0002592757517017,0.0003024745577895,0.0003471658370243,0.0004162341776599,0.0004751868669659,0.0004933452902543,0.000504870499556,0.0004945890178768,0.0004726994117209,0.0004322368064026,0.0004343096857734,0.0004639104031887,0.0005106745617943,0.0005765092106114,0.0007044473253782,0.0007687895010484,0.0007672141127265,0.000669374206424,0.0006170547311046,0.0005950822097739,0.0006189617801257,0.0006772926056205,0.0007304826902757,0.0008442423101461,0.0010499548589059,0.0013538389746676,0.0015383252386702,0.0014763876030702,0.0011794683619945,0.0009774869961021,0.0009489227183723,0.0010092435080631,0.0011147116104502,0.0012503608364764,0.0015614585724486,0.0019846576247944,0.0026706977813598,0.0033099737793196,0.0034566507235986,0.0030118108106214,0.0026591725720581,0.0027958167801823,0.0033138707925368,0.0041572010357597,0.0052464576875364,0.0062851360826651,0.0067347436181951,0.006821763094182,0.0069671963108385,0.0070342332296907,0.0069400830486682,0.0069484574813263,0.0073233584443322,0.0080025995565613,0.0091277584790405,0.0103480625646401,0.0114028265036863,0.0116817531518234,0.0112593417936384,0.0111994355798218,0.0116523597223452,0.0127717560401735,0.0143943230964738,0.0161381950535542,0.0178456257912957,0.0191188297584386,0.0204019006313866,0.0222167479781238,0.0248246375145479,0.0271943946688527,0.0282742819058732,0.0285439635120165,0.0281020670877458,0.0274878729301729,0.0266421381468798,0.0256268832886413,0.0246045391829546,0.0240436594827991,0.0236697949594787,0.0233271894570701,0.0226493579028132,0.0217167280162954,0.0203170369499453,0.0189593009620606,0.017580670350118,0.0162420877676196,0.0151602520239905,0.0140827278694527,0.0133688282141435,0.0126889237805157,0.0120437608051428,0.0115326716674743,0.0109156169363696,0.0102888611298096,0.0095746298138011,0.0089518953932204,0.008315148308093,0.0075191626296995,0.0070573251058816,0.0065803555626567,0.0061923540020273,0.0058962639126999,0.00555432173169,0.0053010158725762,0.0050208869544041,0.0047052703414036,0.0043547049822111,0.0040688134593881,0.0038162123792604,0.0035475257552152,0.0032384179834391,0.003057579987129,0.002860905192426,0.0027379419881491,0.0025734797388686,0.0024331458054643,0.0022875053008707,0.0020937739948742,0.0019711424512967,0.0018301866540812,0.0017225627571484,0.0015368327655233,0.0014565708762852,0.0013556216509265,0.0012779715896957,0.0012189359852148,0.0011270659715003,0.0010565466153051,0.0009945675221177,0.0008934110088218,0.0008323025249702,0.0007755885453846,0.0007332188910451,0.0006997211604127,0.0006533715776813,0.0005959942766971,0.0005781675141081,0.0005320666769011,0.0004942573571774,0.0004735285634693,0.0004467469619983,0.000419633699828,0.0003970807722735,0.000381990210454,0.0003590227070254,0.0003430200782827,0.0003309973779319,0.0003333190028272,0.0003182284410077,0.0003050449282093,0.0002931051430334,0.0002747808893954,0.0002776829205145,0.0002683135057584,0.000258114939254,0.0002577832785547,0.0002448485112808,0.0002398736007908,0.0002420293953365,0.0002474188817006,0.0003187259320567,0.0002245342934468,0.0,0.0,0.0,0.0,0.0,0.0,0.0,0.0,0.0,0.0,0.0,0.0,0.0,0.0,0.0,0.0,0.0,0.0,0.0,0.0,0.0,0.0,0.0,0.0,0.0,0.0,0.0,0.0,0.0,0.0,0.0,0.0,0.0,0.0,0.0,0.0,0.0,0.0,0.0,0.0,0.0,4.145758741632874e-08,0.0,0.0,0.0,0.0,0.0,0.0,0.0,0.0,0.0,0.0,0.0,0.0,0.0,0.0,0.0,0.0,0.0,0.0,0.0,0.0,0.0,0.0,0.0,0.0,0.0,0.0,0.0,0.0,0.0,0.0,0.0,0.0,0.0,0.0,0.0,0.0,0.0,0.0,0.0,0.0,0.0,0.0,0.0,0.0,0.0,0.0,0.0,0.0,0.0,0.0,0.0
HNGH031,0.0,0.0,0.0,0.0,0.0,0.0,0.0,0.0,0.0,0.0,0.0,0.0,0.0,0.0,0.0,0.0,0.0,0.0,0.0,0.0,0.0,0.0,0.0,0.0,2.9515418805591674e-06,2.62359278271926e-06,3.541850256671001e-06,3.4106706175350384e-06,1.3905041748412078e-05,1.3314733372300244e-05,1.2790014815756392e-05,1.48888890419318e-05,1.606950579415547e-05,1.3380323191868229e-05,1.784043092249097e-05,1.3380323191868229e-05,1.48888890419318e-05,1.3839451928844097e-05,1.570876178653157e-05,1.9086637494282616e-05,2.184140991613784e-05,1.954576623125849e-05,2.5645619451080768e-05,0.0002767890385768,0.0002331062187446,0.0002167415587623,0.000216184045296,0.0002493069041778,0.0002945638796798,0.0003663847321067,0.0004174136117306,0.0004522418059212,0.0004424689228056,0.000439976509662,0.0003920303515578,0.0003819951091639,0.0003802241840355,0.000407181599878,0.0004494870334993,0.0005228164517763,0.0006338600163049,0.0007245051469479,0.0007346059791613,0.0006490112646251,0.000575091537972,0.0005523318705819,0.0005675487087217,0.0006090014746887,0.0006855447941245,0.000790226146155,0.0010745580139822,0.0014212658002185,0.0017305217994816,0.001735768985047,0.0013550200824549,0.0010382212539415,0.000960267753385,0.0010257919831334,0.0011361468545565,0.0013041223824701,0.0016743441190216,0.0021986363417383,0.0030503857386481,0.0038850817824702,0.0041042501645566,0.003511941298948,0.0029580680676061,0.0029879770253291,0.0035146304815502,0.0044697166391894,0.0057423559082669,0.0069038532280865,0.0072465600353293,0.0072133387917181,0.0072937191155986,0.0073166755524474,0.0071813309597689,0.0071440759422543,0.0076432472640764,0.0082262751702162,0.0092749580003789,0.0105978062763357,0.0118344367344704,0.0119903765304933,0.0113770133328033,0.0111833265956191,0.0116493422636496,0.0127954587707805,0.0142827407243943,0.0160146399100868,0.0175812199555583,0.0187702322046866,0.0197962537521886,0.0214796820612204,0.0239240178670603,0.0260408309088876,0.0268794951367936,0.0269338690972154,0.0263911133402904,0.0256433893972154,0.0246241891909485,0.0236238132628977,0.0227395969053017,0.0223028015018888,0.0220033839755609,0.0217327275851136,0.0212363110357134,0.0203279248296066,0.0192910153720564,0.0181273207932813,0.0169305033556243,0.015739654591548,0.0147586932500893,0.0138574891292252,0.0131367226019927,0.0125510711030702,0.0120351415823484,0.0115012732459749,0.0109958708912938,0.0104077925690473,0.0097844597187829,0.0091339726832175,0.0084917171700078,0.0079400739925313,0.0074823554366761,0.0068612854351869,0.0064568586077308,0.0061712149435122,0.0058174890465821,0.0055903187065084,0.0053311405344855,0.0050185066595147,0.0047124973563203,0.0044377743970598,0.0041629202581602,0.0038793754681678,0.0036275105610267,0.0033955193692148,0.0031982251919543,0.0030839677262669,0.0028512878413495,0.0026866901891436,0.0025749907264193,0.0023817631179721,0.0022332677664702,0.0020727694779873,0.0019366050125642,0.0018077210171131,0.0017002193028412,0.0016275457827598,0.0015337523407776,0.0014312354527929,0.0013443945316849,0.0012570944818399,0.0011924557146556,0.0011117146467675,0.0010310719636086,0.0009741400002236,0.0009119608512732,0.0008642770524472,0.0008176426907344,0.0007660562976442,0.0007224062727217,0.0006921037760813,0.0006694096985108,0.0006305805253265,0.0006017210047166,0.0005661057326912,0.0005413455758043,0.0005162574698195,0.0004900871318119,0.0004786745032071,0.0004700166470241,0.0004542750903278,0.0004329256040584,0.0004241693631461,0.0004046563918246,0.0003894067587751,0.0003754361272071,0.0003678277081372,0.0003580548250216,0.0003542506154866,0.0003593666214129,0.0003549721035019,0.0003417885497687,0.0003414606006709,0.0003425756276035,0.0003400176246404,0.000336738133662,0.0003233578104701,0.0003164708794155,0.0003221771937179,0.0003236857595679,0.0003249319661397,0.0003234234002897,0.0003299823822465,0.000318963292559,0.0003221771937179,0.0003265061218094,0.0003240137086658,0.000325194325418,0.0003511023041474,0.0003429035767014,0.0003878326031054,0.0003371316725794,0.0001051404807674,0.0001206196781855,0.0001009427323151,0.0,0.0,0.0,0.0,0.0,0.0,0.0,0.0,0.0,0.0,0.0,0.0,0.0,0.0,0.0,0.0,0.0,0.0,0.0,0.0,0.0,0.0,0.0,0.0,0.0,0.0,0.0,0.0,0.0,0.0,0.0,0.0,0.0,0.0,0.0,0.0,0.0,0.0,0.0,0.0,0.0,0.0,0.0,0.0,0.0,0.0,0.0,3.279490978399075e-08,0.0,0.0,0.0,0.0,0.0,0.0,0.0,0.0,0.0,0.0,0.0,0.0,0.0,0.0,0.0,0.0,0.0,0.0,0.0,0.0,0.0,0.0,0.0,0.0,0.0
HNGH032,0.0,0.0,0.0,0.0,0.0,0.0,0.0,0.0,0.0,0.0,0.0,0.0,0.0,0.0,0.0,0.0,0.0,0.0,0.0,0.0,0.0,0.0,0.0,0.0,0.0,0.0,0.0,0.0,0.0,0.0,0.0,0.0,0.0,0.0,0.0,1.3593070549210098e-05,1.692955150219803e-05,1.5199524341389472e-05,1.6682404764939665e-05,1.8597791978692e-05,1.8597791978692e-05,1.9277445506152502e-05,2.7556861204307746e-05,0.0003786905881641,0.000305226220514,0.0002837244543726,0.0002958346444982,0.0003306823344516,0.0003778255745837,0.0004874969392421,0.0005499632770841,0.0006178668431459,0.0006130783751115,0.0005916075023122,0.0005327247921604,0.0005005957163168,0.0005119026795463,0.0005476153830802,0.0006144685755086,0.0007235838600081,0.0008758262501593,0.0010048677403503,0.0009868569218726,0.0008440061077373,0.0007702328066656,0.0007266731942239,0.0007721790872216,0.0008232457818076,0.0009202508761815,0.0010732964932287,0.0013795730873761,0.0018068280094115,0.002112919243506,0.002031607966948,0.0015988540300086,0.0012828769264238,0.0012085475451934,0.0012561232921156,0.0014067592284746,0.0016426607891877,0.0020272211123617,0.0026342134990682,0.0034946548648332,0.0043053888430671,0.004512559595574,0.0038769290806876,0.0033776308847414,0.0035075373885128,0.0041589235078994,0.0051940358302218,0.0065485235237662,0.0076598497211906,0.0080247618787526,0.0079367467469465,0.0079479301368074,0.0079750235978794,0.0078091263504947,0.0078951643084027,0.0083207818833038,0.0090176430023459,0.0100108330593608,0.0113075810964133,0.0123133447436862,0.0125047289983507,0.0119467643456478,0.0118912799031333,0.0124710552553992,0.0137108668628558,0.0152735756825405,0.0171225731039968,0.018657508809082,0.019860279299292,0.0211284201015068,0.0230651237213477,0.0258353914992767,0.0282862530126414,0.0290699553164877,0.0288649470979319,0.027945808382068,0.0268497126023272,0.025471900435454,0.0242235931589041,0.0232982139879245,0.0227428134826206,0.0222445038736234,0.0216899683819,0.0209235663496618,0.0198288916636602,0.0186179344377785,0.017248123646524,0.0159544958370294,0.0147603136959392,0.0138001486216904,0.0129566059140854,0.0122114585012515,0.0115460468045255,0.0109391162045032,0.0103549539976509,0.0098537713078331,0.0092644808061827,0.0086784341054588,0.0079904393756158,0.0073374776957792,0.0068103754918915,0.0063621439905313,0.0059351362152331,0.0055597512146798,0.005291504324728,0.0050448827742863,0.0047698702424021,0.0045231560119339,0.004205201734451,0.0039720187878478,0.0037144301009402,0.0034698784044231,0.0032460252471513,0.0029511791896021,0.0027639037494446,0.0025721178813321,0.0024726413195856,0.0023252800774953,0.0021931801464307,0.0020807901676624,0.0019349118059957,0.0017985485937134,0.0016791149329333,0.0015509693496648,0.0014123200300629,0.0013279812059735,0.0012336329390251,0.0011736998552399,0.0011125928244528,0.0010497557665049,0.000994209537306,0.0009274799182463,0.0008595763521845,0.000780118676156,0.0007311218354945,0.0006872532896311,0.0006385035957069,0.0006045827060182,0.0005790648053963,0.0005408188478056,0.0005122733996522,0.000485519765344,0.0004519695957612,0.0004302824695668,0.0004037141953115,0.0003861049902818,0.0003801734685876,0.0003630585570325,0.0003377260164635,0.0003300644676085,0.0003235150790712,0.0003199314513809,0.000304237633565,0.0002847748280059,0.0002829830141608,0.0002737150115136,0.0002632112751801,0.0002648177289723,0.0002524603921094,0.0002550554328506,0.0002596276474899,0.0002499889247368,0.0002520278853192,0.0002397323351406,0.0002464670837309,0.0002424509492504,0.0002929924570197,0.0002199605961599,0.0,0.0,0.0,0.0,0.0,0.0,0.0,0.0,0.0,0.0,0.0,0.0,0.0,0.0,0.0,0.0,0.0,0.0,0.0,0.0,0.0,0.0,0.0,0.0,0.0,0.0,0.0,0.0,0.0,3.089334215729567e-08,0.0,0.0,0.0,0.0,0.0,0.0,0.0,0.0,0.0,0.0,0.0,0.0,0.0,0.0,0.0,0.0,0.0,0.0,0.0,0.0,0.0,0.0,0.0,0.0,0.0,0.0,0.0,0.0,0.0,0.0,0.0,0.0,0.0,0.0,0.0,0.0,0.0,0.0,0.0,0.0,0.0,0.0,0.0,0.0,0.0,0.0,0.0,0.0,0.0,0.0,0.0,0.0,0.0,0.0,0.0,0.0,0.0,0.0,0.0,0.0
HNGH033,0.0,0.0,0.0,0.0,0.0,0.0,0.0,0.0,0.0,0.0,0.0,0.0,0.0,0.0,0.0,0.0,0.0,0.0,0.0,0.0,0.0,0.0,0.0,0.0,0.0,0.0,0.0,0.0,0.0,0.0,0.0,0.0,0.0,0.0,1.5403153936108263e-05,1.636157240324389e-05,1.896299395689773e-05,1.704615702262648e-05,1.7388449332317776e-05,2.142749858667505e-05,1.9305286266589025e-05,2.10167478150455e-05,2.697263400367403e-05,0.0004072593900707,0.0003378425096653,0.0002973835586597,0.0003024494848432,0.0003325027496341,0.0003948684084598,0.0004865342889952,0.0005747772464336,0.0006284486805932,0.000616468449754,0.0005755302895149,0.0005384942616063,0.0004908471720973,0.0005070033691147,0.000547667695506,0.0005916180280704,0.0007029999456439,0.0008853048297855,0.0010130140905313,0.0010121583597571,0.0008776374820484,0.0007652286875458,0.0007331216688968,0.0007674878167898,0.0008066460570185,0.0009016664021888,0.0010673358800793,0.0013554775463775,0.0017399402686227,0.0020097692963524,0.0019627725622318,0.001544491359789,0.0012246191963825,0.0011189193311498,0.0011802238838155,0.0012807551351719,0.0014806538440316,0.0018201735860144,0.0023221452581767,0.0030737849410278,0.003790955788293,0.0039370461460692,0.0033997499075468,0.0029167754585724,0.002908320838523,0.0034186786722727,0.004279954581918,0.0054172550100983,0.0063732089726041,0.0067969668520019,0.0068229126090765,0.0069496976805862,0.0070233247564008,0.0068480026353769,0.0068540612092584,0.0071760213557541,0.0078911726783921,0.0087880812174762,0.0099526281135079,0.0110153088181755,0.0113223107907376,0.010862817594208,0.0107339787688402,0.0111485632143383,0.0122294538698815,0.0135880462762772,0.0152483008952039,0.0169045164648762,0.0181256785089308,0.0193023425527256,0.0211719089190285,0.0236487018427238,0.0259544512992663,0.0268967477986154,0.0271956032142069,0.0269040728540428,0.0263469236615583,0.0256002472171977,0.0247669023600233,0.0241205175624022,0.02367505835057,0.0234922742571948,0.0232575301912085,0.0225309120761959,0.021527311024181,0.0202578515352289,0.0187884933374171,0.017426991446389,0.0162009003930747,0.0151835391902103,0.0143102830497258,0.0134969280634374,0.0127376210328492,0.012168970818759,0.011527001591933,0.0109606105070868,0.0102625395707024,0.0095971575498935,0.0089347877014099,0.0083189353778133,0.0077730476023176,0.0072995888795526,0.0066735362451272,0.0062799000889823,0.0059636904532894,0.005615989925105,0.0053930207145721,0.0050800628558214,0.0047604645262626,0.0044974471154958,0.0041921223752512,0.0039475202907458,0.0036820383753492,0.0034563308263388,0.0032751212775882,0.0030932271442182,0.0028367132873356,0.0027346417205856,0.0025800625135291,0.0024285639372597,0.0022621756455187,0.0021275520801172,0.0019975494608964,0.0018607009954818,0.0017417886470951,0.001631022855679,0.001545655153642,0.001434752445302,0.0013595165956318,0.0012789752151615,0.0012095241055251,0.001140860268201,0.0010485098030463,0.0009933322827241,0.0009509907240153,0.0008812657805312,0.0008160933247659,0.0007479086966754,0.0007336008781303,0.0007005354410142,0.0006659639177353,0.0006379644068026,0.0006082534343214,0.0005725181171896,0.0005245287353709,0.0004970084336717,0.0004796884428013,0.0004593562796057,0.00045456418727,0.000441283245654,0.0004300560578961,0.0004101346454721,0.0003844627222452,0.0003844627222452,0.0003651574359786,0.0003519449528245,0.0003394855127518,0.0003396908881376,0.0003383901773608,0.0003149773833779,0.0003177841803173,0.0003117598356668,0.0003041609463916,0.0003077207864124,0.0003034763617723,0.0002920437986286,0.000289373918613,0.0002945767617203,0.0002910169216995,0.0002977943094314,0.0002964935986545,0.0002913592140092,0.0003599545928713,0.000279310524708,0.0,0.0,0.0,0.0,0.0,0.0,6.845846193825896e-08,0.0,0.0,0.0,0.0,0.0,0.0,0.0,0.0,0.0,0.0,0.0,0.0,0.0,0.0,0.0,0.0,0.0,0.0,0.0,0.0,0.0,0.0,0.0,0.0,0.0,0.0,0.0,0.0,0.0,0.0,0.0,0.0,0.0,0.0,0.0,0.0,0.0,0.0,0.0,0.0,0.0,0.0,0.0,0.0,0.0,0.0,0.0,0.0,0.0,0.0,0.0,0.0,0.0,0.0,0.0,0.0,0.0,0.0,0.0,0.0,0.0,0.0,0.0,0.0,0.0,0.0,0.0,0.0,0.0,0.0,0.0,0.0,0.0,0.0,0.0,0.0,0.0
HNGH034,0.0,0.0,0.0,0.0,0.0,0.0,0.0,0.0,0.0,0.0,0.0,0.0,0.0,0.0,0.0,0.0,0.0,0.0,0.0,0.0,0.0,0.0,0.0,0.0,0.0,0.0,0.0,0.0,0.0,0.0,0.0,1.5558215604078247e-05,1.4256532226844613e-05,1.1281255936024865e-05,1.431851714957002e-05,1.338874330868885e-05,1.6797914058586476e-05,1.6271042215420477e-05,1.5248290990451192e-05,1.8099597435820112e-05,1.8099597435820112e-05,1.8099597435820112e-05,2.3740225403832548e-05,0.0002840149159278,0.0002392927941814,0.0002244474051887,0.000224137480575,0.0002587870523785,0.0003002549656818,0.0003714756418933,0.0004325307907779,0.0004631513426042,0.0004696597594904,0.0004501345088319,0.0004235429769827,0.0004044826132446,0.000403149937406,0.0004426653256435,0.0004709614428676,0.0005648066158739,0.0006748298537115,0.0007480960323729,0.0007660096750406,0.0006765034466251,0.0005919250195663,0.0006009748182842,0.0006067084236363,0.0006563583467393,0.0007215045005237,0.0008411044089224,0.0010909656324286,0.0013856109626038,0.0016027441469109,0.0015445093120104,0.0012506078009078,0.0010228751948147,0.000979578726291,0.0010544565129433,0.0011372993621658,0.0013348143184303,0.0016152031163787,0.0020973838302597,0.00278423875898,0.0034747817906024,0.0036162933691845,0.003236170830571,0.0028234442226038,0.0028823918841157,0.0033853065546483,0.0042328264030728,0.0053873575737564,0.0063495185367616,0.006716810196371,0.0067537532103153,0.0069086225397448,0.0069334784937576,0.0068879505680158,0.0068940870753657,0.0072480829690505,0.0079496903093794,0.0088335643149824,0.0100423322930507,0.0110219420118031,0.0111727823212553,0.0107270177494756,0.010701077059315,0.0111638564923829,0.0123141416958597,0.0137380903331692,0.0153919720413286,0.0168528946850439,0.0180492966710284,0.0192262973761999,0.0210964134872869,0.0235555723190335,0.0258437767339034,0.0268638006222728,0.0270880620726933,0.0267625792434622,0.0261575444127395,0.0253122870139944,0.0243368612775259,0.0236207184728179,0.0233173952534611,0.0231121321818559,0.0228696471641541,0.0224784293243727,0.0214171544699295,0.0202771587636251,0.0189125916822866,0.0175940484060716,0.0164141654019934,0.0153749881725019,0.0144826532249469,0.0137832463493747,0.0131916002619606,0.0126385087964818,0.0120722455349238,0.011536075953349,0.0108727133103416,0.0101531923273451,0.0094614405897295,0.0088326345411415,0.0082015350504128,0.007669642428506,0.0070494522841769,0.0067238764775617,0.0063646118654452,0.0060421353049662,0.0057579654267316,0.0054882070430306,0.0051259361621619,0.0048237906563369,0.0044929771237514,0.004183362434738,0.0038998433981919,0.0036483705666949,0.0034028482877796,0.0032606548750475,0.0030183248196525,0.002848238191694,0.0027018607966779,0.002558830587489,0.002351274073743,0.0021865801340616,0.0020422172490341,0.0018839077563934,0.0017767358250011,0.0016549044593843,0.0015783530798185,0.0014578543900403,0.0013704246565361,0.0012852573727114,0.0012087679780682,0.0011348509577181,0.0010531238371047,0.0009727913772526,0.0009179347206406,0.0008493793961063,0.0008084383546461,0.0007493667232888,0.0007030949784743,0.0006723504568025,0.0006323701816446,0.000595489152623,0.000565922344483,0.0005397027221701,0.0005079664417347,0.0004728829754721,0.0004574487297135,0.0004329646852369,0.000410154233674,0.0004029019977151,0.0003916827267018,0.0003717235815842,0.00036298370748,0.0003504627530894,0.0003384376780807,0.0003259787086129,0.0003161850908223,0.0003048418499635,0.0003055856690362,0.0002876100414459,0.0002885398152867,0.0002851926294596,0.000287362101755,0.0002837669762369,0.0002925068503412,0.0002737254187554,0.0002621342382057,0.0002577952936149,0.0002625681326648,0.0002587250674558,0.0002732295393736,0.000263187981892,0.0002686426550919,0.0002700683083146,0.0002710600670782,0.0002700063233918,0.0003402972257625,0.0002453983090699,0.0,0.0,0.0,0.0,0.0,0.0,0.0,0.0,0.0,0.0,0.0,0.0,0.0,0.0,0.0,0.0,0.0,0.0,0.0,0.0,0.0,0.0,0.0,0.0,0.0,0.0,0.0,0.0,0.0,0.0,0.0,0.0,0.0,0.0,0.0,0.0,0.0,0.0,0.0,0.0,0.0,0.0,0.0,0.0,0.0,0.0,0.0,0.0,0.0,0.0,0.0,0.0,0.0,0.0,0.0,0.0,0.0,0.0,0.0,0.0,0.0,0.0,0.0,0.0,0.0,0.0,0.0,0.0,0.0,0.0,0.0,0.0,0.0,0.0,0.0,0.0,0.0,0.0,0.0,0.0
HNGH035,0.0,0.0,0.0,0.0,0.0,0.0,0.0,0.0,0.0,0.0,0.0,0.0,0.0,0.0,0.0,0.0,0.0,0.0,0.0,0.0,0.0,0.0,0.0,0.0,0.0,0.0,0.0,0.0,0.0,0.0,0.0,0.0,0.0,0.0,0.0,0.0,0.0,0.0,0.0,0.0,1.589074644444548e-05,1.827955146550592e-05,1.9110440168483458e-05,0.0003219693724037,0.0002759589104764,0.0002621453857894,0.0002780361322338,0.0002991199330719,0.0003386910075512,0.0004045389372621,0.0004757876435425,0.0005134892184401,0.0005325996586086,0.0005116716494023,0.000463168521366,0.0004446293171808,0.0004479528719927,0.0004903281958446,0.0005332228251358,0.0006430039950167,0.0007413604452317,0.0008648512787117,0.0008560230862426,0.0007795813255686,0.0006896376234713,0.0006889105958562,0.000730558892093,0.0007884095180378,0.0008786648033987,0.0010084911632389,0.0012940052937996,0.0016681129323152,0.001936489983377,0.0018199059122404,0.0014775278360698,0.0012515261088599,0.0011959604268482,0.00129203193313,0.0014020208251867,0.0016253221641119,0.0019796961959318,0.0025034157315273,0.0033492085006145,0.0041327365475224,0.0042664057676139,0.0038152332018971,0.0034070591265594,0.0035276937801229,0.0041487311550547,0.0051020720806335,0.0063000577986954,0.0072721456506351,0.0076588204807833,0.0078911058038095,0.0079986539603011,0.0080891169678378,0.0080388482013077,0.0080452875887557,0.0086909400415132,0.0093980263277471,0.0102755486591793,0.011452502506947,0.0124065704601409,0.012562569814125,0.0123807090492607,0.0124980201480124,0.0131583170141599,0.0143307009740612,0.015916296272062,0.0175841495516576,0.0191736915709976,0.0205007246907406,0.0219169744849658,0.0242193151503726,0.0274921857514012,0.0301950147716432,0.0308552597072467,0.0305505312754297,0.0295877389908545,0.0283313314108645,0.0270587215011666,0.0256738896860227,0.0245092433771679,0.0238609424666696,0.0232421381051271,0.0226249955209905,0.0216592951259549,0.0202381638605997,0.0186024555877005,0.0170307257449306,0.0155374110235042,0.0142473005204998,0.0132235937078875,0.0123283111304292,0.0114766502098772,0.010785298878456,0.010088027465026,0.0095998803520267,0.008970689881697,0.0083754619871014,0.0075828460950048,0.0070146740138,0.0064473847518421,0.0060264357626961,0.0055829489174818,0.005265861016208,0.0049410873944316,0.0046561964303982,0.0044326873692973,0.0041691917893655,0.0039856173165514,0.0037274705826451,0.0035433248738477,0.003231014582616,0.0030409487918099,0.0028560760553974,0.0027021539231708,0.0025069989390589,0.0023730181357038,0.0022718574361163,0.0021515862963603,0.0020113738277328,0.0019097976837938,0.001732506806796,0.0016355005507234,0.0015266541306333,0.0014346332067785,0.0013398080335512,0.0012656512168105,0.0011869245122034,0.0011160912502745,0.0010486854042455,0.0009709973105171,0.0009205208218112,0.0008703559163689,0.0008179060669935,0.0007586013858184,0.0007382446125955,0.0006802901255628,0.0006249321657269,0.0005963703665621,0.0005646927347611,0.0005394544904081,0.0005155664401975,0.0004941710560958,0.0004748528937516,0.0004355934025359,0.0004130555464677,0.0003898945238722,0.0003783659431183,0.0003738999163398,0.0003498041439535,0.0003303821205214,0.0003264353991823,0.0003018203213565,0.0003135566242861,0.0002913303514815,0.0002865527414393,0.0002785554376732,0.0002698311062919,0.0003340172585969,0.0002273519213522,0.0,0.0,0.0,0.0,0.0,0.0,0.0,0.0,0.0,0.0,0.0,0.0,0.0,0.0,0.0,0.0,0.0,0.0,0.0,0.0,0.0,0.0,0.0,0.0,0.0,0.0,0.0,0.0,0.0,0.0,0.0,0.0,0.0,0.0,0.0,0.0,0.0,0.0,0.0,0.0,0.0,0.0,0.0,0.0,0.0,0.0,0.0,0.0,0.0,0.0,0.0,0.0,0.0,0.0,0.0,0.0,0.0,0.0,0.0,0.0,0.0,0.0,0.0,0.0,0.0,0.0,0.0,0.0,0.0,0.0,0.0,0.0,0.0,0.0,0.0,0.0,0.0,0.0,0.0,0.0,0.0,0.0,0.0,0.0,0.0,0.0,0.0,0.0,0.0,0.0,0.0,0.0,0.0,0.0,0.0,0.0,0.0,0.0,0.0
HNGH036,0.0,0.0,0.0,0.0,0.0,0.0,0.0,0.0,0.0,0.0,0.0,0.0,0.0,0.0,0.0,0.0,0.0,0.0,0.0,0.0,1.422013358242477e-05,1.1703295780225697e-05,1.2332505230775464e-05,1.3716766021984956e-05,1.724033894506366e-05,1.585607815385417e-05,1.2080821450555558e-05,1.3087556571435189e-05,1.182913767033565e-05,1.4723501142864583e-05,1.547855248352431e-05,1.7114497054953707e-05,1.5352710593414353e-05,1.5101026813194446e-05,1.887628351649306e-05,1.661112949451389e-05,1.484934303297454e-05,1.623360382418403e-05,2.189648887913195e-05,2.8314425274739588e-05,2.252569832968172e-05,2.36582753406713e-05,2.88177928351794e-05,0.000500221513187,0.0003829368716045,0.000352608976088,0.0003381371587254,0.0003786582473408,0.0004365455167914,0.0005740907026816,0.0006938921820662,0.0007695860789674,0.0007227099749014,0.0006770293687915,0.0005783693269453,0.000531052776264,0.0005503065854508,0.0005944770888794,0.0006800495741541,0.0008232576450993,0.0010679572004181,0.001266976149627,0.001254391960616,0.0010412787197148,0.0008840392780224,0.0008432665056267,0.0008821516496707,0.0009553916297147,0.0010892244798467,0.0013147960678687,0.0017940019854075,0.0024071665949682,0.0029034240886168,0.0028220043857157,0.0021325166698032,0.0015791898789898,0.0014703366440446,0.001467316438682,0.0015982549253414,0.0019131742553416,0.002314232359122,0.0030462546338916,0.0040232910687053,0.004970565896508,0.0050851449374531,0.0043025342228593,0.0035736579953424,0.0035181617218039,0.0040351202063756,0.0050279497983981,0.0063674108767284,0.0074558803052345,0.0078820438660918,0.007781559116839,0.0078038331313885,0.0079631489642677,0.0077287055229929,0.0075271068150367,0.007751734588883,0.0084400897277844,0.0093122998681365,0.0105416492926207,0.0116091660464234,0.0117596729469949,0.0111516049339836,0.0109596960515659,0.0112011866386869,0.0119780086263357,0.0132169849554132,0.014793846759436,0.0162799136397444,0.0171784247351295,0.0180817178223388,0.0192714270514383,0.0210826064548458,0.0226517919035718,0.0234546002415283,0.0237071019940339,0.0236022756995723,0.0231754200083194,0.0225955405786927,0.0217676897046044,0.0209911823216809,0.0207886397995489,0.0204825923228015,0.0203517796780322,0.0200020021444716,0.0193310131864053,0.0183571227988444,0.0174298568315692,0.0164077690000962,0.0155808619401837,0.0146357893454579,0.0138944547708202,0.0131687875115011,0.0125984091445777,0.0121875353733687,0.0116495612931487,0.0112240898626869,0.0107393469019834,0.0100426861983347,0.0094332339245322,0.0088685813636088,0.0083590475505536,0.0078462418483556,0.0074078087032125,0.0070747052200914,0.006567184877278,0.0063334964873438,0.0060662083127503,0.0058302547687941,0.0054903558236071,0.0051642994863322,0.0048405083030793,0.0045301822020682,0.0043059319538922,0.0039912643076723,0.0037987891367491,0.0035581794428589,0.0034027647085731,0.0032526353336719,0.0030817420469026,0.0029035499305069,0.0026971692307266,0.0024700246190781,0.0023137289915616,0.0021861253149901,0.0020500902317812,0.0019166978282647,0.0018082221189899,0.0017101912865942,0.0015834685032535,0.0015020488003524,0.0014324582351216,0.0013468857498468,0.0012553986957368,0.0011363522676928,0.0010704111172752,0.0010141597923961,0.0009606769890993,0.0009024121939784,0.0008553473270773,0.0007882735996487,0.0008006061048795,0.0007306380139783,0.0006816855187256,0.0006543778285717,0.0005981265036926,0.0005811378485277,0.0005503065854508,0.0005343246654068,0.0004974529916046,0.0004927968416705,0.0004823519647914,0.0004756823446156,0.0004453544490991,0.0004266040074727,0.0003995480010991,0.000388096389099,0.0003848244999562,0.0003941367998243,0.0003826851878243,0.0003747571487474,0.0003728695203957,0.0003741279392968,0.0003633055367474,0.0003500921382858,0.0003508471896265,0.0003402764708573,0.0003558808652309,0.0003341102182419,0.000344555095121,0.0003378854749452,0.0003473236167034,0.0003516022409672,0.0003534898693188,0.0003414090478683,0.0003414090478683,0.0003553774976705,0.0003305866453188,0.0003406539965276,0.0003444292532309,0.0003602853313847,0.000358271861143,0.0003752605163078,0.0003684650542419,0.0003638089043078,0.0003813009270331,0.0003809234013628,0.0005270258357804,0.0003748829906375,0.0,0.0,0.0,0.0,0.0,0.0,0.0,0.0,0.0,0.0,0.0,0.0,0.0,0.0,0.0,0.0,0.0,0.0,0.0,0.0,0.0,0.0,0.0,0.0,0.0,0.0,0.0,0.0,0.0,0.0,0.0,0.0,0.0,0.0,0.0,0.0,0.0,0.0,0.0,0.0,0.0,0.0,0.0,0.0,0.0,0.0,0.0,0.0,0.0,0.0,0.0,0.0,0.0,0.0,0.0,0.0,0.0,0.0,0.0,0.0,0.0,0.0,0.0,0.0,0.0,0.0,0.0,0.0,0.0,0.0
HNGH037,0.0,0.0,0.0,0.0,0.0,0.0,0.0,0.0,0.0,0.0,0.0,0.0,0.0,0.0,0.0,0.0,0.0,0.0,0.0,0.0,0.0,0.0,0.0,0.0,0.0,0.0,0.0,0.0,0.0,0.0,0.0,0.0,0.0,0.0,0.0,0.0,0.0,0.0,0.0,1.7442026954439864e-05,1.8136236982477272e-05,1.926432827803805e-05,2.0392419573598847e-05,0.0003522248129754,0.000297642549521,0.0002823699289042,0.0002896591341986,0.0003117870788423,0.0003514438266939,0.0004461167192675,0.0005189219959579,0.0005827459304106,0.0005937231264789,0.0005617894651892,0.0005133249276069,0.0004726702528399,0.0004976618138493,0.0005278599500689,0.0006173262674322,0.0007132140275549,0.0008780021329603,0.0010276911702558,0.0010013979654439,0.0008823409456355,0.0007945233770888,0.0007852383179638,0.0008220314494497,0.0008977003425058,0.0009816997558983,0.0011693100159755,0.0014892540626472,0.0019715564796262,0.0023261242514463,0.002251192956545,0.0018183963921904,0.0014525477074147,0.0013777031887669,0.0014516799448797,0.0016267076481986,0.0018455573595374,0.0022727568555409,0.0029462273589907,0.003833514551076,0.0046786718720848,0.0049348787605574,0.0043716574871853,0.0038874026045024,0.0040555749837945,0.0047392416970311,0.0057475383746287,0.0070154696027122,0.0080204253945499,0.0084501847900318,0.0085616054995318,0.0086774517979605,0.0088347771455645,0.0087726453480552,0.0090052924837012,0.0094943200603268,0.0100926423282415,0.0109793654746791,0.0118636588860185,0.0126624776876558,0.0127740719496628,0.0125317926498777,0.0126183085746219,0.0132871799366359,0.0145289481242878,0.0159422729651185,0.0175615178555158,0.0189687249704743,0.0200975538641899,0.0214112595659972,0.0237647617254243,0.0268619797655132,0.0295081348398847,0.0303220093215051,0.0298564113333258,0.028812406227411,0.0276506457454904,0.0261963625130055,0.0248900327927461,0.0239816589710592,0.0233612087585008,0.0230464712870393,0.0226284700739073,0.0217841371273068,0.020424092906128,0.0188273230653885,0.0171677706052383,0.0156427213380204,0.0143309247137902,0.0133164669221938,0.012351992252616,0.0116631623522959,0.0110752532348017,0.0104633070950868,0.0098583898319057,0.0091974151089606,0.0083775964539751,0.0076566593398583,0.0069581972753991,0.0064101618463904,0.0059033885259231,0.0055112466363354,0.0050872144735848,0.0047676609200539,0.0045188734012559,0.0042030078384989,0.0039275366217483,0.0036500695511671,0.0033597162069405,0.0030664992463482,0.0028619676168377,0.0026735329823523,0.0024798917726566,0.0023040830830561,0.0021364313612851,0.0019811018675117,0.0018429540719323,0.0017524898276536,0.0016314803421414,0.0014692087480876,0.0013730606592044,0.0012766522415607,0.0011992478234346,0.0011094344010572,0.0010158028235257,0.0009529768159883,0.0009014317214065,0.0008470230104591,0.0007625029395455,0.0007175528402301,0.0006770283298434,0.000631904678021,0.000595111546535,0.0005516366435292,0.0005046906903831,0.000474579330417,0.0004554017783925,0.0004346622538049,0.0003898857069965,0.0003793857803224,0.0003612061552132,0.0003365183110911,0.0003262787131775,0.0003057995173504,0.000297468997014,0.0002820228238901,0.000269093162118,0.0002626717193586,0.0002529961670928,0.0002483536375303,0.0002375933820958,0.0002375933820958,0.0002309116105759,0.0002313454918434,0.0002107795197628,0.0002112134010303,0.0002726509885116,0.0001851805249789,0.0,0.0,0.0,0.0,0.0,0.0,0.0,0.0,0.0,0.0,0.0,0.0,0.0,0.0,0.0,0.0,0.0,0.0,0.0,0.0,0.0,0.0,0.0,0.0,8.677625350467594e-08,0.0,0.0,0.0,0.0,0.0,0.0,0.0,0.0,0.0,0.0,0.0,0.0,0.0,0.0,0.0,0.0,0.0,0.0,0.0,0.0,0.0,0.0,0.0,0.0,0.0,0.0,0.0,0.0,0.0,0.0,0.0,0.0,0.0,0.0,0.0,0.0,0.0,0.0,0.0,0.0,0.0,0.0,0.0,0.0,0.0,0.0,0.0,0.0,0.0,0.0,0.0,0.0,0.0,0.0,0.0,0.0,0.0,0.0,0.0,0.0,0.0,0.0,0.0,0.0,0.0,0.0,0.0,0.0,0.0,0.0,0.0,0.0,0.0,0.0,0.0
HNGH038,0.0,0.0,0.0,0.0,0.0,0.0,0.0,0.0,0.0,0.0,0.0,0.0,0.0,0.0,0.0,0.0,0.0,0.0,0.0,0.0,0.0,0.0,0.0,0.0,0.0,0.0,0.0,0.0,0.0,0.0,0.0,0.0,0.0,0.0,0.0,0.0,0.0,1.4869211346323447e-05,1.561267191363962e-05,1.6356132480955792e-05,1.7966963710140834e-05,1.846260408835161e-05,2.317118768135404e-05,0.0004369069933928,0.0003654108688358,0.0003383984682234,0.0003521524887187,0.0003800322599931,0.0004365352631091,0.0005309547551582,0.0006189309222907,0.0006785316777705,0.0006806381493779,0.0006563517708456,0.0005984857566895,0.000570358165226,0.0005672604128622,0.0005994770374459,0.0006730796336102,0.0007781553937909,0.0009472926728553,0.0011003216396279,0.0011072606049228,0.0009491513242736,0.0008671228416797,0.0008367648685143,0.0008520058101443,0.0009361407643456,0.0010091238100371,0.001171198213712,0.0014797343491482,0.0019328735649274,0.0022057855481798,0.0021687983849558,0.0017581603316081,0.0014045209217548,0.0013504961205298,0.001415796740359,0.0015502391929487,0.0017655949372813,0.0021731352382651,0.0027600973561612,0.0035575827247024,0.0042908826642652,0.0045667065347395,0.0039989504814991,0.0035404211766068,0.003635522174176,0.0042978216295602,0.0052183497219922,0.0064137723591893,0.0074831164751791,0.00790323365076,0.008025656824178,0.0081059505654482,0.0082429331749762,0.0082187087514911,0.0083551337655936,0.0087108176920072,0.0093315453106689,0.0101800196831185,0.0113098938802972,0.0122983247045441,0.0126219159164684,0.0121322232227962,0.0121946119554035,0.0128006562278607,0.0139038897547106,0.0153299090778703,0.0170355315293882,0.0185192310015621,0.0196701699148149,0.0208535732728404,0.0228429498408839,0.0255299402412591,0.0279536216907098,0.028990997002305,0.0289535761537501,0.0282674859602118,0.0272330844908859,0.0262405646335188,0.0251877005601046,0.0240539231949474,0.0235073557678755,0.0229891017974088,0.0226948772778934,0.0218561298478662,0.0206511041783413,0.0190627006762703,0.0175351989856719,0.0160988951246644,0.0147889176050533,0.0137791122894961,0.0127843000953797,0.0119951167031736,0.0113957635758222,0.010763946003698,0.0101560430798225,0.0094497555408722,0.008825124754232,0.0082473319833328,0.0074426598293076,0.0068550781609387,0.0064071431691307,0.0058665234265973,0.005577255310864,0.0051946828939326,0.004860497368924,0.004624200818612,0.0043735306973319,0.0041041501517743,0.003856577782858,0.0035404831316541,0.0033315707122383,0.0030068023544157,0.0028749620138116,0.0026515521133331,0.0025097989651648,0.0023431398879914,0.0022191058833442,0.0021362719851357,0.0019861549055851,0.0018492342511044,0.0017156591691766,0.001606122645592,0.0014504915668338,0.0013844474864372,0.0012575635496153,0.0011912716490296,0.0011289448714696,0.0010614138699383,0.0010055304172951,0.000945434021437,0.0008950026129541,0.000801946131945,0.0007614275310263,0.0007170677171764,0.0006627950957623,0.000642102109972,0.0005976183860276,0.0005496651794357,0.0005391328213987,0.0004770538640278,0.0004709822693947,0.000443474228404,0.0004212943214791,0.0003944058309612,0.0003859799445316,0.0003664641046395,0.0003474439051257,0.0003331942442521,0.0003279900202809,0.0003256357284844,0.0002994906985338,0.0002978798673046,0.0002892061606859,0.000278673802649,0.0002666545234774,0.0002652915124373,0.0002538917837384,0.000257609086575,0.0002480680092944,0.0002375356512575,0.0002444746165524,0.000325759638579,0.0002251446418022,0.0,0.0,0.0,0.0,0.0,0.0,0.0,0.0,0.0,0.0,0.0,0.0,0.0,0.0,0.0,0.0,0.0,0.0,0.0,0.0,0.0,0.0,0.0,0.0,0.0,0.0,0.0,0.0,0.0,0.0,0.0,0.0,0.0,0.0,0.0,0.0,0.0,0.0,0.0,0.0,0.0,0.0,0.0,0.0,0.0,0.0,0.0,0.0,0.0,0.0,0.0,0.0,0.0,0.0,0.0,0.0,0.0,0.0,0.0,0.0,0.0,0.0,0.0,0.0,0.0,0.0,0.0,0.0,0.0,0.0,0.0,0.0,0.0,0.0,0.0,0.0,0.0,0.0,0.0,0.0,0.0,0.0,0.0,0.0,0.0,0.0,0.0,0.0,0.0,0.0,0.0,0.0,0.0,0.0,0.0
HNGH039,0.0,0.0,0.0,0.0,0.0,0.0,0.0,0.0,0.0,0.0,0.0,0.0,0.0,0.0,0.0,0.0,0.0,0.0,0.0,0.0,0.0,0.0,0.0,0.0,0.0,0.0,0.0,0.0,0.0,1.3980175570744044e-05,1.5263380091730215e-05,1.614136213240496e-05,1.8842845334481105e-05,1.749210373344303e-05,1.6276436292508768e-05,2.0058512775415367e-05,1.6681658772820188e-05,1.6411510452612575e-05,2.2456079117257945e-05,2.8365573621799512e-05,2.593423873993098e-05,2.6542072460398112e-05,3.099951974382375e-05,0.000363146879439,0.0003100627345182,0.0002791982889345,0.0002766994169726,0.0003101302715983,0.0003597024883564,0.0004467577845433,0.0005427955123771,0.0005829125379279,0.0005775095715238,0.0005615708206315,0.0005246280378431,0.000500990059825,0.0004963637698414,0.0005226694625216,0.0005862893919305,0.0006925927559322,0.0008793327822757,0.0010289274145907,0.0010110300883769,0.0009141819155825,0.0008182792619088,0.0008032184930572,0.0008180766506687,0.0008602873257011,0.0009688194133445,0.0011519799744453,0.0014546473986979,0.0019403403098911,0.0022616817367781,0.0021801644811555,0.0017335080022322,0.0014034205234785,0.0013231527038368,0.0014058518583604,0.0015412299353244,0.001741038386658,0.0021869181891606,0.0028151481078034,0.0037601607004297,0.0045963710570924,0.0047835500744562,0.0041666326167221,0.0036009420342073,0.0035573130804938,0.0040449983355486,0.0049521563948058,0.0062785171099451,0.0074660215884977,0.0079895352645201,0.0080567008906317,0.008100059696025,0.0081306202247485,0.0079954447590246,0.007986800012778,0.0081538867488264,0.0086799330653507,0.0095140835410717,0.0107213088469995,0.0118554928008511,0.0120548622611644,0.0115792999119789,0.0114275103245622,0.0118016319795097,0.0127649808893701,0.0140705064153134,0.0155669254980234,0.0170752311068226,0.0182906621679767,0.019593519979258,0.0214323858263712,0.0237538041104552,0.0257403060145619,0.0265600035551518,0.0266933217511743,0.0263142023523029,0.0256453488800089,0.0247674343764142,0.0238688872948637,0.0230918731888665,0.0227624273123733,0.0222703183785751,0.021855032873336,0.0211520731756157,0.0200741476094473,0.0188764788003469,0.017562342296697,0.0163076384234927,0.0151721712651201,0.0141533406439971,0.0134202931771137,0.0126629998984917,0.0119787142034058,0.0113983005374398,0.010823424912038,0.0103241232792142,0.0097566429640781,0.0091341874657798,0.0084783348813957,0.0079208838226473,0.0075032345196063,0.0068101690041137,0.0064359460435461,0.0060515249838907,0.0057481146517575,0.005461183367157,0.0052618139068438,0.0049899096225548,0.0047112516302606,0.0044327962492066,0.0041307704272145,0.0038738593746971,0.0036459217295219,0.0034281821834346,0.0032316492804835,0.0029930407766602,0.0028352066205789,0.0026678497362102,0.0025509430506404,0.0023961480631614,0.0022764048202294,0.0020927714995683,0.0019589130069054,0.0018143836555943,0.0016899803541387,0.001586175862099,0.0015247846563318,0.0013974772604339,0.0013264957892994,0.0012581482642869,0.0011855459032311,0.0011221961221424,0.0010375046237573,0.000979895494473,0.0009130337852216,0.0008552220446972,0.0008008546952554,0.0007315616511222,0.0007021830212996,0.0006534887865822,0.0006388332402109,0.0005961498056181,0.0005939886190564,0.00053354293241,0.0005116609184732,0.0004816744549301,0.0004599275151534,0.0004285227729293,0.0004068433702326,0.0004011027184282,0.0003927281205018,0.0003740878864074,0.0003746957201279,0.0003447092565849,0.0003326876563356,0.000321476501047,0.0003108056423988,0.0003041870085537,0.0003053351389146,0.000301890747832,0.0002866949048203,0.0002877079610211,0.0002916251116641,0.0002830479024975,0.000279806122655,0.0002708912280881,0.0002769695652928,0.0002679871336459,0.000264205057163,0.0002637998346827,0.0002735251742102,0.0002789281406143,0.0002833180508177,0.0002731874888099,0.0003550424298328,0.0002540744951552,0.0,0.0,0.0,0.0,0.0,0.0,0.0,0.0,0.0,0.0,0.0,0.0,0.0,0.0,0.0,0.0,0.0,0.0,0.0,0.0,0.0,0.0,0.0,0.0,0.0,0.0,0.0,0.0,0.0,0.0,0.0,0.0,0.0,0.0,0.0,0.0,0.0,0.0,0.0,0.0,0.0,0.0,0.0,0.0,0.0,0.0,0.0,0.0,0.0,0.0,0.0,0.0,0.0,0.0,0.0,0.0,0.0,0.0,0.0,0.0,0.0,0.0,0.0,0.0,0.0,0.0,0.0,0.0,0.0,0.0,0.0,0.0,0.0,0.0,0.0,0.0,0.0,0.0,0.0,0.0,0.0,0.0
HNGH040,0.0,0.0,0.0,0.0,0.0,0.0,0.0,0.0,0.0,0.0,0.0,0.0,0.0,0.0,0.0,0.0,0.0,0.0,0.0,0.0,0.0,0.0,0.0,0.0,0.0,0.0,0.0,0.0,0.0,0.0,0.0,0.0,0.0,0.0,0.0,0.0,0.0,0.0,1.682912169754619e-05,2.038309770820812e-05,2.0748948179893903e-05,2.001724723652233e-05,2.2473671832126897e-05,0.0004265293856325,0.0003606240363759,0.0003373663992473,0.0003253455980348,0.0003678365171035,0.0004151880210102,0.0005092638565866,0.0005872945357618,0.0006447330598165,0.0006479211853555,0.0006261269501136,0.0005761360963754,0.000521232393446,0.0005154833146052,0.0005396294457365,0.0006299945122429,0.0007294013118352,0.0008941385528,0.0010197297932944,0.0010186845062325,0.0009049572738913,0.0007957247759165,0.0007793921655734,0.0008093919042517,0.00086824156584,0.0009425876081218,0.0011147986515796,0.0014220085190895,0.0018565866150991,0.0021478297227376,0.0020511145373298,0.0016299683800663,0.0012971489795385,0.0012229335981393,0.0012827240180834,0.0013923223665299,0.0015942195625473,0.0019678835550212,0.0025286539315859,0.0033842213917997,0.0041995975644811,0.0043596832780202,0.0037808294352836,0.0032791700420728,0.0033450492591527,0.0039297044450832,0.0049049050095382,0.0061967491572373,0.0072780724906577,0.0078312122716701,0.007885854652834,0.0079315859617947,0.0079430057229466,0.0078398620221078,0.0078225886534089,0.0082945618940601,0.0088777798102803,0.0097933467478506,0.0109897039224397,0.0120773251104084,0.0123384639506624,0.011851726030261,0.0117446102385867,0.0123229937021454,0.01351590142943,0.0149370214545169,0.0165368855671988,0.0180562364439334,0.0193873572529856,0.0208117438001411,0.0229403925052917,0.025821830820289,0.0282817571275511,0.0292053727754984,0.0291366974155277,0.0285056314840463,0.0274278621266365,0.0264027752371495,0.0252713303891081,0.0244346826247158,0.0240705046123291,0.0236028954451616,0.0231643452583165,0.0223193351974285,0.0209729009329187,0.0194029842945618,0.0177412391878119,0.0162036219196696,0.0149304622782031,0.013878380850341,0.012990958266914,0.0121737789740507,0.0115634097263961,0.0108829278490605,0.0102443881150861,0.0096797501763921,0.0089991637703504,0.0083959286068936,0.0075740977866046,0.0070228133901272,0.0065858050016985,0.0060953563122272,0.0057068492434734,0.0053398489560195,0.0050213499882405,0.0047673713643609,0.0045309796952988,0.0042614785585491,0.0040054354927221,0.0037713434551963,0.0035363106593148,0.0032679070739801,0.0030065069119606,0.0027909164554315,0.0026392453027412,0.0024657799148091,0.002314788198709,0.0021883084642119,0.0020727519795123,0.0019605926777641,0.001833590299736,0.0016941490056706,0.0015734183500143,0.0014567120495466,0.0013529673086471,0.0012514699349308,0.0011813834374265,0.0011247288786683,0.0010542242663391,0.0009959495126349,0.0009575352131078,0.0008678495831917,0.0008040870724122,0.00076238011864,0.0006981733608592,0.0006594716073901,0.0006224684453968,0.0006040191287532,0.0005572425327305,0.0005224344735673,0.0005076436616405,0.0004878877361695,0.0004608670656178,0.0004370867849583,0.0004137768834766,0.0004003972090835,0.0003627146104999,0.0003521572111741,0.0003398228238429,0.0003310424125225,0.0003385162150155,0.0003221052081427,0.0003011994669035,0.000296129824653,0.0002832727937909,0.000279562024721,0.0002675412235085,0.0002602764784278,0.0002451198160294,0.0002574542033605,0.0002520187106384,0.0002543706065278,0.0003252410693286,0.0002290223952753,0.0,0.0,0.0,0.0,0.0,0.0,0.0,0.0,0.0,0.0,0.0,0.0,0.0,0.0,0.0,0.0,0.0,0.0,0.0,0.0,2.6132176548984773e-08,0.0,0.0,0.0,0.0,0.0,0.0,0.0,0.0,0.0,0.0,0.0,0.0,0.0,0.0,0.0,0.0,0.0,0.0,0.0,0.0,0.0,0.0,0.0,0.0,0.0,0.0,0.0,0.0,0.0,0.0,0.0,0.0,0.0,0.0,0.0,0.0,0.0,0.0,0.0,0.0,0.0,0.0,0.0,0.0,0.0,0.0,0.0,0.0,0.0,0.0,0.0,0.0,0.0,0.0,0.0,0.0,0.0,0.0,0.0,0.0,0.0,0.0,0.0,0.0,0.0,0.0,0.0,0.0,0.0,0.0,0.0,0.0,0.0
HNGH041,0.0,0.0,0.0,0.0,0.0,0.0,0.0,0.0,0.0,0.0,0.0,0.0,0.0,0.0,0.0,0.0,0.0,0.0,0.0,0.0,0.0,0.0,0.0,0.0,0.0,0.0,0.0,0.0,0.0,0.0,0.0,0.0,0.0,0.0,0.0,0.0,0.0,0.0,0.0,0.0,0.0,0.0,0.0,0.0,0.0,0.0002304845672131,0.0002263988813002,0.0002535070830715,0.0002926129339521,0.0003519526579251,0.0004181018584196,0.0004348337150153,0.0004476095900127,0.0004202419796121,0.0003830168412946,0.0003663498368562,0.000380487607158,0.0004022130798694,0.000453640840646,0.0005141479034513,0.0006186247289382,0.0007005330036682,0.0007001438907241,0.0006282228482256,0.0005601929351681,0.0005589607441785,0.0005740712968404,0.0006328273513973,0.0006855521553209,0.0007857163123442,0.0010447034027116,0.0013610522262529,0.0016113815536144,0.0015692276513385,0.0012326449547048,0.0009972640496119,0.0009380216038749,0.0009769328982834,0.001125768599396,0.0013166284984698,0.001627529740794,0.00209608657763,0.0028486310114909,0.0035323673064061,0.0037225786839065,0.0032002594086293,0.0028132217335792,0.0028710698579332,0.0034693958616217,0.004368311614616,0.0055017327685791,0.0064965324362118,0.0069040958190624,0.0069679103418924,0.0070780941572259,0.0071716758202784,0.0071052023589972,0.0071762803234501,0.0076497010720872,0.0083552925440285,0.0095641043309081,0.0107536874531341,0.0117892142755811,0.012050244208905,0.0116394706442656,0.0116741016962892,0.0122185031311432,0.0134864925116024,0.0151113308878665,0.0169146748272298,0.0187162353322659,0.0201208033560991,0.0215849705125347,0.0238498672557404,0.0269868309587986,0.0294508238250613,0.0304842429523944,0.0305039580082281,0.0300202257665727,0.0292659303244634,0.0281907139817198,0.0269321930162333,0.0260713454796019,0.0254051841193279,0.024750242182275,0.0241973775408872,0.0232584804328881,0.021916527166974,0.0203764829864418,0.0188485661593336,0.0172876395841355,0.015876845753197,0.0147173540319802,0.0137123401495652,0.0127159840301562,0.0119020894554445,0.0111093042579494,0.0104590965283829,0.0098189408832053,0.0092042397097865,0.0083646312546865,0.0077513568287295,0.0071666822041626,0.0066109640678515,0.0061076789007559,0.005668727073749,0.0052392760877936,0.0048956893581663,0.0045977585473116,0.0043655878240074,0.0041295259712623,0.003899949334252,0.0036621040471799,0.0033078491376689,0.0030969499219747,0.0028670490241776,0.002672687108607,0.0024823784528707,0.0023295543440812,0.0021850637375108,0.0020655412115193,0.0019756561214356,0.0018729303041971,0.0017015260523275,0.0015978274527288,0.0014909835234987,0.0013544373062035,0.0012583588350931,0.0011738240479905,0.0011092312992724,0.0010518371400198,0.0009805646190949,0.0009276452586993,0.0008738828202581,0.0008295887967898,0.0007646717872849,0.0007026731248606,0.0006549419370528,0.0006015037593984,0.0005518918590276,0.0005238757270534,0.0005064953488843,0.0004860669193198,0.0004660924548568,0.000436649575421,0.0004050017226354,0.0003885292746691,0.0003579190564011,0.0003385931135115,0.0003212127353423,0.0002990981496868,0.000293715420627,0.0002902782562876,0.0002859980139026,0.0002843767099689,0.0002629106458869,0.0002600571509636,0.0002476055367529,0.0003025353140263,0.0002152443102365,0.0,0.0,0.0,0.0,0.0,0.0,0.0,0.0,0.0,0.0,0.0,0.0,0.0,0.0,0.0,0.0,0.0,0.0,0.0,0.0,0.0,0.0,0.0,0.0,0.0,0.0,0.0,0.0,0.0,0.0,0.0,0.0,0.0,0.0,0.0,0.0,0.0,0.0,0.0,0.0,0.0,0.0,0.0,0.0,0.0,0.0,0.0,0.0,0.0,0.0,0.0,0.0,0.0,0.0,0.0,0.0,0.0,0.0,0.0,0.0,0.0,0.0,0.0,0.0,0.0,0.0,0.0,0.0,0.0,0.0,0.0,6.485215734754678e-08,0.0,0.0,0.0,0.0,0.0,0.0,0.0,0.0,0.0,0.0,0.0,0.0,0.0,0.0,0.0,0.0,0.0,0.0,0.0,0.0,0.0,0.0,0.0,0.0,0.0,0.0,0.0,0.0,0.0
HNGH042,0.0,0.0,0.0,0.0,0.0,0.0,0.0,0.0,0.0,0.0,0.0,0.0,0.0,0.0,0.0,0.0,0.0,0.0,0.0,0.0,0.0,0.0,0.0,0.0,0.0,0.0,0.0,0.0,0.0,0.0,0.0,1.2742161999619847e-05,1.785077072757804e-05,1.561942438663078e-05,1.7498452884270576e-05,1.7968210008680525e-05,1.6441499354348192e-05,1.5032227981118348e-05,1.691125647875814e-05,3.029933452444167e-05,2.530816507758597e-05,2.8596464948455606e-05,2.7774389980738195e-05,0.0005335853736891,0.0004368741257012,0.0004037562484303,0.0004090410160799,0.000438988032761,0.0005150299672749,0.0006422167087089,0.0007503195669637,0.0008292094040443,0.000804459075552,0.0007754515731197,0.0006893685800715,0.0006324105287368,0.0006354639500455,0.0006861977194818,0.0007467376688901,0.0009016988003048,0.0011371058392748,0.0013297062602829,0.0013352259064947,0.0011350506518555,0.0009851687693484,0.0009342294811702,0.0009680519941278,0.0010247164472597,0.0011486736084634,0.0013736285514152,0.0017628223289888,0.0023146107912489,0.0026529533601051,0.0025329304148184,0.0019382766149559,0.0015447375839815,0.0014217786566672,0.0014779146330342,0.0016070391226064,0.0018489640416775,0.0022863079245032,0.0029212433977838,0.0038773165852391,0.0047326268695085,0.0048345641655055,0.0041318662270288,0.0035565605487279,0.0035505711453917,0.0041550898448668,0.0051424312409157,0.0064642690693647,0.0076303236914313,0.008017286122664,0.0080112086398669,0.0080490534482022,0.0080455889894097,0.0079877501434667,0.0078365470690473,0.0081841379812903,0.0087510467509923,0.0095790524024054,0.0108534447612891,0.0118928998383272,0.0120329168212216,0.0115319795676789,0.0114405824471609,0.0118278971962369,0.0129849089936586,0.0142940046601081,0.0159118481965759,0.0173729983722328,0.0186096633620623,0.0199079839744705,0.0216654921759895,0.0242399960963182,0.0264075435478066,0.0273499644188338,0.0273538986347507,0.0269675233999235,0.0261813554924032,0.0251333860674851,0.024167536059878,0.0234167467357898,0.0230329551651469,0.022644054985776,0.0222794060179528,0.021624740745447,0.0204961492540521,0.0191162083412776,0.0176214118115848,0.0162729152663255,0.0150598262121774,0.0140642640664513,0.0132546670223511,0.0124348821206151,0.0118496234632409,0.011183449141187,0.0106401456669867,0.0100787565434965,0.0094232104763824,0.0087432957584396,0.0081142322492141,0.0075149395977481,0.0068732807256244,0.0064609220498533,0.0060282757382717,0.0056453356024168,0.0053446323231539,0.0050507111623746,0.004799361740995,0.0045414944395142,0.0042495403866934,0.003962841741702,0.0037263483893819,0.0034705656351406,0.0032231210698577,0.0030297572935225,0.0027955833670041,0.0026276451950275,0.0024753264474376,0.0023466129953493,0.002219602412837,0.0020804662245508,0.001940096923813,0.0018092402048446,0.0016918890032029,0.0015711614222296,0.0014935927770614,0.0013527243593789,0.0012717499750588,0.001204985743752,0.0011348744929338,0.0010790321147696,0.0010277111489278,0.0009586568516396,0.0009033429502403,0.000833114260141,0.0007812648175342,0.0007160860165224,0.0006741014735282,0.0006408074373357,0.0006135028044793,0.0005818529182222,0.0005636498296513,0.0005441549089883,0.0005119765459662,0.0004722233493131,0.0004480895770465,0.0004190820746142,0.0004047544823197,0.0003918948810389,0.0003699337354728,0.0003658820802747,0.0003627699393255,0.0003459761221279,0.0003317072494739,0.0003210789945341,0.0003058412478111,0.000301995111355,0.0002876087994199,0.0002815019568026,0.0002763346284341,0.0002695231501302,0.0002693469912085,0.0002694644304896,0.0002689946733652,0.0002685249162408,0.0002540798846652,0.0002477381634856,0.000252142136527,0.0002563112310061,0.0002475032849234,0.0003406326348377,0.0002330582533478,0.0,0.0,0.0,0.0,0.0,0.0,0.0,0.0,0.0,0.0,0.0,0.0,0.0,0.0,0.0,0.0,0.0,0.0,0.0,0.0,0.0,0.0,0.0,0.0,0.0,0.0,0.0,0.0,0.0,0.0,0.0,0.0,0.0,0.0,0.0,0.0,0.0,0.0,0.0,0.0,0.0,2.9359820275621773e-08,0.0,0.0,0.0,0.0,0.0,0.0,0.0,0.0,0.0,0.0,0.0,0.0,0.0,0.0,0.0,0.0,0.0,0.0,0.0,0.0,0.0,0.0,0.0,0.0,0.0,0.0,0.0,0.0,0.0,0.0,0.0,0.0,0.0,0.0,0.0,0.0,0.0,0.0,0.0,0.0,0.0,0.0,0.0,0.0,0.0
HNGH043,0.0,0.0,0.0,0.0,0.0,0.0,0.0,0.0,0.0,0.0,0.0,0.0,0.0,0.0,0.0,0.0,0.0,0.0,0.0,0.0,0.0,0.0,0.0,0.0,0.0,0.0,0.0,0.0,0.0,0.0,0.0,0.0,0.0,0.0,0.0,0.0,0.0,0.0,0.0,0.0,0.0,0.0,0.0,0.0,0.0,0.0002251939482879,0.0002340933654883,0.0002690719443976,0.000327343780501,0.0004014024088555,0.0004684962759227,0.00051554710773,0.0005282384505201,0.0005104396161193,0.0004717464978568,0.0004512391451777,0.0004596742449589,0.0004861403378505,0.0005495196655645,0.0006196315958562,0.0007489439970896,0.0008650233518772,0.0008721428856375,0.000740005886771,0.0006902078435671,0.0006857968280851,0.0007235613115094,0.0007620222710623,0.0008599932465031,0.001007800958266,0.001283257267177,0.0016669769209866,0.0019593421225783,0.0018807950925053,0.0014797022285959,0.0012148091409705,0.001224018103117,0.0013259357766206,0.0014684812242997,0.0017372436237513,0.0021537363487293,0.0028505994086375,0.0037834904899473,0.0046530796297796,0.0048170610649762,0.0042613891936079,0.0039481297081544,0.0040717542210032,0.0048173706099223,0.0059460488696405,0.0073540140569777,0.0086245412882463,0.0092548908778613,0.009249976851842,0.0092089234533654,0.0092366277260414,0.0090560856362284,0.0091167177525458,0.0097561602249525,0.0102867202625684,0.0113279520750132,0.0125884577886519,0.0136774369090327,0.01389841330743,0.0134430726917165,0.0135625957340295,0.014159127538283,0.0154751578766284,0.0171148561492399,0.0187630282147509,0.0204457532348704,0.022003073858701,0.0239018999443167,0.0264652416429732,0.0299163582470454,0.0324010755293924,0.0330062358990185,0.0323219094094273,0.0308902640337134,0.0293471437842852,0.0277403346621968,0.0262683710572534,0.025077319490896,0.024305623940268,0.0234542979522557,0.0223165268097458,0.0209918679060278,0.0192663096039918,0.0175255062133602,0.0157861731612227,0.0142361268436255,0.0129888154833143,0.0119174030386247,0.0110472721951368,0.0102217932101238,0.0095436576194546,0.00883112384665,0.0080148925169018,0.00742834353716,0.0068623792963339,0.006231758854891,0.0057294447936068,0.00530958576734,0.004842675909266,0.0045618412569165,0.00423929542308,0.0039354770584825,0.0036804507160142,0.0034728621365357,0.0031937299813897,0.0030273495728608,0.002810435951881,0.0026688965252767,0.0024898634670759,0.0023348201421979,0.0021734698390432,0.0020200903182505,0.0019024245456141,0.0017432797502003,0.001612651782946,0.0015136747864304,0.0014452653533422,0.0013326683791982,0.0012760216540619,0.0011970876928063,0.0011183858902603,0.0009802514580631,0.0009185746275526,0.0008541118925272,0.0007987807334118,0.0007658915828886,0.0007172156401143,0.0006848681932468,0.0006221853416615,0.0005968800423178,0.0005512995490046,0.0005211189167598,0.0004900870359132,0.000458513451411,0.0004221419202442,0.0003997772978885,0.0003724599563951,0.0003575244127458,0.0003394160333989,0.0003336120656595,0.0003157358450222,0.0002990978041694,0.0002820728321338,0.0002788226101998,0.0002706970553647,0.0002752628433196,0.0003126403955612,0.0002230271336652,0.0,0.0,0.0,0.0,0.0,7.73862365250732e-08,0.0,0.0,0.0,0.0,0.0,0.0,0.0,0.0,0.0,0.0,0.0,0.0,0.0,0.0,0.0,0.0,0.0,0.0,0.0,0.0,0.0,0.0,0.0,0.0,0.0,0.0,0.0,0.0,0.0,0.0,0.0,0.0,0.0,0.0,0.0,0.0,0.0,0.0,0.0,0.0,0.0,0.0,0.0,0.0,0.0,0.0,0.0,0.0,0.0,0.0,0.0,0.0,0.0,0.0,0.0,0.0,0.0,0.0,0.0,0.0,0.0,0.0,0.0,0.0,0.0,0.0,0.0,0.0,0.0,0.0,0.0,0.0,0.0,0.0,0.0,0.0,0.0,0.0,0.0,0.0,0.0,0.0,0.0,0.0,0.0,0.0,0.0,0.0,0.0,0.0,0.0,0.0,0.0,0.0,0.0,0.0,0.0,0.0,0.0,0.0,0.0,0.0
HNGH044,0.0,0.0,0.0,0.0,0.0,0.0,0.0,0.0,0.0,0.0,0.0,0.0,0.0,0.0,0.0,0.0,0.0,0.0,0.0,0.0,0.0,0.0,0.0,0.0,0.0,0.0,0.0,0.0,0.0,0.0,0.0,0.0,0.0,0.0,0.0,1.499666829337383e-05,1.368490298166028e-05,1.7939276965596117e-05,1.900287046158008e-05,2.1555494851941585e-05,2.198093225033517e-05,1.971193279223605e-05,2.3044525746319125e-05,0.0003377263880914,0.0002703654666791,0.000249731752857,0.0002510789712852,0.0002836958384954,0.0003361664509639,0.0004179213376886,0.0005088231284787,0.0005358738563932,0.0005400927772606,0.0005175800482623,0.0004751426677725,0.0004465674558471,0.0004517436108609,0.0004969108813237,0.0005553376173697,0.000649642907347,0.0007852865312014,0.0008944821301225,0.0008973892856781,0.0007800394699546,0.0006976464271324,0.0007261507328247,0.0007327804656164,0.0007810321572175,0.0008816126488211,0.0010143845702364,0.0013005621268891,0.0016492435279892,0.0019359883345065,0.0018622813052348,0.0015224277301514,0.0012736177583242,0.0012076749615732,0.0013019093453174,0.0014426227648361,0.0016417629204008,0.0020472756673029,0.00259803983264,0.0034376050852532,0.0041807733140137,0.0044302214419385,0.003932991482566,0.0034546225811889,0.0035021297573429,0.0040320120370421,0.0049428735070027,0.006195928457738,0.0072754404030452,0.0077576027878912,0.0078241837407398,0.007882220492504,0.0079812055938636,0.0079387327602573,0.0079596500990116,0.0083779968740987,0.0088846219093524,0.0098455786329739,0.0109868144541647,0.0119701420943184,0.0121514493322671,0.0117674566271003,0.0118585711365896,0.0123564037989432,0.0135272429724389,0.0147887712180255,0.0163597697178268,0.017814907432799,0.0191657066258152,0.0207103280069161,0.0229185253701615,0.0257644179404823,0.0282013233584808,0.0290753135872473,0.0288006228403512,0.0280877315731097,0.0271197551324147,0.0261077459209859,0.0250039131377373,0.0242463509436644,0.0239018530103152,0.0235500162818437,0.0229199434948228,0.0220153217733719,0.0207548216681648,0.0192397681862522,0.0176355501162596,0.0161574033286576,0.0149382061042112,0.0140001520938699,0.0132321312304199,0.0124141214726586,0.0118007825566412,0.0111068232536282,0.0104652282037341,0.0098366444476076,0.0092166048925655,0.008476698350526,0.0078946999895236,0.0071476319179444,0.0067422964366249,0.0063049467910763,0.0059161324620611,0.0055269990549971,0.0051754814045744,0.0048953663308488,0.0046067070560387,0.0043637113953229,0.0040679969503229,0.0038080901530209,0.0036281301335004,0.0033640753215641,0.0031553982776521,0.0029044256657164,0.0027087599155719,0.0025492917974074,0.0024247804521442,0.0022685740207007,0.0021008098732675,0.0019977122103901,0.0018644084922268,0.0017683305464229,0.0016699836011609,0.0015026803442426,0.0013943001670019,0.001313927951822,0.0012213598645549,0.0011547789117063,0.0010999683935466,0.0010367909398851,0.0009800659534326,0.0009352532141352,0.00084215333012,0.0007947170601992,0.0007472098840452,0.0006951647089751,0.0006566626244204,0.0006361707230645,0.0005866781723847,0.0005555503360689,0.000516764626582,0.0004855658840332,0.0004742917929757,0.0004556434536795,0.0004211830244096,0.0004033146536771,0.000391331500289,0.0003699178179032,0.0003536093842981,0.0003433279805036,0.0003431861680374,0.0003338974515058,0.0003164545181717,0.0003078748639708,0.0002921336802302,0.0002847594319914,0.0002819231826688,0.0002722090287388,0.0002618567187112,0.0002768888401211,0.0002624948748088,0.0002538443143748,0.0002550497203369,0.0002544824704724,0.0002571060010958,0.0002571769073289,0.0003082293951361,0.0002249854775171,0.0,0.0,0.0,0.0,0.0,0.0,0.0,0.0,0.0,0.0,0.0,0.0,0.0,0.0,0.0,0.0,0.0,0.0,0.0,0.0,0.0,0.0,0.0,0.0,0.0,0.0,0.0,0.0,0.0,0.0,0.0,0.0,0.0,0.0,0.0,0.0,0.0,0.0,0.0,0.0,0.0,0.0,0.0,0.0,0.0,0.0,0.0,0.0,0.0,0.0,0.0,0.0,0.0,0.0,0.0,7.09062330655973e-08,0.0,0.0,0.0,0.0,0.0,0.0,0.0,0.0,0.0,0.0,0.0,0.0,0.0,0.0,0.0,0.0,0.0,0.0,0.0,0.0,0.0,0.0,0.0,0.0,0.0,0.0,0.0,0.0,0.0,0.0,0.0,0.0,0.0,0.0
HNGH045,0.0,0.0,0.0,0.0,0.0,0.0,0.0,0.0,0.0,0.0,0.0,0.0,0.0,0.0,0.0,0.0,0.0,0.0,0.0,0.0,0.0,0.0,0.0,0.0,0.0,0.0,0.0,0.0,0.0,0.0,0.0,0.0,0.0,0.0,0.0,0.0,1.840131143444303e-05,1.5506000194757937e-05,1.814395043535991e-05,2.3033809417939176e-05,1.9559435930317066e-05,1.9945477428941745e-05,3.0818979640203534e-05,0.0003814090006411,0.0003065812901577,0.0002776281777609,0.0002771777960125,0.0003144308006298,0.0003636510917044,0.0004954842634847,0.0005840807874191,0.0006243577837756,0.0006259662900199,0.0005831156836725,0.0005185824131524,0.0004764717196775,0.0005088348653122,0.0005304210191103,0.0006067928955882,0.0007220262829276,0.0009092564097606,0.0010477166272673,0.0010425050670359,0.0008918202020727,0.0007845650057048,0.0007741097151171,0.000776651154983,0.0008336566162799,0.0009356359121666,0.0011130863210344,0.0014393557276221,0.0019213928789047,0.0022291322935584,0.0021796546414847,0.0016946900088374,0.0013341594192468,0.0012169958244143,0.0012840383646754,0.0014170296609516,0.0016373306761668,0.0020420951874747,0.002594134530508,0.0034503102342078,0.0042311756755509,0.0044331718897062,0.0037585965409845,0.0032617289621296,0.0032442927544418,0.0037843648110177,0.0046897608057921,0.0059968329798855,0.0070627900679629,0.0074801974383508,0.0074801974383508,0.0074995638535318,0.0075680862195377,0.00739201912604,0.0073387132291049,0.0078329428577191,0.0083906441427322,0.0092795368634404,0.0104548402060033,0.0114315251975237,0.0116246102870858,0.0111959755431129,0.0110689357199405,0.0115813736392399,0.0126183132746706,0.0138596940537481,0.015528422771803,0.0169747915866501,0.0182744002917701,0.0196315613503101,0.0215062110377564,0.0240311797997609,0.0262972755668126,0.0272651781142393,0.0273224731066602,0.0268320395527825,0.0260538764019298,0.0252962056206291,0.0245941248151303,0.0239608559067614,0.0238468128140427,0.0237257244639741,0.0232821306119294,0.0225267439094956,0.0211844776187776,0.0198208503651357,0.0183598119733408,0.0170936601981017,0.0158928137763798,0.0149821418811242,0.014151637937083,0.0133622474126453,0.0126739354205975,0.0120198524414277,0.0113115306317012,0.0105969678177469,0.0099472278054367,0.00924878222405,0.0085679337009756,0.0080917515124221,0.0073820785574504,0.0069038374809042,0.006485368496395,0.006041034731478,0.005680343291263,0.0053591889345322,0.0050952330598475,0.0047901637655594,0.0044902416912529,0.0042504455803572,0.0040021565564918,0.0037581461592361,0.0035119160233633,0.0032529786881608,0.002973355962657,0.002778276325352,0.002597222862497,0.0024480821635284,0.00230447472604,0.0021627331557949,0.0020708552791223,0.0018991954927338,0.001816904313277,0.0016925346104701,0.0015441016542489,0.001414681241835,0.0013081016180897,0.001238678488587,0.0011657809855967,0.001110126669545,0.0010529925277485,0.0009874941534819,0.0009270143186973,0.0008734188906383,0.0007828921592108,0.0007464755778405,0.0006814275853223,0.0006455257259502,0.0006178594185487,0.0005876195011565,0.0005750088122014,0.0005421309445685,0.0004970284294792,0.0004694264623276,0.0004362268934458,0.0004268332169793,0.0004054079138056,0.0003914460796054,0.0003724013656732,0.0003743315731663,0.0003518124857466,0.0003349553403066,0.0003290360373277,0.0003170687508704,0.0003056805266609,0.0002886947007214,0.0002797514060033,0.0002708081112852,0.0002656608913035,0.0002673337377975,0.0002681701610446,0.0002661112730519,0.0002686848830427,0.0002538222853457,0.0002551734305909,0.0002592268663264,0.0002512486753548,0.0003171330911201,0.0002211374384621,0.0,0.0,0.0,0.0,0.0,0.0,0.0,0.0,0.0,0.0,0.0,0.0,0.0,0.0,0.0,0.0,0.0,0.0,0.0,0.0,0.0,0.0,0.0,0.0,0.0,0.0,0.0,0.0,0.0,0.0,0.0,0.0,0.0,0.0,0.0,0.0,0.0,0.0,0.0,0.0,0.0,3.217012488538991e-08,0.0,0.0,0.0,0.0,0.0,0.0,0.0,0.0,0.0,0.0,0.0,0.0,0.0,0.0,0.0,0.0,0.0,0.0,0.0,0.0,0.0,0.0,0.0,0.0,0.0,0.0,0.0,0.0,0.0,0.0,0.0,0.0,0.0,0.0,0.0,0.0,0.0,0.0,0.0,0.0,0.0,0.0,0.0,0.0,0.0,0.0,0.0
HNGH046,0.0,0.0,0.0,0.0,0.0,0.0,0.0,0.0,0.0,0.0,0.0,0.0,0.0,0.0,0.0,0.0,0.0,0.0,0.0,0.0,0.0,0.0,0.0,0.0,0.0,0.0,0.0,0.0,0.0,0.0,0.0,0.0,1.5384533787685213e-05,1.3839055507643775e-05,1.8124245284122303e-05,2.065320974237193e-05,1.7281257131372434e-05,1.7000261080455808e-05,1.791349824593484e-05,2.360366827699649e-05,2.0723458755101088e-05,2.493839951885046e-05,2.957483435897477e-05,0.000366489099408,0.0003097981461355,0.0002978558139716,0.0003093415275528,0.0003451333995383,0.0003898820206468,0.0004715816224508,0.0005437273585236,0.0005941661496632,0.0006075837110944,0.0005900214579121,0.0005552130721048,0.0005169624846738,0.0005227229037176,0.0005775171336463,0.0006268319405822,0.0007279202698995,0.0008712985048797,0.0009869283798319,0.0009593205178293,0.0008661000779377,0.0007708072921706,0.0007672597170278,0.0007775511973926,0.0008545089908374,0.0009150285153036,0.001040317629506,0.0013151668918088,0.001691982596088,0.001978984937593,0.0019022730156928,0.0015473047543723,0.0012399653236823,0.0012153079202144,0.0012967967749802,0.0014420014842913,0.0016771249298958,0.0020778252985029,0.00264480508024,0.0033617313796474,0.0040988893947208,0.0042341889932371,0.0037374230997229,0.003387512767319,0.003531066624831,0.0041169433909922,0.0050141286570626,0.0061405715761746,0.0071195266930617,0.0075737919338748,0.0076013997958774,0.007617451695286,0.0076876655835088,0.0076782873403095,0.0078565793346161,0.0083181855972593,0.0089209221264755,0.0097969273152081,0.0109967453281157,0.0120268066017633,0.0123462991116555,0.0119566629625533,0.0119164454027658,0.012414265031471,0.0134735498944139,0.0148414737947824,0.0164528456487638,0.0179445483095611,0.019228981258301,0.0206156967695745,0.0225785946832526,0.0250938957085264,0.0271669089496574,0.0277790588465793,0.0275863306801569,0.0269665938898602,0.0262156670682919,0.0252378008111021,0.0244277243208158,0.0237385815059428,0.0233603256969026,0.0228561485325455,0.0223755047874526,0.0214682387880556,0.0202756212989527,0.0188281403916684,0.0173942877928536,0.016170866111669,0.0149721018339523,0.0140987661077034,0.0133631184464037,0.0125429260982844,0.0118680789575018,0.0112033827990585,0.0105585319867112,0.0099544958507596,0.0092967192200701,0.0086495501903028,0.0080837646417821,0.0075431984888313,0.0069708797821269,0.0065665967138706,0.0061304205938352,0.0057507246800341,0.0054046780433303,0.0050839913002217,0.0048113197573135,0.0045557187244985,0.0042788673653329,0.0040527709178641,0.0038070749958438,0.0035949229774018,0.0033743410774322,0.0031707594385431,0.0028766970712589,0.0027369717849406,0.0025735725813326,0.0024588559435459,0.0022850598860539,0.0021889592366405,0.0020545026262769,0.0019467406407503,0.0018180444494305,0.0016877325308179,0.0015820077666605,0.0014535223223789,0.0013476570601961,0.0013105655814751,0.0012335726635239,0.0011483606110835,0.0011162568122662,0.0010399663844424,0.0009988707119958,0.0009340308732468,0.0008692612835105,0.0007925493616103,0.0007496974638455,0.000708320795348,0.0006676466169779,0.0006398280079371,0.0006311873793714,0.0006094101854254,0.0005847879064638,0.0005343842398306,0.0005176649748011,0.0004874578993276,0.000474883326049,0.0004498746775175,0.0004406018078372,0.0004264115072659,0.0004002788745307,0.0003795554157756,0.0003842620996284,0.0003726710125281,0.000352720292913,0.0003353336622626,0.000332488577247,0.0003154883161666,0.0003045997191936,0.000310711383301,0.0002968723277934,0.0003027732448626,0.0003053724583336,0.0002894961814568,0.0002927276360423,0.0002826820272221,0.0002838762604385,0.0002883721972531,0.0002807150548657,0.0002726364184018,0.000347030122882,0.0002674379914598,0.0,0.0,0.0,0.0,0.0,0.0,0.0,0.0,0.0,0.0,0.0,0.0,0.0,0.0,0.0,0.0,0.0,0.0,0.0,0.0,0.0,0.0,0.0,0.0,0.0,0.0,0.0,3.5124506364578114e-08,0.0,0.0,0.0,0.0,0.0,0.0,0.0,0.0,0.0,0.0,0.0,0.0,0.0,0.0,0.0,0.0,0.0,0.0,0.0,0.0,0.0,0.0,0.0,0.0,0.0,0.0,0.0,0.0,0.0,0.0,0.0,0.0,0.0,0.0,0.0,0.0,0.0,0.0,0.0,0.0,0.0,0.0,0.0,0.0,0.0,0.0,0.0,0.0,0.0,0.0,0.0,0.0,0.0,0.0,0.0,0.0,0.0,0.0
HNGH047,0.0,0.0,0.0,0.0,0.0,0.0,0.0,0.0,0.0,0.0,0.0,0.0,0.0,0.0,0.0,0.0,0.0,0.0,0.0,0.0,0.0,0.0,0.0,0.0,0.0,0.0,0.0,0.0,0.0,0.0,0.0,0.0,0.0,1.3842720851382704e-05,1.3132837730798977e-05,1.2529437078302806e-05,1.3345802666974094e-05,1.6185335149309006e-05,1.930882087987741e-05,1.966376244016928e-05,1.6682253333717618e-05,2.122550530545348e-05,2.22193416742707e-05,0.0002865798157796,0.000233551546672,0.0002139587725439,0.0002182890595794,0.0002400114830693,0.0002997836418225,0.0003806393292569,0.0004482911906486,0.0004977345499972,0.0004863054317558,0.000460927110195,0.000425645919102,0.0003891579267039,0.0003947660033566,0.0004262138255984,0.000485276101231,0.0005725207367507,0.0007169819517895,0.0008260909874232,0.0008094087340895,0.0007001577218317,0.000616604478539,0.0006325058604401,0.0006530214826249,0.0006770510262567,0.000766176852046,0.0009044265897796,0.0011694614528496,0.0015222733637797,0.001775559661204,0.001709966460862,0.0013707133175351,0.0011143035343802,0.0010489942872865,0.001124951781189,0.001232002155773,0.0014541955725157,0.0018305756030492,0.0023746300266646,0.0031525554443563,0.0039120239009128,0.0040961320882362,0.0035769590679972,0.0031126955071355,0.0031227403532917,0.003627786699431,0.0045302611106291,0.0057638959975795,0.0069495782797345,0.007400176590525,0.0074760276019594,0.0075507073062448,0.0076492035892258,0.0074941651156903,0.0074261938068944,0.0076426726645164,0.0084040578054985,0.0093741485839322,0.010632593885947,0.0118360942344286,0.0121035781942646,0.0115213320587618,0.0114722081468174,0.0118836918976638,0.0129173172153897,0.0142513650697467,0.0158600667034575,0.0175577166921775,0.0188737335152716,0.0203540527866248,0.0223966349836364,0.0247246611834347,0.026815515432646,0.0277598729479586,0.0276674461656586,0.027168149872796,0.026478640397773,0.025772093727856,0.0249562960456812,0.0243807228115119,0.0239974924088648,0.0235603818773654,0.023020018845977,0.0221658164869786,0.0208779465296156,0.0195165326809602,0.0180822138358207,0.016791042921947,0.0156301355607004,0.0147647880367089,0.0138987306295967,0.0131679059569558,0.0124278882979033,0.011717330788355,0.0110202255639418,0.0104760291637023,0.0097245823864084,0.0090663432628471,0.0084329145543502,0.0079539564128924,0.0074720877506402,0.006840788691505,0.0064222061094529,0.005999151263741,0.0056603950385984,0.0053345586862505,0.0050560715380455,0.0047839378437697,0.0045176251910827,0.0042827248664816,0.004016873637823,0.0038213008381022,0.0035006466325345,0.0033135924302607,0.0030163643676723,0.0028235601121217,0.00265364958721,0.0025120279046536,0.0023841779546364,0.0022508264104348,0.0021017509551122,0.0020105309741172,0.0018557764538299,0.0017128769816564,0.0016120025902215,0.001452065923154,0.0013783090669253,0.0012826878105827,0.0012297305297871,0.0011494427488491,0.0010996799420962,0.0010467226613007,0.0009675706933556,0.0008967243579213,0.0008304212744588,0.0007783158534079,0.0007306472018608,0.0006828365736894,0.0006361972526671,0.0006177402915319,0.000599567283645,0.0005732306198713,0.0005300697261398,0.0004921619675006,0.0004716463453158,0.0004387787568328,0.0004230193515558,0.0004162044735982,0.0003962567579098,0.000384401709796,0.0003733275331149,0.0003601237070721,0.0003565742914692,0.0003410278511284,0.0003237776912982,0.0003251264692273,0.0003068114847162,0.0002862248742193,0.0002941755651698,0.0002900582430705,0.0002888514417655,0.0002893483599499,0.0002944595184181,0.0002735889546729,0.000284663131354,0.0002772803469,0.0002831013884887,0.0002711043637509,0.0002637925676089,0.0002682648312685,0.0002722401767438,0.0003570712096536,0.0002631536728003,0.0,0.0,0.0,0.0,0.0,0.0,0.0,3.5494156029186416e-08,0.0,0.0,0.0,0.0,0.0,0.0,0.0,0.0,0.0,0.0,0.0,0.0,0.0,0.0,0.0,0.0,0.0,0.0,0.0,0.0,0.0,0.0,0.0,0.0,0.0,0.0,0.0,0.0,0.0,0.0,0.0,0.0,0.0,0.0,0.0,0.0,0.0,0.0,0.0,0.0,0.0,0.0,0.0,0.0,0.0,0.0,0.0,0.0,0.0,0.0,0.0,0.0,0.0,0.0,0.0,0.0,0.0,0.0,0.0,0.0,0.0,0.0,0.0,0.0,0.0,0.0,0.0,0.0,0.0,0.0,0.0,0.0,0.0,0.0,0.0,0.0,0.0
HNGH048,0.0,0.0,0.0,0.0,0.0,0.0,0.0,0.0,0.0,0.0,0.0,0.0,0.0,0.0,0.0,0.0,0.0,0.0,0.0,0.0,0.0,0.0,0.0,0.0,0.0,0.0,0.0,0.0,0.0,0.0,0.0,0.0,0.0,0.0,0.0,0.0,0.0,0.0,0.0,1.856314261514987e-05,1.990333877937728e-05,2.104393125957082e-05,2.583441967638369e-05,0.0003527852541238,0.0003111536285967,0.0002906799935773,0.0003116098655888,0.0003544961428441,0.0004193958549671,0.0005120404791708,0.0005833560239949,0.0006477994991259,0.0006658208603129,0.0006395872332685,0.0005947049191729,0.0005548412119901,0.0005770257357299,0.0006304910082389,0.0006952481463019,0.0008233937114517,0.0009661388603479,0.0010981624399303,0.0010949687809857,0.0009587250092266,0.0008657667220909,0.0008553873305211,0.0009165801170835,0.0009691614304204,0.0010610361547,0.0012036672443482,0.0014896137791327,0.0018527784248263,0.0021077293589616,0.0020411757877423,0.001703303780297,0.0014316431663269,0.0013759537384814,0.0015021602964148,0.0016656071988266,0.0018865969918641,0.0022893401966204,0.0028604063366413,0.0036431664409861,0.0043932485707734,0.0045752586158003,0.0040103231603604,0.0036848550961372,0.0038258323266891,0.0045158907772062,0.0054817730042461,0.0066463749561477,0.0076928685567253,0.0082170848606223,0.0083516462584731,0.0085351105589122,0.0086092490701248,0.0084420382125284,0.0086137258956096,0.0090026964461676,0.0097835175432961,0.0108186337338837,0.0121888845099642,0.0132745289474244,0.0135576525158205,0.0132890429867349,0.0134258570547341,0.0140396954127623,0.0152747004355038,0.0168306111525478,0.0184232204326421,0.0200212190122052,0.0212891301280004,0.0229461543684135,0.0252808616309337,0.0281968718509845,0.0304284980681072,0.0309553947643326,0.0301635669497702,0.028995172527872,0.0277218721126079,0.0262920824090613,0.0251088887997325,0.0242354801080243,0.0236083253327899,0.0229171833194166,0.0221112977025359,0.0210145895180178,0.0195279412793335,0.0179785034246146,0.0164330006139524,0.0150583300420111,0.0139089549997201,0.012877317616197,0.0120784751578815,0.0112627519308591,0.0106014078960308,0.0099231260628717,0.0092267658389016,0.0086886343067463,0.0078632160436422,0.0073212350118662,0.0067228231671327,0.0062051652699969,0.0057693163685029,0.0053672860340467,0.0049669951031228,0.004597215021044,0.0042996344429615,0.0040220142332824,0.0037569975705095,0.0035221495788376,0.0032219741528627,0.0030097669219227,0.0027979874131627,0.0026045144137099,0.0024175998210182,0.0022305996838904,0.0020754220769601,0.001927658321151,0.0017938097936003,0.0016714812500996,0.0015594750685446,0.0014417088949646,0.0013612971251109,0.0012745835818042,0.0011685084811462,0.0011000444175226,0.0010218568030053,0.0009483456176569,0.0008743781953163,0.0008023497801921,0.0007600908288009,0.0007028901159192,0.0006584640388157,0.0006317741747792,0.0005998375853337,0.0005460016202686,0.0004974694102364,0.0004625672803424,0.00043650474217,0.0004173998181268,0.0003875733247697,0.000371490970799,0.0003615107865973,0.0003284336046717,0.0003175979761098,0.0002983219631946,0.0002837794090721,0.0002724875435182,0.0002578879597717,0.0002460828276017,0.0002387830357285,0.0002374143247522,0.0002314832438552,0.0002229858298778,0.0002238983038619,0.0002037098169625,0.0002085573350033,0.0002035957577145,0.0002499038124104,0.0001790730193903,0.0,0.0,0.0,0.0,0.0,0.0,0.0,0.0,0.0,0.0,0.0,0.0,0.0,0.0,0.0,0.0,0.0,0.0,0.0,0.0,0.0,0.0,0.0,0.0,0.0,0.0,0.0,0.0,0.0,0.0,0.0,5.7029624009677015e-08,0.0,0.0,0.0,0.0,0.0,0.0,0.0,0.0,0.0,0.0,0.0,0.0,0.0,0.0,0.0,0.0,0.0,0.0,0.0,0.0,0.0,0.0,0.0,0.0,0.0,0.0,0.0,0.0,0.0,0.0,0.0,0.0,0.0,0.0,0.0,0.0,0.0,0.0,0.0,0.0,0.0,0.0,0.0,0.0,0.0,0.0,0.0,0.0,0.0,0.0,0.0,0.0,0.0,0.0,0.0,0.0,0.0,0.0,0.0,0.0,0.0,0.0,0.0,0.0,0.0,0.0,0.0,0.0
HNGH049,0.0,0.0,0.0,0.0,0.0,0.0,0.0,0.0,0.0,0.0,0.0,0.0,0.0,0.0,0.0,0.0,0.0,0.0,0.0,0.0,0.0,0.0,6.900929812462214e-07,1.3174502369246044e-06,1.5056574136281192e-06,1.2860823741406851e-05,1.0539601895396835e-05,1.3927331076060104e-05,1.4931102685145516e-05,1.4742895508442e-05,1.4993838410713356e-05,1.480563123400984e-05,1.5621195666391738e-05,1.6436760098773636e-05,1.8569774768080137e-05,1.7691474610130402e-05,1.5119309861849031e-05,1.3425445271517395e-05,1.8569774768080137e-05,2.647447618962777e-05,2.3024011283396657e-05,2.3024011283396657e-05,2.8419283682230752e-05,0.0003050210977108,0.0002585966607906,0.0002318085059731,0.0002431636723009,0.0002720848417877,0.0003341932100998,0.0004113581525483,0.0004616722044537,0.0004953612890836,0.0004927263886098,0.0004657500266156,0.0004437297869413,0.0004179454037329,0.0004240935048385,0.0004588490968031,0.0005005683543057,0.0005910960063001,0.0007006953188671,0.0007838201552445,0.0007769819611576,0.0007074707772285,0.0006304313062312,0.0006298980525638,0.0006360147858067,0.0006799297937042,0.000747747113043,0.0008870204238036,0.0011170095937353,0.0014419806521767,0.0016842346564569,0.0016559408442258,0.0013192382051032,0.0010675111062623,0.0009970275185868,0.0010521094856354,0.0011572231938243,0.0013188931586126,0.0016537137259682,0.0021124059834574,0.0028075805584746,0.0034476417985805,0.0036396444866809,0.0031269995052033,0.0027502087374428,0.0027772792030254,0.0032400806505393,0.0040643653487751,0.0052401269495048,0.0061952470034123,0.0065916113175499,0.0066664236702896,0.0067022771374516,0.0067992352013167,0.0067356211755909,0.0067463176168002,0.0070275305066581,0.0077613502886251,0.0086447947760714,0.0098516419288199,0.0109048806575155,0.0111053213007048,0.0106563530806785,0.0105686799041975,0.0109650128504723,0.0119699764383435,0.01330254598513,0.0148239500658756,0.0163147391125441,0.0176680741844936,0.0188838925459983,0.020637261972031,0.0229440232332976,0.0250134866126039,0.0257838185868514,0.0259222449653168,0.0256599782645805,0.0250682549010246,0.0243457902853854,0.0235753328396868,0.0231659822303566,0.0229754538318071,0.0227822277970582,0.0224183605887647,0.0219247245321342,0.0209474901349639,0.0197551035669588,0.0185514245683515,0.0173555561675774,0.0162988042382499,0.0154217901626743,0.0146684909379185,0.0139682347691303,0.0133754448982398,0.0127432569916927,0.0121861951165131,0.0116503692844381,0.0110091788012721,0.0102602397094432,0.0095912259319878,0.0090710212955793,0.0085476171371668,0.0080598468708768,0.007599931266739,0.0071954740440032,0.006662157640951,0.0063695582169026,0.0060028679009586,0.0057256387296743,0.0054148459452112,0.0050822211282505,0.004803862713906,0.0045174113909633,0.0042307091251183,0.0039719869928765,0.0037629515552845,0.0035128242174455,0.003318374836048,0.0031366608069407,0.0029660196333962,0.0027229186968208,0.0025788147351915,0.0024206893388978,0.0022567922558518,0.0021030897282106,0.0019912319295231,0.0018449949532245,0.0017480055214966,0.0016288076429177,0.0015472511996795,0.0014669494709527,0.0013491945140619,0.0012936106612088,0.0011971231152854,0.0011087912136859,0.0010385899367755,0.0009777990187003,0.0009085387776734,0.0008543978465083,0.0008271078058863,0.0007807461046917,0.0007254759304664,0.0006816236582945,0.0006544277212609,0.0006124261529932,0.0005833795120553,0.0005531408923316,0.0005349788997797,0.0005178206788369,0.000490656109666,0.0004648089907321,0.0004473684590242,0.0004400911148583,0.0004276694411959,0.0004182590823607,0.0003919728133478,0.0003879577269115,0.0003761006747791,0.0003594757075037,0.0003413450828146,0.0003489361056083,0.000349124312785,0.0003511945917287,0.0003375182035549,0.0003397139539498,0.0003294880306822,0.0003194503145914,0.000321834272163,0.0003159998496852,0.0003131767420346,0.0003159371139596,0.0003087225055193,0.000311671084621,0.0003211441791817,0.0003189170609241,0.0003290488806033,0.0003217088007118,0.0003223988936931,0.0003129885348579,0.0003157489067829,0.0003270413373851,0.0003225243651442,0.0003454229049765,0.0003295507664078,0.0003553978853418,0.0004161260676914,0.0003442936619162,4.535792958554709e-05,4.347585781851194e-05,5.5081967048562034e-05,4.328765064180843e-05,0.0,0.0,0.0,0.0,0.0,0.0,0.0,0.0,0.0,0.0,0.0,0.0,0.0,0.0,0.0,0.0,0.0,0.0,0.0,0.0,0.0,0.0,0.0,0.0,0.0,0.0,0.0,0.0,0.0,0.0,0.0,0.0,6.273572556783831e-08,0.0,0.0,0.0,0.0,0.0,0.0,0.0,0.0,0.0,3.1367862783919155e-08,0.0,0.0,0.0,0.0,0.0,0.0,0.0,0.0,0.0,0.0,0.0,0.0,0.0,0.0,0.0,0.0,0.0,0.0,0.0,0.0,0.0,0.0,0.0,0.0,6.273572556783831e-08
HNGH050,0.0,0.0,0.0,0.0,0.0,0.0,0.0,0.0,0.0,0.0,0.0,0.0,0.0,0.0,0.0,0.0,0.0,0.0,0.0,0.0,0.0,0.0,0.0,0.0,0.0,0.0,0.0,0.0,0.0,1.4168720230994616e-05,1.855276371054004e-05,1.7282026470092087e-05,2.001411153705517e-05,1.7027879022002497e-05,1.925166919278641e-05,1.7599710780204075e-05,2.1729606811659905e-05,2.1793143673682305e-05,2.6113650291205323e-05,2.789268242783245e-05,2.598657656716053e-05,2.6113650291205323e-05,2.9989398874571563e-05,0.0004007587572062,0.0003430990549209,0.0003159688148373,0.0003016730208823,0.000337761958511,0.0004098127600444,0.0005109634443841,0.0005984537033889,0.0006672005880971,0.000675206232712,0.0006374653366707,0.0005887325634995,0.0005523259415607,0.0005689090625485,0.0005998515143534,0.0006820682138104,0.0008075217478736,0.0009886018046374,0.0011493182971231,0.001126445026795,0.0010173204662716,0.000902223440718,0.0008911362582951,0.0009281464804231,0.0009924457847898,0.0010822233708274,0.0012505325183248,0.0016478920534128,0.0021151103682945,0.0024487106623431,0.0023700837955904,0.0019096003880831,0.001591534856799,0.0015335892386346,0.0016344222386641,0.0017836703275547,0.0020146903578681,0.0024520463475993,0.0031542875151019,0.0040374181287822,0.0049312864721443,0.005123390174469,0.0044661331052783,0.0038802597005698,0.0038584665568961,0.0043646965050595,0.0052531642151497,0.006467989017018,0.0075495452507942,0.0080009111186014,0.0080606675373334,0.0081141973435873,0.0081966999589234,0.008175732794456,0.0080704522140849,0.0083589095676665,0.0089009425375796,0.0097511610567323,0.0108733173453409,0.0118826639354287,0.0119835287038893,0.0114960103615914,0.0113686189532365,0.0117282693607143,0.0127758333733086,0.0140461258557224,0.0155982360896365,0.0170371554038577,0.0182677055790765,0.0196157671806057,0.0214329849713083,0.0239011379134303,0.0258427926484038,0.0266393542875786,0.0266751890777592,0.0262124818800811,0.0256007172040985,0.0246820694845476,0.0237665033028049,0.0230081908545676,0.0225865284697559,0.0221562886085713,0.0216616859061579,0.0208687458681184,0.0197276555946271,0.0184514224156143,0.0170874765985795,0.0158649320679755,0.0147607567113193,0.0138924937233522,0.0130247707987123,0.0122848205035995,0.0117124486820707,0.0110166882744944,0.0103959649009666,0.0098789019178284,0.0092983656095297,0.0087505507851726,0.0081383095827248,0.0076433574275703,0.0071733434907596,0.0065949992042008,0.0062003082173176,0.0058481869279895,0.0055191930564375,0.0051992849561548,0.0049839267623298,0.0047507464787076,0.0045235386601155,0.0042760308141073,0.0040206126287773,0.003789973819636,0.0035443085426264,0.0032872066304527,0.0031249017164165,0.0029354665622967,0.0027285905395518,0.0025567233277812,0.0024504261576178,0.0023499108418983,0.002209875598001,0.0020791802728209,0.0019447998096435,0.0017917395090316,0.0016813124428366,0.0015655165118008,0.0014829503596027,0.0013811643066428,0.0013037764086995,0.0012328692706825,0.0011818491704786,0.0011232046468319,0.001063861217703,0.000978721822593,0.0009281464804231,0.0008566675106479,0.0008201338149851,0.0007422376221456,0.0007182842251632,0.0007019552516234,0.0006631342289277,0.000626981754437,0.000612749497344,0.0005670664935498,0.000550451604131,0.0005238614273746,0.0004838332043005,0.0004750651173414,0.0004445038867086,0.000456893574803,0.0004467912137414,0.0004337661570269,0.0004288102817891,0.0004128625294215,0.0003810305615483,0.0003721354008651,0.0003634943876301,0.0003526295842243,0.0003525660473622,0.0003527566579483,0.0003498974991573,0.0003483090776067,0.0003514223838458,0.0003486267619168,0.000343480276093,0.0003413835596463,0.0003371901267528,0.0003228943327978,0.0003200987108688,0.0003237838488661,0.0003400492855438,0.0003579031437721,0.0003650828091806,0.0003708011267627,0.0004316059037181,0.0003159688148373,0.0,0.0,0.0,0.0,0.0,0.0,0.0,0.0,0.0,0.0,0.0,0.0,0.0,0.0,0.0,0.0,0.0,0.0,0.0,0.0,0.0,0.0,0.0,0.0,0.0,0.0,0.0,0.0,0.0,0.0,0.0,0.0,0.0,0.0,0.0,0.0,0.0,0.0,0.0,0.0,0.0,0.0,3.1768431011198694e-08,0.0,0.0,0.0,0.0,0.0,0.0,0.0,0.0,0.0,0.0,0.0,0.0,0.0,0.0,0.0,0.0,0.0,0.0,0.0,0.0,0.0,0.0,0.0,0.0,0.0,0.0,0.0,0.0,0.0,0.0,0.0,0.0,0.0,0.0,0.0,0.0,0.0,0.0,0.0
HNGH051,0.0,0.0,0.0,0.0,0.0,0.0,0.0,0.0,0.0,0.0,0.0,0.0,0.0,0.0,0.0,0.0,0.0,0.0,0.0,0.0,0.0,0.0,0.0,0.0,0.0,0.0,0.0,0.0,0.0,0.0,0.0,0.0,0.0,4.7982123499198175e-06,4.564153210899339e-06,4.856727134674937e-06,1.457018140402481e-05,1.5857506668637446e-05,1.9719482462475345e-05,2.264522170023133e-05,2.2001559067925016e-05,2.4634724381905403e-05,2.481026873617076e-05,0.0003159798376776,0.0002575235677072,0.0002467568473123,0.0002501214474357,0.0002703383055686,0.0003376888228217,0.0004217453111225,0.0005051581367909,0.0005510337280389,0.0005636144067613,0.0005203719808272,0.0004876622161491,0.0004538991853454,0.0004529044340046,0.0004918167658667,0.0005640825250393,0.0006589935059121,0.0008096690766565,0.0009245921139156,0.0009212567711846,0.0008072699704816,0.0007107790904204,0.0007086725581692,0.0007231842247885,0.0007790658442296,0.0008817592914748,0.0010208781922301,0.0012888466490162,0.0016241948804478,0.0018969908069762,0.00180646843496,0.0014433256807697,0.0011812964746363,0.0011171057557599,0.001189488544502,0.001295341790124,0.001478141977699,0.0018369838952098,0.0023182387424283,0.0030317680277322,0.0037481645374891,0.0038924912540876,0.0034414300358028,0.0030099127556262,0.0030774973320183,0.0035760140407396,0.0044092645756525,0.0055043395149522,0.0065129296023838,0.0069109179108957,0.0069589292917873,0.0070416691974311,0.0071457669995104,0.007045618945402,0.0070505049299291,0.0072847688706962,0.0080259463917969,0.0088830709588899,0.010037304345577,0.011110319211024,0.0112944067238636,0.0109827569802579,0.0109245640268189,0.0114231977651097,0.0125783088735681,0.0139832781129309,0.0156311422238122,0.0171328071449829,0.0183286738010232,0.0196778199357297,0.0216375971067481,0.0243703545843817,0.0267016421238104,0.0277797770329235,0.0279127811386719,0.0275579767413092,0.0269687036014328,0.0260438481709858,0.0250760721459208,0.0243646786502605,0.0238350905908343,0.0235571453632474,0.0232712421249339,0.0226289545900694,0.0214879748021293,0.0202690533208954,0.0188346511448008,0.0173952752120019,0.0161075696012884,0.0150410206195568,0.0141250009216078,0.0132924818215043,0.0126228678821591,0.012033155881397,0.011429341817509,0.0108601977635883,0.0102273018516769,0.0095511635138315,0.0088310513152426,0.0082150369187331,0.0076943431065897,0.006967121361653,0.0065729950289349,0.0061484995229289,0.0058367912645384,0.0055518827775657,0.005262088306066,0.0049527791538504,0.0046554655325097,0.0043851564843334,0.0040766665391044,0.0038031099203742,0.0035622045515374,0.0033038617768435,0.0030709729335181,0.0028635087641689,0.0027156126457003,0.0025775177536782,0.0024427582043872,0.0022802626471222,0.0021571475399974,0.0019972266332617,0.001886282601366,0.0017415170238818,0.0016302804180623,0.0015035959090675,0.0013990885034949,0.001326647199968,0.0012442583830328,0.0011876745861746,0.0011237179264373,0.0010508670194171,0.0009891924362852,0.0009219589486016,0.0008453630953572,0.00079211464123,0.0007312007502999,0.0007017678135681,0.0006560092518896,0.0006319596753552,0.0006123572224623,0.0005764876594074,0.0005451822495634,0.0005083179351677,0.0004671820414848,0.0004521437418028,0.0004419621692554,0.0004114174516132,0.0004032253817475,0.0003807557044015,0.0003726806641053,0.0003560624652349,0.0003510887085307,0.0003359918940638,0.0003245229962518,0.0003117667731752,0.0002988935205291,0.0002907014506634,0.0002905259063091,0.0002828019547214,0.0002762482988289,0.0002876586818561,0.0002822753216586,0.0002700457316448,0.0002609759400078,0.0002605078217297,0.0002571724789987,0.0003125859801618,0.0002383892330923,8.080891774682034e-05,8.291544999800464e-05,0.0001012890924111,7.729803066151315e-05,0.0,0.0,0.0,0.0,0.0,0.0,0.0,0.0,0.0,0.0,0.0,0.0,0.0,0.0,0.0,0.0,0.0,0.0,0.0,0.0,0.0,0.0,0.0,0.0,0.0,0.0,0.0,0.0,0.0,0.0,0.0,0.0,0.0,0.0,0.0,0.0,0.0,0.0,0.0,0.0,0.0,0.0,0.0,0.0,0.0,0.0,0.0,0.0,0.0,0.0,0.0,0.0,0.0,0.0,0.0,0.0,0.0,0.0,0.0,0.0,0.0,0.0,0.0,0.0,0.0,0.0,0.0,0.0,0.0,0.0,0.0,0.0,0.0,0.0,0.0,0.0,0.0,0.0,0.0,0.0,0.0,0.0,0.0,0.0,0.0
HNGH052,0.0,0.0,0.0,0.0,0.0,0.0,0.0,0.0,0.0,0.0,0.0,0.0,0.0,0.0,0.0,0.0,0.0,0.0,0.0,1.5956004761248268e-05,1.5661613529490922e-05,1.7339643550507807e-05,1.6662543717465905e-05,1.6191517746654148e-05,1.8016743383549703e-05,1.6839178456520312e-05,1.3070970690026258e-05,2.0813460085244515e-05,2.260924659896434e-05,1.925318655693057e-05,2.272700309166728e-05,2.1431681671934945e-05,2.1019533947474657e-05,1.895879532517322e-05,2.649521085816133e-05,2.508213294572606e-05,2.602418488734957e-05,2.2138220628152585e-05,2.355129854058785e-05,2.902697545127453e-05,2.319802906247904e-05,2.5023254699374592e-05,3.7387686433183216e-05,0.00035179752195,0.0002972762658285,0.0002706044202313,0.0002722530111291,0.0002949211359745,0.0003360181519278,0.0004235112260061,0.0005138304559092,0.0005519246812986,0.0005606386617586,0.0005299630954095,0.0004805053684743,0.0004552466007895,0.0004533624969063,0.0004929286784545,0.0005381471716524,0.0006586415028107,0.0008072207574786,0.0009310417095557,0.0009428467979492,0.0008105179392743,0.0007189033879514,0.0007103071639841,0.0007254388732964,0.0007867311277483,0.0008693373073794,0.0010386711438862,0.0013662108283395,0.001759134805366,0.0020675096206318,0.002004392140543,0.0016187101878177,0.001264115949166,0.001164611712832,0.0012318506701654,0.0013345048926792,0.0015135242007108,0.0018697964693836,0.0023941366922666,0.0031585824037709,0.0039202608376967,0.0040965128681498,0.0035381410188756,0.002999787773361,0.0029526557371566,0.003418088274565,0.0042531878816911,0.0053959852042499,0.0064460492888052,0.0068099757295036,0.0068542816098831,0.0069635007568651,0.0071263579862733,0.0069472797999953,0.0070013300301459,0.0073222164727614,0.0078136731950571,0.0086798605162568,0.0097499726436947,0.0107873484661613,0.0109862391823365,0.0104802100940688,0.0103409336023244,0.0107108950632739,0.0116556848433528,0.0129500936502666,0.0144380352529378,0.0158158156566854,0.0168718558832453,0.0178232105877924,0.0192763257077466,0.0212920813498356,0.0231415353851048,0.0241514150665252,0.0246428129105745,0.024497648594195,0.0241772626166735,0.0235117323590396,0.022834338134766,0.0222195609254871,0.0221348645681105,0.0219977960106043,0.0218480686301325,0.0215443451963284,0.0207181362044014,0.019631361533246,0.018457888644338,0.0172834737034885,0.0161831570356722,0.01527448905973,0.0144393600134807,0.0137414172812304,0.013231590546073,0.0127023339896197,0.0122548593173485,0.0117751193660767,0.0111346418022654,0.0104765596427951,0.0096834696644408,0.0091088768582968,0.0085283373492713,0.0080043209567432,0.0075882872680237,0.0072291888435261,0.0069032094326012,0.0064677164834625,0.0061523057177577,0.0059041339093863,0.0055686751007988,0.0052359835697898,0.0048896028465041,0.0045839069914473,0.0042985535705049,0.0040613036768316,0.0038252313480854,0.0036473896049808,0.0034749646605405,0.0032881439848673,0.0030922854983791,0.0029402618662996,0.0027506150348016,0.0024963787670559,0.0023455326999034,0.0022004567008934,0.0020622105784602,0.0019361228138985,0.001861318001909,0.0017818323693345,0.0016714356574255,0.0015696940477301,0.0014836729298106,0.0013909396918071,0.0013252904471252,0.0012003508083674,0.0011162726725775,0.0010576299392114,0.0010049927869732,0.0009586556070946,0.0009061950895954,0.0008511439292568,0.0008275337524699,0.0007813732073303,0.0007459285030267,0.0006965296543378,0.0006470130491562,0.0006241682895719,0.0006024422166682,0.0005754171015929,0.0005556340108188,0.000540266788521,0.0005347911116103,0.0005070005793325,0.0004989342595823,0.0004669044935671,0.0004453550554025,0.0004344037015811,0.0004262196253382,0.0004216271221228,0.0004185065750662,0.0004137963153581,0.0004113823072577,0.0003958384502209,0.0003850048528922,0.0003789992717644,0.0003785282457935,0.0003691666046237,0.000375584333476,0.0003785871240399,0.0003755254552296,0.0003650451273791,0.0003738768643318,0.0003783516110545,0.0003697553870872,0.0003731114471292,0.0003675768919722,0.0003631021452495,0.0003591573027439,0.0003786460022863,0.0003765263854176,0.0003798235672133,0.0003934244421205,0.0004000776839582,0.0003811777668794,0.0003828852360236,0.0003833562619944,0.0003922468771934,0.0004056122391152,0.0004295168071339,0.0004256308428747,0.0004494765326471,0.000459014808556,0.0004852745064288,0.0005956712183378,0.0004644904854667,0.0,0.0,0.0,0.0,0.0,0.0,0.0,0.0,5.887824635146964e-08,0.0,0.0,0.0,0.0,0.0,0.0,0.0,0.0,0.0,0.0,0.0,0.0,0.0,0.0,0.0,0.0,0.0,0.0,0.0,0.0,0.0,0.0,0.0,0.0,0.0,0.0,0.0,0.0,0.0,0.0,0.0,0.0,0.0,0.0,0.0,0.0,0.0,0.0,0.0,0.0,0.0,0.0,0.0,0.0,0.0,0.0,0.0,0.0,0.0,0.0,0.0,0.0,0.0,0.0,0.0
HNGH053,0.0,0.0,0.0,0.0,0.0,0.0,0.0,0.0,0.0,0.0,0.0,0.0,0.0,0.0,0.0,0.0,0.0,0.0,0.0,0.0,0.0,0.0,0.0,0.0,0.0,1.7252311040126083e-05,1.3601407044082804e-05,1.8039760921625613e-05,1.696596562867171e-05,1.3243475279764836e-05,1.753865645158046e-05,1.660803386435374e-05,1.9471487978897487e-05,1.6464861158626552e-05,1.9220935743874912e-05,1.6464861158626552e-05,1.7252311040126083e-05,2.025893786039701e-05,2.240652844630483e-05,3.049578631989092e-05,2.51268098551214e-05,2.2048596681986863e-05,2.95651637326642e-05,0.0003323754363456,0.0002725292453517,0.0002609322561877,0.0002675182006512,0.0002889225201574,0.0003387466217505,0.0004209993411907,0.0004821340865363,0.0005301685293077,0.00055522375281,0.000541049654943,0.0004852838860623,0.0004542154089195,0.0004718972380768,0.0005071893100385,0.0005560827890443,0.0006411989625992,0.0008000490796035,0.0009239650564104,0.0009170927665354,0.0008097848235929,0.0007249549954496,0.0007014030853574,0.0007177963601632,0.0007771414466871,0.0008479403496692,0.0009891444306927,0.0012635707143952,0.0016503875720937,0.001912357830398,0.001883508530194,0.0014878865510933,0.0011855057965975,0.0011289167846588,0.0011624549909754,0.0012958561595367,0.0014703836878182,0.0018340065671888,0.0023243730843044,0.0030571667853926,0.0038313731916123,0.0039998158799004,0.0034425877092102,0.0029753077908931,0.0030012936369825,0.0035556941467346,0.0044005562832308,0.0056132291007401,0.0066231335737632,0.0069857184510173,0.0069909084615999,0.0070786017438578,0.0071969697783178,0.0070943507414878,0.0070566247335287,0.0074874314050618,0.0079814488261735,0.0088293175894899,0.0099928463757583,0.0109855701240942,0.0111478921792124,0.0106612123592692,0.010520938900833,0.011036289055098,0.0120763671758532,0.0134651782145833,0.0150320603060617,0.0164364413765397,0.0175544054492104,0.0186455246395573,0.020233488911954,0.0225326636000504,0.0246048737563929,0.0255632718485307,0.0259372389558901,0.0256465625700875,0.025147999415569,0.0244018548596717,0.0234292110833141,0.0227990006258794,0.0224069221712455,0.0220364985883529,0.0218089613657759,0.0213687410888413,0.020509275336361,0.0193928145771004,0.0182638262060886,0.0169817146263017,0.0158189732899147,0.0148858809735142,0.0140296724000892,0.0132615866270393,0.0127179956565696,0.0121861448479695,0.0117738790418281,0.0111971077968061,0.0106409534214088,0.0100728441250834,0.0093667163404369,0.0088001103575215,0.0081584818768051,0.0077268877553905,0.007299445642442,0.006903215179342,0.0064111305897577,0.0061907877956435,0.0059458908824972,0.0056838848310164,0.0053633927292461,0.0050360999239538,0.004758344874843,0.0044181665260352,0.0041783164507658,0.0039220015143377,0.0036872698632979,0.0034949173331535,0.0033328458302703,0.0031997668002969,0.0030418473058798,0.0027838500901594,0.0026174834061044,0.00247388118226,0.0023055816666777,0.0021466599633205,0.0019918186820766,0.0019087069264019,0.0018286017975476,0.001706618652268,0.001622146755889,0.001546551567265,0.0014401742469097,0.0013277836729139,0.0012609220193393,0.0011619180933289,0.0010916202948169,0.0010266198864167,0.0009588276102549,0.0009334860413412,0.0008731387458772,0.0008445757910846,0.0008159412499392,0.000737339434495,0.0007271741723883,0.0006600977597551,0.0006314632186097,0.0006169311889784,0.0005779166266677,0.000564673151388,0.0005381146144756,0.0005397611005914,0.0004943753528759,0.0004802728413618,0.0004703223383138,0.0004552892042124,0.0004388959294066,0.0004241491407167,0.0004152724329617,0.0004147713284916,0.000390181416283,0.0003887854824021,0.0003885707233435,0.0003793360838241,0.0003744682118294,0.00038048146547,0.0003684549581889,0.0003551398965562,0.0003583612824351,0.0003549967238505,0.0003426122848051,0.0003506299563258,0.0003549967238505,0.0003515605789131,0.0003502004382087,0.0003502004382087,0.0003476949158584,0.0003449746344496,0.0003449030480967,0.0003473369840941,0.0003476233295056,0.0003517037516188,0.0003727501393607,0.0003701014443047,0.0003815552607629,0.0003856356828761,0.0004693201293737,0.0003509878880901,0.0,0.0,0.0,0.0,0.0,0.0,0.0,0.0,0.0,0.0,0.0,0.0,0.0,0.0,0.0,0.0,0.0,0.0,0.0,0.0,0.0,0.0,0.0,0.0,0.0,0.0,0.0,0.0,0.0,0.0,0.0,0.0,0.0,0.0,0.0,0.0,0.0,0.0,0.0,0.0,0.0,0.0,0.0,0.0,0.0,0.0,0.0,0.0,0.0,0.0,0.0,0.0,0.0,0.0,0.0,0.0,0.0,0.0,0.0,0.0,0.0,0.0,0.0,0.0,0.0,0.0,0.0,0.0,0.0,0.0,0.0,0.0
HNGH054,0.0,0.0,0.0,0.0,0.0,0.0,0.0,0.0,0.0,0.0,0.0,0.0,0.0,0.0,0.0,0.0,0.0,0.0,0.0,0.0,0.0,0.0,0.0,0.0,0.0,0.0,0.0,0.0,0.0,0.0,0.0,0.0,0.0,1.972002063862413e-05,2.128014885370516e-05,1.878394370957552e-05,2.0656097567672745e-05,1.809748729493987e-05,2.358913861202507e-05,3.201383097346259e-05,2.976724634374592e-05,2.758306684263249e-05,3.245066687368528e-05,0.0005226117494878,0.000428286397604,0.0003854764793822,0.0003819817921804,0.0004299089309477,0.0005044830596285,0.000655565875977,0.0007651492818043,0.0008473368361748,0.0008274296001503,0.0007863358229651,0.000709359096833,0.0006348473732807,0.0006261730604049,0.0006834921710269,0.0007590959843298,0.0009434407342237,0.001198053658925,0.001398748552513,0.001390261455023,0.0011782712331577,0.001024161768072,0.0009757665908402,0.0010080924474567,0.0010849755658959,0.0011915947281145,0.0014596559580298,0.0019250110020241,0.0025269396699667,0.0029240547058334,0.0028113822461403,0.0021603719445512,0.0017019438698318,0.0015479904175676,0.0016239374590778,0.0018125257577168,0.0020801501517318,0.0025690007266453,0.003384573352361,0.0044096711973622,0.0054233801063932,0.0055897521792494,0.004759732766262,0.0040173301538336,0.0039573900278102,0.0045841247343725,0.0056949672260745,0.007178586753488,0.0084498416282646,0.0088073606100325,0.0086889780810722,0.0086631423578305,0.0086148095857272,0.0085236356928379,0.0083338928993198,0.0085655719392593,0.0091613849045987,0.0101001764567416,0.0113532402365304,0.012444393910158,0.0124672341872268,0.0118140397061367,0.0116124399381839,0.0121189199619278,0.0132467678511742,0.0146663597166407,0.0164933634641935,0.01791563875019,0.0189520319234683,0.0201826610595242,0.0219403639117631,0.0245637507079861,0.0267299263294975,0.0277050376664875,0.0276795763740174,0.0269742736105435,0.0261589194027779,0.0250514467880205,0.0238699616907396,0.0230816289036592,0.0225682843157689,0.0220486992150183,0.0217400122463824,0.0209919619698153,0.0199075792526411,0.018506240887291,0.0171041224578334,0.0157310848183049,0.0144899092155151,0.0135127697118455,0.0126820950450078,0.0118775057219262,0.0112278683331665,0.0106440683550831,0.0101187419825011,0.0095208384453534,0.0089605339981892,0.0082988836221733,0.0077079070543006,0.0069606056392768,0.0065092917492182,0.0060059319819045,0.0056878530414137,0.0052824069208785,0.0050313198859433,0.0047346771071278,0.0044946669825198,0.0042456081142642,0.0039919936716207,0.0037237764288839,0.0034949680248602,0.0032513696053574,0.0030837494299291,0.0028023647050571,0.0026126531141032,0.0024301805180674,0.0023202850865971,0.0021952252088762,0.0020912582646232,0.0019523444483523,0.0018274093808887,0.001703098364711,0.0015790369690478,0.0014746331888945,0.0013467026752579,0.0012662624644883,0.0011745893305702,0.0011166149660977,0.0010619480734413,0.0010138961244168,0.0009343295854477,0.0008923933390263,0.0008417203746005,0.000748674327853,0.0006975021223984,0.0006568763836777,0.0006130055782696,0.0005816782037108,0.0005565289368837,0.000525326372582,0.0005198971263936,0.0004770248030431,0.0004506898387726,0.0004246044950164,0.0003978326948456,0.0003677534228588,0.0003677534228588,0.0003424793457745,0.0003371125047147,0.0003229465405217,0.000317704509719,0.0002973604377944,0.0002928048634064,0.0002876876428609,0.0002760802889407,0.0002670939504218,0.0002499949451845,0.0002486844374839,0.000240010124608,0.0002418198733375,0.0002438792425814,0.000248185196455,0.0002297132783885,0.0002399477194794,0.0002986085403665,0.000200382867945,0.0,0.0,0.0,0.0,0.0,0.0,0.0,0.0,0.0,0.0,0.0,0.0,0.0,0.0,0.0,0.0,0.0,0.0,0.0,0.0,0.0,0.0,0.0,0.0,0.0,0.0,0.0,0.0,0.0,0.0,0.0,0.0,0.0,0.0,0.0,0.0,0.0,0.0,0.0,0.0,0.0,0.0,0.0,0.0,0.0,0.0,0.0,0.0,0.0,0.0,0.0,0.0,0.0,0.0,0.0,0.0,0.0,0.0,0.0,0.0,0.0,0.0,0.0,0.0,0.0,0.0,0.0,0.0,0.0,0.0,0.0,0.0,0.0,0.0,0.0,0.0,0.0,0.0,0.0,0.0,0.0,0.0,0.0,0.0,0.0,0.0,0.0,0.0,0.0,0.0,0.0,0.0
HNGH055,0.0,0.0,0.0,0.0,0.0,0.0,0.0,0.0,0.0,0.0,0.0,0.0,0.0,0.0,0.0,0.0,0.0,0.0,0.0,0.0,0.0,0.0,0.0,0.0,1.786774555728043e-05,1.6797019231750516e-05,1.445480539465383e-05,1.4655566580690689e-05,2.1949889673363225e-05,2.1949889673363225e-05,1.907231267350158e-05,2.1213765324561407e-05,1.8804631092119103e-05,1.5525531720183743e-05,1.813542713866291e-05,2.442594430115115e-05,2.1481446905943885e-05,2.1280685719907027e-05,2.268601402216504e-05,2.9578814742763856e-05,2.556359102202668e-05,2.553013082435387e-05,3.513320755645028e-05,0.0003208832956822,0.0002713956633241,0.0002466016568486,0.0002435233186627,0.0002788572874051,0.000314258176543,0.0004074113668641,0.0004903926570927,0.0005201053126261,0.0005306787350907,0.0005201053126261,0.0004774101003956,0.0004499727383039,0.0004400015993974,0.0004839682991395,0.0005468734707644,0.000666660978433,0.0008109413507982,0.0009452171240592,0.0009536490938727,0.0008268684048904,0.0007349197816855,0.0007389350054063,0.0007353213040576,0.0008045839132403,0.0008861598751666,0.0010740723452971,0.0013959929071072,0.0018300720515166,0.0021686223315701,0.0021034418665035,0.0016937552061976,0.0013481782846328,0.0012764396208223,0.0013434938569586,0.0014587307777438,0.0016860593607328,0.0020550918808663,0.0026418833674543,0.0034759122546468,0.00427427257112,0.0044682413370293,0.0039080841677888,0.0034063150434873,0.0034310086693699,0.0039951141419358,0.0049160726226822,0.0061512223595763,0.0071785508087246,0.007591048125635,0.0075296486629054,0.007552903500288,0.0077069877105712,0.0076440825389464,0.0077755811158005,0.0081082424010636,0.0087303009359988,0.0095827329319113,0.0106916708031836,0.0116781443509733,0.0118234619894663,0.0113402298146756,0.0111928711041246,0.0115931889090821,0.0126275439997416,0.0139577876184219,0.0155583896342984,0.0171148241892468,0.0181428553025462,0.0190842914242684,0.0206446408223445,0.0229845459058018,0.0249787067667059,0.0256795640671606,0.0256832781491023,0.0254065288541505,0.0247181856676254,0.0238213854495988,0.0227039152279199,0.0218450254138566,0.021399000978878,0.0210722956088007,0.020750743109165,0.0202698531482114,0.0194655369165524,0.0184717355854723,0.01735747754277,0.0162586111909973,0.015186078014793,0.0142575575293726,0.0134286480524241,0.0127170834887141,0.0121607073218106,0.0115839538945244,0.0111501758918941,0.0107019430838691,0.0101625312371857,0.0095603815198659,0.0089936996120791,0.0084309660076178,0.0079127010058637,0.0074053440285509,0.007024901581011,0.0064788980753861,0.0062141944515965,0.0059449067807257,0.0057143325585624,0.0054710769214811,0.0051785344132277,0.0049044953942874,0.0045970965582673,0.0043390515138146,0.0040497546447355,0.0038292519420716,0.003607611592687,0.0034432885619158,0.0032917473266556,0.0031589772622899,0.0029901371048329,0.0027745865114247,0.0025947379489333,0.0024359693109758,0.0022740888746348,0.0021263286417117,0.0020043996813919,0.0018921741783973,0.0018037723361458,0.0017028563799646,0.0016178005574803,0.0015550961470415,0.0014712448916734,0.0013451668668422,0.0012496045422887,0.001171441520525,0.0010950184290403,0.0010258562004506,0.0009833282892085,0.000929992734118,0.000862603896005,0.0008364380214248,0.0008243923502626,0.0007379311994761,0.0007092892702682,0.0006757621522,0.0006429042380853,0.0006006105482269,0.0005786606585535,0.0005519594208106,0.000534024754858,0.0005163577704868,0.0004948763235808,0.0004827637320232,0.0004618176482801,0.0004422099724438,0.0004260821571655,0.0004118281129569,0.0003956333772833,0.0003985109542831,0.000376226462633,0.0003714751145635,0.0003665230053079,0.0003640469506801,0.0003627085427732,0.0003679283336102,0.0003500605880529,0.0003422309017974,0.0003303859918213,0.0003337989319839,0.0003372787925419,0.0003416955386347,0.0003392864044022,0.0003499936676575,0.0003335981707979,0.0003410932550766,0.0003317913201235,0.0003321259221003,0.0003411601754719,0.0003374795537279,0.0003396879267743,0.0003536073690062,0.0003607009309128,0.00037080591061,0.0003859968403535,0.0004909949406508,0.000348922941332,0.0,0.0,0.0,0.0,0.0,0.0,0.0,0.0,0.0,0.0,0.0,0.0,0.0,0.0,0.0,0.0,0.0,0.0,0.0,0.0,0.0,0.0,0.0,0.0,0.0,0.0,0.0,0.0,0.0,0.0,0.0,0.0,0.0,0.0,0.0,0.0,0.0,0.0,0.0,0.0,0.0,0.0,0.0,0.0,0.0,0.0,0.0,0.0,0.0,0.0,0.0,0.0,0.0,0.0,0.0,0.0,0.0,0.0,0.0,0.0,0.0,0.0,0.0,0.0,0.0,0.0,0.0,0.0,0.0,0.0,0.0,0.0,0.0
HNGH056,0.0,0.0,0.0,0.0,0.0,0.0,0.0,0.0,0.0,0.0,0.0,0.0,0.0,0.0,0.0,0.0,0.0,0.0,0.0,0.0,0.0,0.0,0.0,0.0,0.0,0.0,0.0,0.0,1.249018179247387e-05,1.2065758139331555e-05,1.3035869346513993e-05,1.3702820801451916e-05,1.3702820801451916e-05,1.1095646932149118e-05,1.6249362720305814e-05,1.5764307116714594e-05,1.4976091760878866e-05,1.558241126536789e-05,1.4491036157287646e-05,1.7280105877937152e-05,1.540051541402118e-05,1.958411999499544e-05,2.4555939931805427e-05,0.0002863647019701,0.0002465295105252,0.0002357976552957,0.0002416183225388,0.000265689206867,0.0003123151767622,0.0003616695844277,0.0004218771112234,0.0004522537183983,0.000461530406817,0.0004605602956098,0.0004090837696787,0.0004112058879444,0.0004176935066424,0.0004379445780924,0.0004826303255732,0.0005462332415941,0.0006427593067088,0.0007384971564676,0.0007207926269365,0.0006493681893077,0.0005994074621378,0.0005916465724803,0.0006231448707385,0.000658190138098,0.0007123344698489,0.0008157422613395,0.0010347448663609,0.0013349336530334,0.0015463572642488,0.0015512684522351,0.0012626603680983,0.0010077939643864,0.0009495872919554,0.0009940001956593,0.0011129297664648,0.0012560514854994,0.0015698824610229,0.002023045658678,0.0027152806369531,0.003389386662044,0.0035915942167911,0.0030792542354979,0.0026959996767104,0.0027684548574968,0.0032801278873351,0.0041833620531724,0.0053484049810481,0.0063671430124905,0.006833190499616,0.0069009467042427,0.0069785556008173,0.0070721410163351,0.0069876807093598,0.0069811627746866,0.0073772106750188,0.0080876049224534,0.0089910513001172,0.0101889567451362,0.0112980666987227,0.0114923617839362,0.0110433215589117,0.0109340627842027,0.0114158139464945,0.0125718530297285,0.0140389643347406,0.0157973818456844,0.0172872301321149,0.0184451488058128,0.0196066447645872,0.021197172404738,0.0234732958245898,0.0254822445547885,0.026588383542803,0.0269880087282117,0.02682569699686,0.026438046621665,0.0254722705989396,0.0246159352467746,0.0237296477110877,0.023265722342228,0.0228949882812081,0.0225567226296537,0.0220759112625939,0.0211057091074858,0.0199892323719197,0.0186405049501591,0.0173950034240378,0.0160867478292018,0.0150339649575823,0.0141717483062237,0.0133552481455035,0.0126303022299612,0.0121064118621075,0.0115516598314753,0.0110412600725964,0.0104197522645199,0.0097853904829483,0.0091062520059701,0.0084390580232304,0.0078907026633705,0.0073862448356357,0.0069063126318574,0.0064442668534615,0.0061051523546008,0.0057923824382102,0.0055728038296595,0.0053091761091076,0.0050004382174218,0.0047090713795396,0.0044228582574456,0.0041333406940521,0.0038116275649702,0.0035925643279983,0.003422067283336,0.0032138571654945,0.0030445121278907,0.0028390304478194,0.002715401900854,0.0025589714686959,0.0023739833878763,0.002219705389959,0.0020803428518522,0.0019416775811756,0.0018277501462821,0.0016998773627854,0.0016142347327763,0.0015368986799787,0.0014208491268195,0.0013504554323484,0.0012817594324897,0.0012160950301536,0.0011200843366177,0.0010539651946532,0.0009871487852585,0.0009407956591403,0.0008932905259636,0.0008479984589783,0.0007870027168267,0.0007554134706428,0.0007217021061932,0.0006844134566672,0.00065373368974,0.0006232964506147,0.0005935261629443,0.00057133486908,0.0005213741419101,0.0005149471551625,0.0004970607297801,0.0004886935206181,0.0004831760131273,0.0004592263926999,0.0004557097395739,0.0004317601191466,0.0004089018738273,0.0004022929912284,0.0003978062268952,0.0003883476426252,0.000379677273711,0.0003849219374248,0.0003878625870216,0.0003584560910539,0.0003670658280176,0.0003669445641167,0.0003696123699365,0.000365368133405,0.0003472391802208,0.0003454808536578,0.0003403271378696,0.0003390538669102,0.0003388719710589,0.0003468147565677,0.0003497250901892,0.0003456021175587,0.0003445713744011,0.000341054721275,0.0003408121934732,0.0003414791449282,0.0003560914449864,0.0003554244935314,0.0004383690017455,0.0003449957980542,0.0,0.0,0.0,0.0,0.0,0.0,0.0,0.0,0.0,0.0,0.0,0.0,0.0,0.0,0.0,0.0,0.0,0.0,0.0,0.0,0.0,0.0,0.0,0.0,0.0,0.0,0.0,0.0,0.0,0.0,0.0,0.0,0.0,0.0,0.0,0.0,0.0,0.0,0.0,0.0,0.0,0.0,0.0,0.0,0.0,0.0,0.0,0.0,0.0,0.0,0.0,0.0,0.0,0.0,0.0,0.0,0.0,0.0,0.0,0.0,0.0,0.0,0.0,0.0,0.0,0.0,0.0,0.0,0.0,0.0,0.0,0.0,0.0,0.0,0.0,0.0
HNGH057,0.0,0.0,0.0,2.8088327002505323e-08,0.0,0.0,0.0,0.0,0.0,0.0,0.0,0.0,0.0,0.0,0.0,0.0,0.0,0.0,0.0,0.0,0.0,0.0,0.0,0.0,0.0,0.0,0.0,0.0,0.0,0.0,0.0,0.0,0.0,0.0,0.0,0.0,0.0,0.0,0.0,0.0,2.0560655365833887e-05,2.179654175394412e-05,2.53918476102648e-05,0.0003054324678252,0.0002498175803602,0.000235717240205,0.000246671687736,0.000270041175802,0.000313971319234,0.0003889109756766,0.0004498626452721,0.0004883998299195,0.0005035394381739,0.0004949163217841,0.0004655921083935,0.0004369420148509,0.0004202013719574,0.0004637944554653,0.0004957308832672,0.0005964275355711,0.0007340041612294,0.000818606202161,0.0008292797664219,0.0007442844889123,0.0006697942457017,0.0006640080503392,0.0007004666987884,0.0007584410057216,0.0008556827938043,0.0009885686688531,0.0012740022478526,0.0016729969329232,0.0019305668915361,0.001862227991939,0.0014923609019701,0.0012408299336626,0.0011736988321266,0.0012606041158724,0.0014120282867429,0.0016295442910503,0.0020211798344462,0.0026264832813502,0.003510198225503,0.0043995589233834,0.0045480338199186,0.0040224169567207,0.0035395224388937,0.0036394607063686,0.0042900144480736,0.0053427930324545,0.0066855835931363,0.0078331321928236,0.0083112797833873,0.0083506315295178,0.0083833263421487,0.0085111001416831,0.0083326550002362,0.0082888091217853,0.0088588898066281,0.0096248023073324,0.0106689858636506,0.0118715033192818,0.0130737679799701,0.0131749421338331,0.0126163495747343,0.0125343878365409,0.0130795822636596,0.0143436974204073,0.0160562988944041,0.0180099263024093,0.0196755921819849,0.020910523566977,0.0223524097453237,0.0244542592549211,0.02730030898845,0.0296016137080922,0.0303650263476933,0.0301645318695494,0.0294248819545925,0.0285030230623703,0.0273773552694178,0.0258247168177004,0.0246120032993672,0.0237766564543127,0.0229861104908272,0.0221922781930824,0.0211649476329657,0.0198140114574532,0.018365496433934,0.0169378791257047,0.0155804826349816,0.0143781898859664,0.0132367364532386,0.0122788964141262,0.0114046472361732,0.0107354147570115,0.0100497225182263,0.0094427899483562,0.0088178527608775,0.008341446646588,0.0075648605816227,0.0070388223935198,0.0065045262372781,0.0060414059016608,0.005539411321472,0.0051488150461752,0.0048412197771708,0.0045350851011705,0.004249230197266,0.00403713524007,0.0038561902375199,0.0036387584981935,0.003353128300905,0.0031224669595605,0.0029331516355636,0.002702827354143,0.0025031755258092,0.0023518356199197,0.0022000463007982,0.0020533128805371,0.0019643290605932,0.0018623122569201,0.0017337238959026,0.0016305273824954,0.0014998043086257,0.0014046410567412,0.0013109383978609,0.0011965065536527,0.0011237016100622,0.0010486496003115,0.0009844396847838,0.0009152300470496,0.00087511991609,0.0008237744543294,0.0007800690175135,0.0007188926413021,0.000661704807525,0.0006262573388478,0.0005687886218007,0.0005362061624778,0.0005028934066528,0.0004863212937213,0.0004567161970607,0.0004542444242845,0.0004299761097543,0.0003857650830524,0.0003723950393992,0.0003509355575693,0.0003277907761192,0.0003186901581704,0.0003054886444792,0.0002850965190754,0.0002870065253115,0.0002840291626493,0.0002749847213545,0.0002782429672868,0.0002630190940514,0.0002518399399044,0.0002374587164791,0.0002351554736649,0.0002955453767203,0.0002103815692487,0.0,0.0,0.0,0.0,0.0,0.0,0.0,0.0,0.0,0.0,0.0,0.0,0.0,0.0,0.0,0.0,0.0,0.0,0.0,0.0,0.0,0.0,0.0,0.0,0.0,0.0,0.0,0.0,0.0,5.617665400501063e-08,0.0,0.0,0.0,0.0,0.0,0.0,0.0,0.0,0.0,0.0,0.0,0.0,0.0,2.8088327002505323e-08,0.0,0.0,0.0,0.0,0.0,0.0,2.8088327002505323e-08,0.0,0.0,0.0,0.0,0.0,0.0,0.0,0.0,0.0,0.0,0.0,0.0,0.0,0.0,0.0,0.0,0.0,0.0,0.0,0.0,0.0,0.0,0.0,0.0,0.0,0.0,0.0,0.0,2.8088327002505323e-08,0.0,0.0,0.0,0.0,0.0,0.0,0.0,0.0,0.0,0.0,0.0,0.0,0.0,0.0,0.0,0.0,0.0,0.0,0.0
HNGH058,0.0,0.0,0.0,0.0,0.0,0.0,0.0,0.0,0.0,0.0,0.0,0.0,0.0,0.0,0.0,0.0,0.0,0.0,0.0,0.0,0.0,0.0,0.0,0.0,0.0,0.0,0.0,0.0,1.6152572045445847e-05,1.2875238586949587e-05,1.5099143433786337e-05,1.1470667104736906e-05,1.5742905363133814e-05,1.2553357622275848e-05,1.685485778655219e-05,1.6094048233686985e-05,1.5742905363133814e-05,1.4396857692679992e-05,1.4338333880921133e-05,1.8083857833488284e-05,1.8522786421679747e-05,2.2707238962438363e-05,2.592604860917576e-05,0.0003539520135175,0.000307250011734,0.0002854791537597,0.0002832552489128,0.0003133950119687,0.0003630817281519,0.0004370558262151,0.0005090986384903,0.0005337956870525,0.0005456174970278,0.0005267728296415,0.0004845186375516,0.0004600264223305,0.0004668444464004,0.0005001444952912,0.00055866830705,0.0006324083098662,0.0007733043866757,0.0008798469859827,0.0008721803666423,0.0008006642686729,0.0007128785510346,0.0007046852173884,0.0007291481707036,0.0007695003389113,0.0008485074847858,0.0009992355619708,0.0012595494766742,0.0015905308940764,0.0018372965463577,0.0018086198785958,0.0014436361265617,0.0011817713308466,0.0011025300897251,0.0011655017111777,0.0012841880014247,0.0014484936029377,0.0017096268510057,0.0021825870357349,0.0028422674418808,0.0034814645139111,0.0036389813532601,0.0031326040720165,0.0027568226767129,0.0028564302043265,0.003327137222303,0.0040900243704856,0.0050871530752331,0.0059954718956365,0.0063810852913157,0.0065148999869023,0.006573950512967,0.0067290678760339,0.006663989397358,0.0067394265907152,0.0071345208438993,0.0078353434897116,0.0086468639254659,0.0096343362012732,0.0105215279256316,0.0108132691272496,0.0104130247786307,0.0104635308281786,0.0109138422977572,0.011950679408783,0.0132929522933784,0.0149399879277081,0.0163498558148849,0.017505086597099,0.0186802739991228,0.0206249032162463,0.0233328292482347,0.0257353195066536,0.0268950858842789,0.0271573310847704,0.0268300659294149,0.0262099768819238,0.0253161134430249,0.0243828634788122,0.0237354730731356,0.0236551491414966,0.0236398159028158,0.0235734499002812,0.0231043522871281,0.0219771544107465,0.0206227963590229,0.0191288590162545,0.0176159014346644,0.0162421720012486,0.0152789871073213,0.0144051095501379,0.0137006584279965,0.0131591375977918,0.0126004985526476,0.0120242438401639,0.0114392398178223,0.0107385342196335,0.009963971571005,0.0092160372567267,0.0085078406106327,0.0079935333528958,0.0074459260462682,0.0071125158906779,0.0065313159161007,0.0062995616215356,0.005965507704016,0.0056759026215273,0.0053625368714645,0.0050204066679221,0.004667566606828,0.0043645888333523,0.0041088397759661,0.003847472432651,0.0036237359002969,0.0034436581315149,0.0032504125050871,0.0031100138806776,0.0028718804906308,0.002699996055495,0.0025322082871824,0.0023720871382101,0.0022077230128854,0.0020548295546653,0.0019270720735958,0.0018142674264305,0.0017114118272643,0.0015981682515109,0.0015102069624374,0.0014283321497867,0.0013040860974227,0.0012409974283466,0.0011666136636011,0.0010743216124574,0.0010261565153798,0.0009588541318571,0.0009137907968028,0.0008617631281492,0.0008287556983172,0.0007443643617609,0.0006968430266127,0.0006917514549897,0.0006424744054887,0.0006087646899156,0.0005781567363657,0.0005521721639448,0.0005330056155938,0.0004989154952442,0.0004733405895056,0.0004456295646378,0.0004360023976035,0.0004272823496514,0.0004066234441005,0.0003958550627369,0.0003917583959138,0.0003613260137992,0.000357229346976,0.0003452904893772,0.0003442370607656,0.0003339953937078,0.0003335857270255,0.0003245145362028,0.0003173161073565,0.0003166138216154,0.000310644392816,0.0003058454402518,0.0003018658210522,0.0003044993925813,0.0002927361064178,0.0002937310112177,0.0002950770588881,0.0002961304874998,0.0003064306783694,0.0003065477259929,0.0003109370118748,0.0003027436782285,0.0002967157256174,0.0003037385830284,0.0003127512500393,0.0003212372027443,0.000322524726603,0.0003941578721959,0.0003056698688165,0.0,0.0,0.0,0.0,0.0,0.0,0.0,0.0,0.0,0.0,0.0,0.0,0.0,0.0,0.0,0.0,0.0,0.0,0.0,0.0,0.0,0.0,0.0,0.0,0.0,0.0,0.0,0.0,0.0,0.0,0.0,0.0,0.0,0.0,0.0,0.0,0.0,0.0,0.0,0.0,0.0,0.0,0.0,0.0,0.0,0.0,0.0,0.0,0.0,0.0,0.0,0.0,0.0,0.0,0.0,0.0,0.0,0.0,0.0,0.0,0.0,0.0,0.0,0.0,0.0,0.0,0.0,0.0,0.0,0.0,0.0,0.0,0.0,0.0,0.0,0.0
HNGH059,0.0,0.0,0.0,0.0,0.0,0.0,0.0,0.0,0.0,0.0,0.0,0.0,0.0,0.0,0.0,0.0,0.0,0.0,0.0,0.0,0.0,0.0,0.0,0.0,0.0,0.0,0.0,0.0,0.0,0.0,0.0,0.0,0.0,0.0,0.0,0.0,0.0,0.0,0.0,0.0,0.0,0.0,3.868625297456637e-06,6.517792620714987e-05,5.81415135284425e-05,0.0003214323018886,0.0003222172403548,0.0003643235823604,0.0004072148628322,0.0004928852897092,0.0005641464890291,0.0006368093641813,0.0006682629698606,0.000655479686269,0.0006045147530025,0.0005690243209259,0.0005729490132566,0.0006135415453633,0.0006790839072868,0.0007629601890984,0.0008841771150853,0.0010051697729391,0.0010176727213642,0.0009296474790888,0.0008434163818788,0.0008453506945275,0.0008753745908578,0.0009597835094856,0.0010622460128349,0.0011840236091549,0.0014780951987949,0.0018704522978036,0.0021554410280496,0.0021010279722353,0.0017124273644575,0.0015019797549792,0.0014845989746573,0.0016075259451598,0.0017914538478889,0.0020521094856842,0.0024703134870426,0.0031384082558033,0.0040905946822773,0.004944944135649,0.0051780428265791,0.0047588296186213,0.0044386027579485,0.0047518492729759,0.005673030630037,0.0069724121601994,0.0082318459291381,0.0093906393733096,0.0099984060142433,0.0101673359855656,0.0103019248989938,0.0102273837782261,0.0103345278788557,0.0103738308691965,0.010964328863875,0.0118174728760307,0.0128289501902158,0.0140545194710434,0.0149650761252947,0.0151703095006765,0.0150273385657705,0.0153693755023956,0.0162143056941735,0.0177606905395235,0.0196005302371472,0.0215069215032939,0.0231138587446041,0.0246096991594374,0.0266592575951066,0.0296218396344922,0.0332694206531775,0.0359004502911645,0.0359752717470986,0.0341153600515547,0.0318217418199459,0.029440238513645,0.0269917631360713,0.0248024576199107,0.0230220209440645,0.0217940407808052,0.0205189082425435,0.019373739087463,0.0179720071880179,0.016333083704212,0.014742069500358,0.013204290944619,0.0117761514724912,0.0105853157187908,0.0096291765664694,0.008858647327876,0.0079489597126407,0.0073939241165223,0.0068809387953762,0.0064227589992774,0.0059428251942596,0.0054694512321375,0.0050051601294094,0.0045761351906248,0.0041528851562697,0.0038682608617402,0.0036055027101962,0.0032394410498036,0.0030522332256266,0.0028876204158682,0.0027209331258778,0.0026030241548553,0.0024269736703044,0.002275985149637,0.0021525255423181,0.0020131709310598,0.0018447175295205,0.0016996160473492,0.0015886593884555,0.0014908224153532,0.0014163653951355,0.001333918822673,0.0012444078040152,0.0011900508152342,0.0010701514645297,0.0010052258399724,0.0009247976807086,0.0008643293852984,0.0008000204981073,0.0007439534648109,0.0006959600843091,0.0006370336323145,0.000586068699048,0.000560726399998,0.0005178911865595,0.0004859329775805,0.0004647396389944,0.0004083642370148,0.0003795457819004,0.0003619126999287,0.0003373833728615,0.0003205352293559,0.0003013603039685,0.0002843719928797,0.0002744481279862,0.0002616087773613,0.0003205912963892,0.0002158580781914,4.165780573927944e-05,3.722851010885807e-05,4.317161563828421e-05,3.027619798009541e-05,0.0,0.0,0.0,0.0,0.0,0.0,0.0,0.0,0.0,0.0,0.0,0.0,0.0,0.0,0.0,0.0,0.0,0.0,0.0,0.0,0.0,0.0,0.0,0.0,0.0,2.8033516648236498e-08,0.0,0.0,0.0,0.0,0.0,0.0,0.0,0.0,0.0,0.0,0.0,0.0,0.0,0.0,0.0,0.0,0.0,0.0,0.0,0.0,0.0,0.0,0.0,0.0,0.0,0.0,0.0,0.0,0.0,0.0,0.0,0.0,0.0,0.0,0.0,0.0,0.0,0.0,0.0,0.0,0.0,0.0,0.0,0.0,0.0,0.0,0.0,0.0,0.0,0.0,0.0,0.0,0.0,0.0,0.0,0.0,0.0,0.0,0.0,0.0,0.0,0.0,0.0,0.0,0.0,0.0,0.0,0.0,0.0,0.0,0.0,0.0,0.0,0.0,0.0,0.0,0.0,0.0,0.0,0.0,0.0,0.0,0.0,0.0,0.0
HNGH060,0.0,0.0,0.0,0.0,0.0,0.0,0.0,0.0,0.0,0.0,0.0,0.0,0.0,0.0,0.0,0.0,0.0,0.0,0.0,0.0,0.0,0.0,0.0,0.0,0.0,0.0,0.0,0.0,0.0,1.4699877969500837e-05,1.6420839292759473e-05,1.7209613232586344e-05,1.864374766863521e-05,1.8213507337820548e-05,1.964764177386941e-05,1.864374766863521e-05,1.842862750322788e-05,1.5775478796537483e-05,1.620571912735214e-05,3.0618770209643206e-05,2.44519921346331e-05,2.5025645909052645e-05,2.932804921719923e-05,0.0003570277678543,0.0002914161174051,0.0002635222026239,0.0002758557587739,0.0003064028222618,0.0003532990183206,0.000425005740123,0.0004921232317301,0.0005339282505409,0.0005541495460892,0.0005219532279999,0.0004942385800233,0.0004689619605879,0.0004604288606934,0.000508149684053,0.0005437520714279,0.0006560806511314,0.0007880568726088,0.0009210369881914,0.0009460267807396,0.0008254160746679,0.000723018875934,0.0007151669898966,0.0007359260858584,0.0007943312107665,0.0008694440018546,0.0010299236452484,0.0013189017341123,0.0018049657478501,0.0021152765864502,0.0020324553227684,0.0016164129228706,0.0012891434445643,0.0011843799240109,0.0012679182549107,0.0013871665332682,0.0016105329716828,0.0020039519008519,0.0026161480382403,0.0034580566589228,0.0044529874239317,0.0046327920288513,0.0039967892598245,0.00347067704196,0.003523309775763,0.0040902231183331,0.005104012751176,0.0063757314623424,0.0075545899687745,0.0079408740791243,0.0079506979000112,0.0079894553831455,0.0080831402151803,0.0079639636435447,0.0081009234821874,0.0083616132693001,0.008999408706372,0.0099548290676677,0.0111824122915646,0.0121545403190404,0.012386260590545,0.0118811225888077,0.0118394968368013,0.0124520515077987,0.013645394772035,0.0151036943733312,0.0167919932848089,0.0181535605183937,0.0192745517003313,0.020535586109949,0.0224746792809307,0.0251461132016807,0.0274272832890209,0.0283670357316028,0.0282666104677185,0.0276895864773743,0.0266732512559073,0.0253232288045327,0.0240428694333892,0.0231013601761231,0.0225561381168983,0.0220191981840416,0.0215076782840638,0.0209265311572159,0.0198799715525093,0.0185062858829399,0.0170334298171177,0.0157871311388303,0.0145810240781132,0.0135354325141509,0.0126249722674253,0.0119566656202265,0.0113211289448915,0.0107793129549522,0.0102523402564261,0.0097522575785758,0.0091901844397274,0.0085634318378131,0.0079661148451988,0.0074455957516348,0.0067498971367075,0.0062858112332021,0.0059499369482795,0.0055797868503353,0.0053275943097561,0.0050999971747551,0.0048843750622952,0.0046416478089939,0.0043684451989266,0.0041117351348738,0.0038588255270766,0.0036066688398583,0.0033803982792107,0.0031986934461633,0.0030041531099133,0.0027627882843263,0.0026310630363752,0.0025337570148893,0.002394108174179,0.002242412604206,0.0021211923909989,0.0019793923486346,0.0018425400700746,0.0017163003863414,0.0016266669840884,0.0015290024289934,0.0014120487657337,0.0013359679339013,0.0013131651963681,0.0012133494396191,0.0011450846404632,0.0010811222446154,0.0010228963865118,0.0009336215178678,0.0008992022914026,0.0008093537689841,0.0007849734835713,0.0007394397152267,0.0006979215233031,0.0006636457102816,0.0006541087162818,0.0006222709318016,0.0005816849272614,0.0005626109392619,0.0005229571221052,0.0004914061645121,0.0004752721521065,0.0004473065306036,0.0004448685020623,0.0004367656424986,0.0004333954265739,0.0004023464160335,0.0003789700247259,0.0003812646398235,0.0003601828636136,0.0003520800040499,0.0003520082973281,0.0003449810385915,0.000330281160622,0.0003283450791333,0.000330639694231,0.0003311416412836,0.0003207441666223,0.000312497893615,0.0003167285902013,0.0003061877020964,0.0003041082071641,0.0003092710911339,0.0003043950340513,0.0003125696003368,0.0003125696003368,0.000313573494442,0.0003231104884418,0.0003278431320807,0.0004077961268904,0.0002978697223673,0.0,0.0,0.0,0.0,0.0,0.0,0.0,0.0,0.0,0.0,0.0,0.0,0.0,0.0,0.0,0.0,0.0,0.0,0.0,0.0,0.0,0.0,0.0,0.0,0.0,0.0,0.0,0.0,0.0,0.0,7.170672180244311e-08,0.0,0.0,0.0,0.0,0.0,0.0,0.0,0.0,0.0,0.0,0.0,0.0,0.0,0.0,0.0,0.0,0.0,0.0,0.0,0.0,0.0,0.0,0.0,0.0,0.0,0.0,0.0,0.0,0.0,0.0,0.0,0.0,0.0,0.0,0.0,0.0,0.0,0.0,0.0,0.0,0.0,0.0,0.0,0.0,0.0,0.0,0.0,0.0,0.0,0.0,0.0
HNGH062,0.0,0.0,0.0,0.0,0.0,0.0,0.0,0.0,0.0,0.0,0.0,0.0,0.0,0.0,0.0,0.0,0.0,0.0,0.0,0.0,0.0,1.83275346198854e-05,1.673383595728667e-05,1.5017545089872652e-05,1.826623851747776e-05,1.7837165800624253e-05,1.55079139091338e-05,2.1300395586656107e-05,2.035030599933764e-05,2.096326702341407e-05,2.0840674818598784e-05,2.200530076434401e-05,2.3353815017312165e-05,1.795975800543954e-05,2.666380454732492e-05,2.267955789082809e-05,2.4824921475095607e-05,2.329251891490452e-05,2.39667760413886e-05,3.0648051203821736e-05,2.672510064973256e-05,2.6173435728063763e-05,3.708414195662431e-05,0.0004438450775337,0.0003631181106628,0.0003378641164709,0.0003332056126879,0.0003700445702349,0.0004304212311064,0.0005370764492957,0.0006497999816234,0.0007042922166638,0.0007087668321395,0.0006714988018757,0.000612899727974,0.000559817303289,0.0005647209914816,0.0006064636372212,0.0006787317419598,0.0008090779037296,0.0009950809264856,0.0011561670836129,0.0011299936478849,0.0009837411475402,0.0008514641585445,0.0008461313976351,0.0008625587530803,0.0009229354139518,0.0010119986507501,0.0012098011732196,0.0015591276608408,0.0020052406941636,0.0022965197728047,0.0022217078798162,0.001761711279298,0.0014026387113941,0.001294818867259,0.0013427524193418,0.0014847754886203,0.001679605150123,0.0020662303160592,0.0026557149329135,0.003462800713315,0.0042629600341443,0.0043680828497734,0.0038006341817347,0.0032541181326681,0.0032638335648997,0.0038033005621894,0.0046886308173142,0.0058748329911069,0.0068765032486014,0.007243636253972,0.007228741301087,0.0072808736361847,0.0073763116676334,0.0072984962656269,0.0073039516187411,0.0076662115839703,0.008183734576598,0.0090510744256662,0.0101631083155457,0.0110848484555006,0.0112987412048521,0.0108165860633136,0.0107072644646695,0.0111996867033613,0.012231606587394,0.0135774544599074,0.0151421907141185,0.0166214802015734,0.0177120911036614,0.01871768431171,0.0205251837795066,0.0229886741352698,0.0252683068318612,0.0262349463668298,0.0263538301574494,0.0259063992579248,0.0251917173519029,0.0241258394271364,0.0231044011766154,0.0223701351658743,0.0221627091553268,0.0218610097392764,0.0217555191470328,0.0212767352911267,0.0203289136595973,0.0191333944782386,0.0178484749315184,0.0164967732812251,0.0153212672773025,0.0143584281006832,0.0135473580736253,0.0128647033811113,0.0122754639486667,0.0118387292190122,0.0113732159692774,0.0108586964856676,0.0102587302353016,0.0095491665538307,0.008881437462253,0.0082436515167015,0.0078092460389385,0.0072320819386682,0.0068926854196371,0.006430604751637,0.0061002800557622,0.005881452970167,0.0056458920486144,0.0053483301194765,0.0050427690489744,0.0046950056119646,0.0044070058748023,0.0041511559433528,0.0038965932300538,0.0036430725504958,0.003469420692375,0.003285532385152,0.0031264077033018,0.0029966438545048,0.0028272827235525,0.0025832629398677,0.0024447337484264,0.0022628069164805,0.0021487961660023,0.0020038615318594,0.0018729330571167,0.0017727445777314,0.0016733835957286,0.0016001347533515,0.0014954716584904,0.0014046614827735,0.001336622809101,0.0012250639027191,0.0011512633954203,0.0010690653220917,0.0010124890195694,0.0009407112836501,0.0009067532429162,0.000860106908984,0.0008084342946544,0.0007643623970233,0.0007342047146387,0.0006875583807065,0.0006423831532321,0.0006157806447871,0.000585990739017,0.0005568750903734,0.0005404170868769,0.0005283111066514,0.000511699862899,0.0005027506319474,0.0004640727913282,0.0004440902619433,0.0004355088076063,0.0004103161095167,0.000404492979788,0.0003856137802464,0.0003857976685537,0.0003769097337045,0.0003665506923977,0.0003568659082173,0.0003639149599941,0.0003490813032115,0.0003531268459704,0.0003465068669104,0.0003494490798259,0.0003424613241515,0.0003398255917479,0.000332163578947,0.000329160069929,0.0003460164980911,0.0003430742851755,0.0003429516929707,0.0003376189320613,0.0003433194695852,0.0003341863503264,0.0003308763607964,0.0003339411659168,0.000356069058886,0.0003466907552176,0.0003505524096693,0.0003652021781447,0.0003578466458558,0.0003725577104336,0.0003791163933912,0.0003813843491803,0.0003777678791383,0.0003789938011864,0.0004933110321767,0.0003893528424933,0.0,0.0,0.0,0.0,0.0,0.0,0.0,0.0,0.0,0.0,0.0,0.0,0.0,0.0,0.0,0.0,0.0,0.0,0.0,0.0,0.0,0.0,0.0,0.0,0.0,0.0,0.0,0.0,0.0,0.0,0.0,0.0,0.0,0.0,0.0,0.0,0.0,0.0,0.0,0.0,0.0,0.0,0.0,0.0,0.0,0.0,0.0,0.0,0.0,0.0,0.0,0.0,0.0,0.0,0.0,0.0,0.0,0.0,0.0,0.0,0.0,0.0,0.0,0.0,0.0,0.0,0.0,0.0,0.0
HNGH063,0.0,0.0,0.0,0.0,0.0,0.0,0.0,0.0,0.0,0.0,0.0,0.0,0.0,0.0,0.0,0.0,0.0,1.7322988546028575e-05,1.658220285162604e-05,1.783584018061495e-05,2.239452137693826e-05,2.074199944327106e-05,1.698108745630433e-05,1.7693381393229845e-05,1.81777412703392e-05,2.000121374886852e-05,1.6924103941350287e-05,2.1767702712443803e-05,2.2907373011524632e-05,2.319229058629484e-05,2.3477208161065044e-05,2.3819109250789293e-05,2.5585598214364576e-05,2.330625761620292e-05,3.230965297894146e-05,2.7551529480279e-05,2.883365856674493e-05,2.8491757477020685e-05,3.202473540417125e-05,3.5272795756551606e-05,3.5101845211689485e-05,3.521581224159757e-05,5.168404806331552e-05,0.0006330868511393,0.0005592931992739,0.0005248751562416,0.0005360439251726,0.0005609457212075,0.0006532590154331,0.000776058490159,0.0009250133982489,0.0010385245600374,0.0010737118805215,0.0010386955105822,0.000964616941142,0.0009026758603869,0.0009164658710058,0.000993051715104,0.001093513651968,0.0013089113384943,0.0016026043745674,0.0019162986243894,0.0019596915710269,0.0016978808115706,0.0015542538621289,0.0015518890462583,0.00159625071265,0.00170782443493,0.001844898280152,0.0021739210954966,0.0027460925691502,0.0035158828726643,0.0040770850196892,0.0040834386816066,0.0034120019249031,0.0029349644294653,0.0029126553833608,0.0031052596639055,0.0033971007357426,0.0038607471051662,0.004570134882829,0.0056010236518626,0.006897996943974,0.0081765075772404,0.0084646447206055,0.0075239323639867,0.0067944578973026,0.0068150004544435,0.0076855091206389,0.0087678824954334,0.0103129905034123,0.0116345236904689,0.0122305712568882,0.0123515757508931,0.0124351135838157,0.0124963423706338,0.0121342976083733,0.0119526626544573,0.0121285707651205,0.012573583525154,0.013383319272651,0.0143526088620192,0.0152508400082398,0.015331728107717,0.0147962825094514,0.0146497778925045,0.0148661727905425,0.0156168736165471,0.0165120276529601,0.0177046356374332,0.0186539525048101,0.0196454941567679,0.0207137926033688,0.0223566843230087,0.0244529083958656,0.0260786195857469,0.0263189475600656,0.0256373107541853,0.0245088946993079,0.0232634060129574,0.0218689624185171,0.0206119630621459,0.0195247460885803,0.0186992543991985,0.0180518931775631,0.0173438445125017,0.0164595458356874,0.0154689729034838,0.0141960181629255,0.0129989369725285,0.011942548080553,0.0109335694730193,0.0100955129185902,0.0094333644748242,0.0088089676097153,0.0082983098404547,0.007823665652645,0.0071860771038242,0.0067561934670109,0.006283087834105,0.0058014061821985,0.0052771293528638,0.0048741419351088,0.0045232374500218,0.0042298293315235,0.0039020601535078,0.003656404220541,0.0034539702836667,0.0032600838740356,0.0030555700388656,0.0028630227418359,0.0026511580332367,0.002469779505138,0.0022534700823725,0.0021001559353886,0.0019588368183026,0.0018278602091807,0.0017296206294,0.0016351989451211,0.0015230553876916,0.001463051746445,0.0013618490238866,0.0012730687075882,0.0011926079844731,0.0011049103549588,0.0010323988321798,0.0009630214027232,0.0009151552501619,0.00086785893275,0.0008449515597385,0.0008019290059482,0.0007609578586962,0.0007337767220631,0.000697934091157,0.0006450533892797,0.0006178152691317,0.0005831692920396,0.0005596920838785,0.0005377534306212,0.0005361578922025,0.0005117689478022,0.0005044180743731,0.0004993465415422,0.0004740458609026,0.0004521641911603,0.0004451552188209,0.000424014334773,0.0004155807745598,0.0004150109394102,0.000411591928513,0.0004088567197952,0.000400480143097,0.000404184071569,0.0004024745661203,0.0003857214127239,0.0003822454183117,0.0003787124403845,0.0003803079788032,0.0003714185504704,0.0003650363967955,0.0003811627315275,0.0003891974071361,0.0003962063794754,0.0004001952255222,0.0004060075440475,0.0003869750500528,0.0003921605499137,0.0003999103079474,0.0003936421213025,0.0004058365935026,0.0004278892137898,0.0004409954222293,0.0005472696776186,0.0004291428511188,0.0,0.0,0.0,0.0,0.0,0.0,0.0,0.0,0.0,0.0,0.0,0.0,0.0,0.0,0.0,0.0,0.0,0.0,0.0,0.0,0.0,0.0,0.0,0.0,0.0,0.0,0.0,0.0,0.0,0.0,0.0,0.0,0.0,0.0,0.0,0.0,0.0,0.0,0.0,0.0,0.0,0.0,0.0,0.0,0.0,0.0,0.0,0.0,0.0,0.0,0.0,0.0,0.0,0.0,0.0,0.0,0.0,0.0,0.0,0.0,0.0,0.0,0.0,0.0,5.698351495404137e-08,0.0,0.0,0.0,0.0,0.0,0.0,0.0,0.0,0.0,0.0,0.0,0.0,0.0,0.0,0.0,0.0,0.0,0.0,0.0,0.0,0.0,0.0
HNGH064,0.0,0.0,0.0,0.0,0.0,0.0,0.0,0.0,0.0,0.0,0.0,0.0,0.0,0.0,0.0,0.0,0.0,0.0,0.0,0.0,0.0,0.0,0.0,0.0,0.0,0.0,1.1354210038528132e-05,1.457734063011031e-05,1.655517076585392e-05,1.5529629213986862e-05,1.670167670183493e-05,1.7873724189682993e-05,1.7727218253701985e-05,1.3551799078243252e-05,1.963179542145509e-05,1.7727218253701985e-05,1.831324199762602e-05,1.816673606164501e-05,1.8459747933607027e-05,2.234215523710374e-05,1.838649496561652e-05,2.3147937884999285e-05,2.439323834083785e-05,0.0002317723907219,0.0002015921679098,0.0001804953131286,0.0001891391633514,0.0002057675870853,0.0002473752729039,0.0002956489788096,0.0003278070317575,0.0003614301440651,0.0003634079742008,0.0003532990646182,0.0003253164308458,0.0003231920947741,0.0003273675139495,0.000346633044531,0.0003848710938221,0.0004439862389904,0.0005230261914521,0.0005991360251943,0.0005974512069305,0.0005325124508069,0.0004903553677284,0.0005061047558463,0.0005080093330141,0.0005342338955547,0.0006002348197141,0.0007146925821993,0.0009369787135665,0.0011947559079251,0.0014301909470466,0.0013751779680857,0.0011286084778296,0.000917420171113,0.0008609421327923,0.0008988139172434,0.0010077777071293,0.0011524889453946,0.0014520935844757,0.0018968123531461,0.0025823136276012,0.0032349243194286,0.0034163352946571,0.0030440637113293,0.002614947824841,0.0026589362321193,0.0031351537770255,0.0039669412285577,0.0051102002999855,0.0060604011742743,0.0064220877037274,0.0064671382790416,0.0066269762551969,0.0067515063007807,0.0066908894697686,0.0067408846204221,0.0070647359919081,0.0076147925285488,0.0087804303816977,0.0100109703644862,0.0111606756970972,0.0114117868713686,0.0108962691091354,0.0109168165666568,0.01138548905586,0.0125334363172392,0.0138802653867126,0.0156162142221516,0.017039885655047,0.0181498512525232,0.019184402919453,0.0207788636472183,0.0230872478010191,0.0251453265631963,0.0261224479032216,0.0264189026646792,0.0261828816018138,0.025471522029658,0.02454626379097,0.0235293660893258,0.0228384807217234,0.0224726920260628,0.0221627587184949,0.0220379356610391,0.021553037639426,0.0208999508033066,0.0199026116441159,0.0187748089489341,0.0175351489716308,0.0164099101303287,0.0154365246916709,0.0145812962903817,0.0138144109684892,0.0133170233158336,0.0127330506550133,0.0123366055922487,0.011817901325908,0.0112287277043603,0.0105649825613984,0.009858018167322,0.0091695867741473,0.0085902290503104,0.0080553358780437,0.0075382431769988,0.0071513942530409,0.0066611853912484,0.0064126380708567,0.0061444589550434,0.0058193989095856,0.005453610213925,0.0051093212643696,0.0048086910837366,0.0044630835807574,0.0041991897635716,0.0038758877893455,0.0037494531665939,0.003486181999636,0.0033522023211814,0.0031763951980042,0.0028962392219245,0.0027704272494008,0.0025602644842361,0.0024186664971104,0.0022651282762023,0.0021040449995912,0.0019752662818639,0.0018409935915373,0.0017459112390856,0.0016477522619783,0.0015836559149867,0.0014850574200714,0.0013584762913838,0.0012655182750039,0.001179739049487,0.0010987945198575,0.0010366027500336,0.0009842268779204,0.0009295801637994,0.0008900968140526,0.0008245720341851,0.0007704747173241,0.0007304785968013,0.0006885046461427,0.0006577383995867,0.000624554805087,0.0005915909694913,0.0005811890480366,0.0005539389439441,0.0005274579960156,0.0004879380197847,0.0004761442919382,0.0004577577969726,0.0004434734682145,0.0004457443102222,0.0004261125148007,0.0004056016837634,0.0003818677221344,0.0003790841093508,0.0003743959193994,0.000361869661873,0.0003572547248896,0.0003554966536579,0.0003638474920088,0.0003335573897447,0.0003360113641724,0.0003413588308357,0.0003303708856371,0.0003243641422619,0.0003253896838138,0.0003302976326691,0.000315940050943,0.0003321289568689,0.000331176668285,0.0003302976326691,0.0003303708856371,0.0003263419723976,0.0003145482445512,0.0003207381203464,0.0003209945057343,0.0003361578701084,0.0003378426883722,0.0003513944874504,0.0003427506372275,0.0003516142463544,0.0003567053276297,0.0003520537641623,0.0004609809275642,0.000346816176951,0.0,0.0,0.0,0.0,0.0,0.0,0.0,0.0,0.0,0.0,0.0,0.0,0.0,0.0,0.0,0.0,0.0,0.0,0.0,0.0,0.0,0.0,0.0,0.0,0.0,0.0,0.0,0.0,0.0,0.0,0.0,0.0,0.0,0.0,0.0,0.0,0.0,0.0,0.0,0.0,0.0,0.0,0.0,0.0,0.0,0.0,0.0,0.0,0.0,0.0,0.0,0.0,0.0,0.0,0.0,0.0,0.0,0.0,0.0,0.0,0.0,0.0,0.0,0.0,0.0,0.0,0.0,0.0,0.0,0.0,0.0
HNGH065,0.0,0.0,0.0,0.0,0.0,0.0,0.0,0.0,0.0,0.0,0.0,0.0,0.0,0.0,0.0,0.0,0.0,0.0,0.0,0.0,0.0,0.0,0.0,0.0,0.0,0.0,0.0,0.0,0.0,0.0,0.0,0.0,0.0,0.0,0.0,1.3614611676016646e-05,1.3893885761678526e-05,1.2986244983277416e-05,1.7245174789621086e-05,2.136446755313381e-05,1.843208965368408e-05,1.8920819303592365e-05,2.3459023195597915e-05,0.0003280772321312,0.0002711053186562,0.0002620987293936,0.000257630344023,0.0002848595673751,0.0003318474322877,0.0004057154279452,0.0004918016648505,0.0005301320331076,0.000534740055521,0.0005160286917817,0.0004867049127872,0.0004448836184593,0.0004561942189286,0.0004920809389362,0.0005392084408916,0.0006422605785009,0.000780675797207,0.0008908494240006,0.0009009382003452,0.0007853187288812,0.0007038405143893,0.0007101241813167,0.0007279279042776,0.000780920162032,0.0008683329508442,0.0010110769178781,0.0012957270296889,0.0016796939882133,0.0019585491627467,0.0018860775375175,0.001536635837833,0.0012455275127912,0.0011796886470964,0.0012554068335715,0.0013916925873745,0.0015909546474943,0.0019262231873314,0.0025275701122828,0.0033331362123745,0.0041377597624271,0.0043811122188207,0.0038276607995603,0.003465058308589,0.0035162003755258,0.0041598224151944,0.005175262990661,0.0063997053099848,0.0074908640719264,0.0078677793597878,0.0079799079051811,0.0080583839232521,0.0082159643260868,0.0081695001000848,0.0081693953723027,0.0087118852837009,0.0093695059369132,0.0103023512015453,0.011578284680413,0.0125803899182892,0.0127588111497665,0.0123452062289012,0.0123955104735811,0.0130727850405718,0.01436896589065,0.0159889301337925,0.0175977932320299,0.0190553595943599,0.0201134243771507,0.0214964943771304,0.0233700743993146,0.0263457048727812,0.0287689661140693,0.0298138701055732,0.0296731508756604,0.0290249906320998,0.0277830936824222,0.0265125362297034,0.0251391360949397,0.0240413794827243,0.0233758344273313,0.0228079305741379,0.0222876429525498,0.0215116449962776,0.0203130355298775,0.0189255669630486,0.0173593280721353,0.0159510884951853,0.014585158942213,0.0135485284454969,0.0126003231061534,0.0117987715710431,0.0111225093726128,0.0105172526104621,0.0099180700596745,0.0093799438058648,0.0087648775414552,0.0081172060275446,0.0073579645164121,0.0067417113371384,0.0062560886114331,0.0057678476911748,0.0054122619616058,0.0050821599923534,0.0047663010014698,0.0045252874655436,0.0042595581730364,0.0040353709007713,0.0037899587979959,0.0035377742986432,0.0032837046992123,0.0030324278406381,0.0027856891859558,0.0026353000908269,0.0024946157701747,0.0023274702299061,0.0022020761654439,0.0021095666245684,0.0019671368408808,0.0018447449728395,0.0017534921653495,0.0016158100411182,0.0014701686054455,0.001370607393907,0.0012930390166145,0.0012095360650016,0.0011362964360367,0.001094335504666,0.0010351992170271,0.0009779480294664,0.0009063142264942,0.0008437568313059,0.0007938365884938,0.0007367948564974,0.0006888993508064,0.0006467289638714,0.0006308801595101,0.0005867199447149,0.0005693002236217,0.0005224519957519,0.0005088373840759,0.000487682372087,0.0004605927857778,0.0004313388253047,0.0004103234503587,0.0003996412165821,0.0003743669118297,0.0003750650970439,0.0003592162926825,0.000353072262798,0.000339806743729,0.0003341514434944,0.0003176044539189,0.0003010574643435,0.0003016160125148,0.0002965192604515,0.0002880712193602,0.0002886297675315,0.0002738980595128,0.0002757133410696,0.000276620981848,0.0002720129594346,0.0002660085665929,0.0002735489669058,0.0002752944299411,0.000276620981848,0.0003412031141574,0.0002544885105593,0.0,0.0,0.0,0.0,0.0,0.0,0.0,0.0,0.0,0.0,0.0,0.0,0.0,0.0,0.0,0.0,0.0,0.0,0.0,0.0,0.0,0.0,0.0,0.0,0.0,0.0,0.0,0.0,0.0,0.0,0.0,0.0,0.0,0.0,0.0,0.0,0.0,0.0,0.0,0.0,0.0,0.0,0.0,0.0,0.0,0.0,0.0,0.0,0.0,0.0,0.0,0.0,0.0,0.0,0.0,0.0,0.0,0.0,0.0,0.0,0.0,0.0,0.0,0.0,0.0,0.0,0.0,0.0,0.0,0.0,0.0,0.0,0.0,0.0,0.0,0.0,0.0,0.0,0.0,0.0,0.0,0.0,0.0,0.0,0.0,0.0,0.0,0.0,0.0,0.0
HNGH066,0.0,0.0,0.0,0.0,0.0,0.0,0.0,0.0,0.0,0.0,0.0,0.0,0.0,0.0,0.0,0.0,0.0,0.0,0.0,0.0,0.0,0.0,0.0,0.0,0.0,0.0,0.0,1.866517166250953e-05,1.806090351516209e-05,1.846374894672705e-05,1.980656705194356e-05,1.7792339894118793e-05,1.812804442042292e-05,1.980656705194356e-05,1.994084886246521e-05,1.869874211513994e-05,1.9873707957204383e-05,1.490528096790329e-05,1.9000876188813653e-05,3.283190267254373e-05,2.887058926215502e-05,2.6050671241200345e-05,2.920629378845915e-05,0.0003167036501153,0.0002684293392327,0.0002454671496335,0.0002519126765386,0.0002680264938012,0.0003211349498625,0.0004017711770807,0.000456793148942,0.0005088609209717,0.0005085923573507,0.0004917399901302,0.0004573638466367,0.000423726253101,0.0004359458978585,0.000465689318889,0.000521550552066,0.000601851074758,0.0007338500945008,0.0008424840792128,0.0008724960638644,0.0007684276607101,0.0006846358109446,0.0006821515974499,0.000691685605997,0.0007389528033006,0.0008224425189924,0.0009655533585559,0.0012585562691141,0.0016690557638788,0.0020251711253822,0.0019527932295111,0.001556863311188,0.0012325727387782,0.0011528764842336,0.0012074620402106,0.0013439595006059,0.0015409844870938,0.0019045189186285,0.0024944189122501,0.003328275385137,0.0042399145967685,0.0044631916772133,0.00383293999953,0.003284398803549,0.0033133029632638,0.0038458646237927,0.0048142379003696,0.0060426814734743,0.0071251942889945,0.0075546275190428,0.0075687942500528,0.0076707141442388,0.007763704298025,0.0076273411194403,0.0075944756463151,0.0080892034067295,0.0086687301304883,0.0095243402566796,0.0107029652780808,0.0117654701038334,0.0119710891261946,0.0114276506390135,0.0113277449719854,0.0118675242798298,0.0130151973439057,0.0145100560290854,0.0160807503667571,0.0174900043977292,0.0185332062132193,0.0196012837341085,0.021397269379383,0.0239661139851148,0.0262347380329729,0.027328530520577,0.027476676928035,0.0269624111641897,0.0260826974530097,0.0248952769730194,0.0236426626740208,0.0227932630815661,0.0223554372383602,0.0221261174764419,0.021872324854556,0.0215043926937266,0.0205087937800665,0.0193173784162131,0.017952638805429,0.0166524887455057,0.0153186675215941,0.0142983271843454,0.0135025731751941,0.0127305870465051,0.0121861414457451,0.0117239434539295,0.0111655996857805,0.0106937334036074,0.0101036991281753,0.009411039979052,0.0086293519895528,0.0080040687388588,0.007481309650498,0.0068423296551307,0.0064332736898291,0.0060793404077467,0.0058137645569875,0.0055348276660814,0.005303695099721,0.0050285852404147,0.0046936192640685,0.0043986021263524,0.0041035178477311,0.003851739453003,0.0035901249156542,0.003372957657588,0.0031665665148163,0.0030453771808205,0.0027954787314397,0.002651931475992,0.002518589638144,0.0023428147481712,0.0021977903928078,0.0020162413849825,0.0018961934463762,0.0017687264377385,0.0016693914684051,0.0015564604657564,0.0015053662368529,0.0013705472990892,0.0013126718387544,0.0012249186755785,0.0011352855670553,0.0010827813791413,0.0010068450152913,0.0009328557376939,0.000880888677022,0.0008523537922861,0.0007982382226459,0.0007431155394268,0.0006979968510915,0.0006584508578929,0.0006273646187571,0.0006106465333472,0.0005817088031797,0.0005473326596862,0.0005251761609501,0.0004865029995199,0.0004708591685941,0.0004601166237524,0.0004477626971844,0.0004322531480691,0.0004244648030589,0.0004056653495859,0.0003880744324075,0.0003688721335029,0.0003641722701347,0.0003579281659454,0.0003565182069349,0.0003427543213565,0.0003407400941986,0.0003371144853146,0.00033207891742,0.000332347481041,0.0003175764818837,0.0003246934178413,0.0003181136091257,0.0003196578499467,0.0002987770284106,0.0003085796005787,0.0003221420634414,0.0003199264135678,0.0003254991087044,0.0003317432128937,0.0003170393546416,0.0003180464682205,0.0003151594092943,0.0003118023640312,0.0003273790540517,0.0003405386714829,0.000332347481041,0.0004226519986168,0.000322813472494,0.0,0.0,0.0,0.0,0.0,0.0,0.0,0.0,0.0,0.0,0.0,0.0,0.0,0.0,0.0,0.0,0.0,0.0,0.0,0.0,0.0,0.0,0.0,0.0,0.0,0.0,0.0,0.0,0.0,0.0,6.714090526082563e-08,0.0,0.0,0.0,0.0,0.0,0.0,0.0,0.0,0.0,0.0,0.0,0.0,0.0,0.0,0.0,0.0,0.0,3.3570452630412815e-08,0.0,0.0,0.0,0.0,0.0,0.0,0.0,0.0,0.0,0.0,0.0,0.0,0.0,0.0,0.0,0.0,0.0,0.0,0.0,0.0,0.0,0.0,0.0,0.0,0.0,0.0,0.0,0.0
HNGH067,0.0,0.0,0.0,0.0,0.0,0.0,0.0,0.0,0.0,0.0,0.0,0.0,0.0,0.0,0.0,0.0,0.0,0.0,0.0,0.0,0.0,0.0,0.0,0.0,0.0,0.0,0.0,0.0,0.0,0.0,1.6121744360144656e-05,1.4484379698567464e-05,1.7507206766094586e-05,1.4169501879033388e-05,1.889266917204452e-05,1.7129353382653697e-05,1.8514815788603627e-05,1.5869842104517394e-05,1.7129353382653697e-05,2.097086278096941e-05,2.493832330709876e-05,2.4371543231937428e-05,2.689056578821003e-05,0.0003328888308114,0.0002898135450991,0.0002693464868294,0.0002652530751755,0.0002921751287456,0.0003408237518636,0.0004145051616346,0.0004725056559928,0.0005184778176448,0.0005069532894498,0.0004888163270446,0.0004679084398276,0.0004447334323099,0.0004474413815579,0.0004720018514815,0.0005254051296745,0.000596000736814,0.0007233373270336,0.0008200048176306,0.0008310885168782,0.0007550770112427,0.0006785302133139,0.0006680447819234,0.0006776800432012,0.0007213221089886,0.000806213169135,0.0009110045074759,0.0012016997104698,0.0015561891597013,0.0018507258720934,0.0018007547621334,0.0014373542706091,0.0011705897818998,0.0011070789256998,0.0011693932461856,0.0012842921625336,0.001503006295982,0.0018553860638225,0.0023759735628582,0.0031832888043616,0.0039753639593996,0.0041186018795057,0.003604091522387,0.0031837611210909,0.0032759888344325,0.0038132018823396,0.0047583076576711,0.0059627153173889,0.006991924958318,0.0074660994667544,0.0075038533173165,0.007635314806972,0.0077690434169281,0.0076886236218191,0.0076975661518939,0.0082173349685988,0.0087703233952645,0.0097799791236005,0.0109808916395215,0.0120777685238685,0.0122777159392726,0.0117406603302753,0.0117681806517026,0.0123221451996089,0.0136518112559374,0.0150720361731639,0.0166961129907567,0.0181885079042204,0.0192329576316149,0.020512904480239,0.0223649528391745,0.0249690868700672,0.0272739925090566,0.0282479725804394,0.0282988253482942,0.0277078941443746,0.0268031557055073,0.0254897058568848,0.0243442433249838,0.023506731300587,0.0230224492141436,0.0225346090083395,0.0220780046822331,0.0214155332377154,0.0202484385996123,0.0189419160630196,0.0175557609258667,0.0161656068404057,0.0148897534034356,0.0138396673630714,0.0129514914975116,0.0121912504900286,0.0115718228434411,0.0110015791122649,0.0105137074186788,0.0100066911536651,0.0093705120070784,0.0087158180447032,0.0080702555390944,0.0075130792374288,0.0070050868511745,0.0063942238812784,0.0060273282459573,0.0057372627986025,0.0055021435307564,0.0052233821971229,0.0049758882309691,0.004736770014815,0.0044591737291137,0.0041491450280005,0.0039268412874094,0.0036962877479466,0.0034464007103643,0.0032154063419541,0.0031038451304932,0.0028360415449795,0.0026947873551365,0.0025961361342764,0.0024409328570281,0.0023043388589142,0.0021412951239595,0.0019958215713347,0.0018959423269785,0.0017702431014205,0.0016672780544329,0.0015918963044364,0.0014398103176015,0.0013852734792582,0.0013085062668558,0.0012508206503171,0.001179280409719,0.0011190757706241,0.0010453943608531,0.0009747357781496,0.0009230643279641,0.0008630801033429,0.00080822838718,0.0007807080657527,0.0007324687838001,0.0006858668665091,0.0006775540920734,0.0006572759604954,0.0006177902819258,0.0005944263477164,0.0005382521447115,0.0005289947368172,0.0005040564135101,0.0004873678890748,0.0004719388759176,0.0004613589811813,0.00046085517667,0.0004127418458452,0.0004153238439654,0.0004015951710337,0.0003920228853199,0.0003877405469742,0.0003677772932157,0.000370989046975,0.0003490105751715,0.0003428389699087,0.0003497662819384,0.0003410756541193,0.0003389344849464,0.000339249362766,0.0003300549304356,0.0003206715714135,0.0003203566935939,0.0003275988834432,0.0003207345469774,0.0003352189266759,0.0003305587349468,0.0003304957593829,0.0003344002443451,0.0003306217105107,0.0003375490225405,0.0004138754059955,0.0003103435789327,0.0,0.0,0.0,0.0,0.0,0.0,0.0,0.0,0.0,0.0,0.0,0.0,0.0,0.0,0.0,0.0,0.0,0.0,0.0,0.0,0.0,0.0,0.0,0.0,0.0,0.0,0.0,0.0,0.0,0.0,0.0,0.0,0.0,0.0,0.0,0.0,0.0,0.0,0.0,0.0,0.0,0.0,0.0,0.0,0.0,0.0,0.0,0.0,0.0,0.0,0.0,0.0,0.0,0.0,0.0,0.0,0.0,0.0,0.0,0.0,0.0,0.0,0.0,0.0,0.0,0.0,0.0,0.0,0.0,0.0,0.0,0.0,0.0,0.0,0.0,0.0,0.0,0.0,0.0,0.0,0.0
HNGH068,0.0,0.0,0.0,0.0,0.0,0.0,0.0,0.0,0.0,0.0,0.0,0.0,0.0,0.0,0.0,0.0,0.0,0.0,0.0,0.0,0.0,0.0,0.0,0.0,0.0,0.0,0.0,0.0,0.0,0.0,0.0,0.0,0.0,1.2804847251214266e-05,1.4464734857853151e-05,1.3200058586128288e-05,1.8258763673027752e-05,1.6045580197509235e-05,1.6677918333371667e-05,2.1815665687253937e-05,1.9365355410787008e-05,1.7784510071130926e-05,2.3949806895789646e-05,0.0003274721121097,0.0002779916529785,0.0002496945213986,0.0002588634243686,0.0002837617384682,0.000339881748026,0.0004373408632158,0.0005187543982081,0.0005643617862572,0.0005563389961584,0.0005257101177026,0.0004801027296535,0.0004479325269915,0.0004669817133344,0.000509980706573,0.0005703689985479,0.0006601610138403,0.0008218814920871,0.0009175226351363,0.0009135705217872,0.0007773806957758,0.0007041875565498,0.0007116965719131,0.0007248175882323,0.0007728752865578,0.0008784757552468,0.0010088954957685,0.0012574043831624,0.0016188251489413,0.0018783604325793,0.0017751312318998,0.0014335105540001,0.0011679680580714,0.0011108600201763,0.0011478518011242,0.0012612379331111,0.0014641789535894,0.0017695587520775,0.0022825035436624,0.0029740838586284,0.0036708414420818,0.0037982575764581,0.0033627346853829,0.0029479999105241,0.0030262122337036,0.0035557954224884,0.0044605922526405,0.0057464123307833,0.0067560587280881,0.0071637587411855,0.0072016595082037,0.0071964427185828,0.00727157239335,0.0072203134832116,0.0072422872334329,0.007538102917616,0.0082888858905522,0.009114917101656,0.0103961132071802,0.0113496000737938,0.01156949566054,0.0111161882593936,0.0110392801336193,0.0115575602782256,0.0126992863036587,0.0141230746588199,0.0157572340075559,0.0173048025528122,0.018533356508526,0.0197851884118661,0.0217069825701525,0.0242746706130889,0.0265781993997688,0.0276949875899688,0.027841057699353,0.0273629310263741,0.0266170091528573,0.02549923293432,0.0245450742084371,0.0239996825662557,0.0237748863589567,0.0234282069759701,0.0231648381423834,0.0226001601870582,0.0214759815448953,0.0201380330916774,0.0186451617951731,0.0172385256119472,0.0159368180381409,0.0149269740351685,0.0140583785632945,0.0132925380384981,0.012617279951664,0.0120654068435901,0.0114997013387942,0.0107708525949457,0.0101405695580248,0.0094747965432287,0.0086981272278556,0.0080932958009032,0.0075862396582085,0.0069252091794314,0.0065277846610418,0.0061159349289279,0.0058192893009414,0.0055611767781091,0.0052403442164259,0.0049468998002522,0.004633220563731,0.0043093843959024,0.0040396131386901,0.0037958863084486,0.003506947301493,0.0032763019664372,0.0031321288714605,0.0028545324298169,0.0027245869428972,0.0025683994233392,0.0024061256492235,0.0022455908049814,0.002114222557256,0.001957797910897,0.0018261134941037,0.0017149405455924,0.0016032143012122,0.0015125132998494,0.001392724744237,0.0013238789296949,0.001241042633897,0.0011680075792048,0.0010972647502552,0.0010105553833751,0.0009544353738173,0.0008988686601284,0.0008382432413526,0.0007496368600649,0.0007384128581533,0.0006925683433033,0.0006468819129872,0.0006185847814074,0.000592737960104,0.0005612396167114,0.0005305316959885,0.0004936189573076,0.0004666655442664,0.0004480906115255,0.0004382103281526,0.0004197934799456,0.0003968712225206,0.0004048544914859,0.0003729214156248,0.0003500782004668,0.0003524494684763,0.0003380637758854,0.0003273140275757,0.0003289739151824,0.0003137187576547,0.0003007558258695,0.000298463600127,0.0002885833167542,0.0002952228671807,0.0002896108662249,0.000289373739424,0.0002843940766041,0.0002809952591238,0.0002805210055219,0.0002674790314698,0.0002738419339619,0.0002655820170622,0.000284552161138,0.0002747509200322,0.0003533189334131,0.000243608266841,0.0,0.0,0.0,0.0,0.0,0.0,0.0,0.0,0.0,0.0,0.0,0.0,0.0,0.0,0.0,0.0,0.0,0.0,0.0,0.0,0.0,0.0,0.0,0.0,0.0,0.0,0.0,0.0,0.0,0.0,0.0,0.0,0.0,0.0,0.0,0.0,0.0,0.0,0.0,0.0,0.0,0.0,0.0,0.0,0.0,0.0,0.0,0.0,0.0,0.0,0.0,0.0,0.0,0.0,0.0,0.0,0.0,0.0,0.0,0.0,0.0,0.0,0.0,0.0,3.952113349140206e-08,0.0,0.0,0.0,0.0,0.0,0.0,0.0,0.0,0.0,0.0,0.0,0.0,0.0,0.0,0.0,0.0,3.952113349140206e-08,0.0,0.0,0.0
HNGH069,0.0,0.0,0.0,0.0,0.0,0.0,0.0,0.0,0.0,0.0,0.0,0.0,0.0,0.0,0.0,0.0,0.0,0.0,0.0,0.0,0.0,0.0,0.0,0.0,0.0,0.0,0.0,0.0,0.0,0.0,0.0,0.0,0.0,0.0,0.0,0.0,5.724119194308301e-06,4.07995729807081e-06,4.323536838254142e-06,5.419644769079136e-06,1.5284616146504082e-05,1.5589090571733245e-05,1.857293993897906e-05,0.0002740269827062,0.0002277468700714,0.0002218400662219,0.000228599398462,0.0002521048240897,0.0002902859170134,0.0003619591967124,0.0004084219940024,0.0004436801324439,0.0004347894792272,0.0004170081727938,0.0003994704459006,0.000373407435101,0.0003804103468813,0.0003981916533147,0.0004358551397155,0.0005161450456484,0.0006216149865478,0.0007097907800942,0.000703549054377,0.0006144293901124,0.0005569446186291,0.0005459226444358,0.000570037018914,0.0006200317195366,0.0006943843741776,0.0008068876742998,0.001032411881067,0.0013293962354355,0.0015554380487257,0.0015064176662638,0.0011989289442248,0.0009662800359072,0.0009081254206885,0.0009731611579174,0.001084933719419,0.0012456657684975,0.0015540983612547,0.0020157120373446,0.0026862865114693,0.0033232165616062,0.0034672329647396,0.0030230047783302,0.0026861342742567,0.0028025043995793,0.0033210547931871,0.0042442212504819,0.0054054562608634,0.0063821493221135,0.0067682228933041,0.0067414291438839,0.0067897492351678,0.0068990251063826,0.0068646803912167,0.0069366581453409,0.007314084642855,0.0079955593014029,0.0090549780639877,0.0102641373489003,0.0112923779303417,0.0114779550925189,0.0110406384755623,0.0109907046698247,0.0116372256643563,0.0128694336632587,0.0144493819032154,0.0162725747614876,0.0178404049193202,0.0190808641751463,0.020355881278236,0.0222988848228359,0.0250099859999614,0.0275080464217541,0.0286588075119077,0.0288117754631429,0.0283891649609248,0.0275148057539942,0.0264638818278732,0.0253455168165639,0.0244983167283638,0.0241132174753339,0.0238660451369329,0.0235108452724606,0.0228804005275811,0.0217447718163613,0.0204810507144477,0.01905918559607,0.0176491949802762,0.0162851495552496,0.0152368745566281,0.0143104502229833,0.0135404648490213,0.0128502517744693,0.0122866391659276,0.0116656026807877,0.0110586938089784,0.0103863838306298,0.0096760145491277,0.0089579420646672,0.0082676072003451,0.0075126628629894,0.0069911895148994,0.0066088609791392,0.0062033314921764,0.0058717283956594,0.005556353786007,0.0052762982096812,0.0050028801758254,0.0046626909005169,0.004351304905835,0.0040405583074461,0.0037801108841051,0.0035314161735779,0.0032508125432867,0.0030153929176995,0.0028146224817034,0.0026737117177073,0.0025161766500938,0.002342443543058,0.0022093882192329,0.0020455809784596,0.001920594226903,0.0017708232571328,0.0016227268967013,0.0014978923823573,0.0013955889754804,0.0013064388637733,0.0012287978853398,0.0011551150744344,0.0010824065816896,0.0010191976910121,0.000942043871659,0.0008671431630526,0.0008144081926029,0.000742795807789,0.0006993777547513,0.0006554725426333,0.000621919460973,0.000575334873913,0.0005552395618479,0.000512978511626,0.0004891686115731,0.0004711437255996,0.0004376515388244,0.0004122583717602,0.0004092136275079,0.0003769393384337,0.0003589144524601,0.000344116995394,0.0003291977485577,0.0003243261577541,0.0003008207321264,0.0003046571098843,0.000296314510633,0.0002783505195445,0.0002729308747754,0.0002643446959839,0.0002574026790887,0.000253809880871,0.0002482075514468,0.0002455281765047,0.0002514958752392,0.0002536880911009,0.0002450410174244,0.0002784723093145,0.0002291474524274,8.774952935104534e-05,0.0001081493158413,7.684934492784124e-05,0.0,0.0,0.0,0.0,0.0,0.0,0.0,0.0,0.0,0.0,0.0,0.0,0.0,0.0,0.0,0.0,0.0,0.0,0.0,0.0,0.0,0.0,0.0,0.0,0.0,0.0,0.0,0.0,0.0,0.0,0.0,0.0,0.0,0.0,0.0,0.0,0.0,0.0,0.0,0.0,0.0,0.0,0.0,0.0,0.0,0.0,0.0,0.0,0.0,0.0,0.0,0.0,0.0,0.0,0.0,0.0,0.0,0.0,0.0,0.0,0.0,0.0,0.0,0.0,0.0,0.0,0.0,0.0,0.0,0.0,0.0,0.0,0.0,0.0,0.0,0.0,0.0,0.0,0.0,0.0,0.0,0.0,0.0,0.0,0.0,0.0,0.0,0.0,0.0
HNGH070,0.0,0.0,0.0,0.0,0.0,0.0,0.0,0.0,0.0,0.0,0.0,0.0,0.0,0.0,0.0,0.0,0.0,0.0,0.0,0.0,0.0,0.0,0.0,0.0,0.0,0.0,0.0,0.0,0.0,0.0,0.0,0.0,0.0,0.0,0.0,0.0,0.0,0.0,0.0,0.0,7.924430945563211e-06,9.965572249723433e-06,1.110621003734238e-05,0.0002807169628897,0.0002373126933925,0.0002211036300947,0.0002240452749154,0.0002561632336721,0.0002944046163412,0.0003620624472173,0.0004234767870454,0.0004691323153341,0.0004740250511073,0.0004652601502129,0.0004400160349659,0.0004054667167146,0.0004117702413304,0.0004401060853176,0.0004907143829472,0.000583436228367,0.000719622376852,0.0008238406504997,0.0008284032016502,0.0007302483183472,0.0006676333071637,0.0006542458215511,0.0006828217998093,0.0007452567102895,0.0008202986700013,0.0009733842678133,0.0012783547920819,0.0017039327539993,0.0020024196529489,0.001951631254616,0.001562913903309,0.0012607049231577,0.0012153495627079,0.0013081314416956,0.0014535027260492,0.0016968487930026,0.0020982632438928,0.0027443445002273,0.0036585656870038,0.0045523154271711,0.0047216401050647,0.0042211102337872,0.0037331273781735,0.0038189453632998,0.0044214422494337,0.0054479862415069,0.0068391741242115,0.0079979420492968,0.0084059902094256,0.0084422504843583,0.0084686952709607,0.0085405854683646,0.0083973453756668,0.0084057200583706,0.0088665377245686,0.009460569877647,0.0104827014024892,0.011682472254361,0.0128097525731512,0.0129705825012055,0.0125541896751568,0.0126897454711802,0.0133856545887633,0.01465392374146,0.0162614425856217,0.017940671526484,0.0194483245306613,0.0208395424301498,0.0224334936879956,0.0249813483209136,0.028211754602586,0.0309978524491969,0.0317596183906231,0.0312358255118349,0.0298243763000081,0.0282438125277749,0.0266666106353367,0.025141878081129,0.0241104413532826,0.023616965426218,0.0231015172133498,0.0224889346878307,0.021540104149235,0.0199813025453182,0.0184679463522028,0.0167716978948779,0.0152808242728921,0.0139552830965434,0.0129137907460956,0.0120921713376034,0.0113614127339301,0.0107083976005183,0.0101009479450434,0.0095351916023844,0.0089888261021149,0.0081581416248895,0.0075055167096682,0.0069204895917552,0.0063895827351863,0.0058978177648031,0.0054623342642038,0.0050904263118722,0.0047726686376687,0.0045002963406989,0.0042584210961559,0.0040065202457954,0.0037620635578383,0.0034771142284208,0.0031759558357055,0.0029571935147537,0.0027758921400901,0.0025926696912578,0.0024005622743957,0.0022241236187214,0.0021024355768527,0.0019686807878625,0.0018551573112105,0.0017169600382053,0.0015961724998532,0.0014648790871415,0.0013748287354874,0.0012783547920819,0.0011753972233574,0.0011025164720853,0.0010426630050192,0.0009772264161505,0.0008972617038817,0.0008465933726843,0.0007788755082404,0.0007369120443696,0.0006864238138755,0.0006486626997485,0.0005962533950858,0.0005512882528265,0.0005137672729706,0.0004856115296868,0.0004647798816708,0.0004453590224974,0.0004374646083357,0.0004018046690807,0.0003681858711298,0.0003450729475386,0.0003336065360946,0.0003171573385258,0.0003063512963273,0.0002965057912131,0.0002827581041939,0.0002680498800904,0.0002706313235045,0.0002648080674309,0.0002524411524704,0.0002446968222281,0.0002649881681342,0.0002204432608493,0.0001083605898237,9.839501757407656e-05,0.0001294623888947,9.23316272293653e-05,0.0,0.0,0.0,0.0,0.0,0.0,0.0,0.0,0.0,0.0,0.0,0.0,0.0,0.0,0.0,0.0,0.0,0.0,0.0,0.0,0.0,0.0,0.0,0.0,0.0,0.0,0.0,0.0,0.0,0.0,0.0,0.0,0.0,0.0,0.0,0.0,0.0,0.0,0.0,0.0,0.0,0.0,0.0,0.0,0.0,0.0,0.0,0.0,0.0,0.0,0.0,0.0,0.0,0.0,0.0,0.0,0.0,0.0,0.0,0.0,0.0,0.0,0.0,0.0,0.0,0.0,0.0,0.0,0.0,0.0,0.0,0.0,0.0,0.0,0.0,0.0,0.0,0.0,0.0,0.0,0.0,0.0,0.0,0.0,0.0,0.0,0.0,0.0,0.0,0.0,0.0,0.0,0.0,0.0,0.0,0.0,0.0,0.0,0.0
HNGH071,0.0,0.0,0.0,0.0,0.0,0.0,0.0,0.0,0.0,0.0,0.0,0.0,0.0,0.0,0.0,0.0,0.0,0.0,0.0,0.0,0.0,0.0,0.0,0.0,0.0,0.0,0.0,0.0,0.0,0.0,0.0,0.0,0.0,1.1475687687756997e-06,9.563073073130828e-07,1.4025840507258548e-06,7.012920253629274e-07,1.612971658334733e-05,1.7086023890660414e-05,1.954054597943065e-05,1.832922339016742e-05,1.9827438171624582e-05,2.872109612963625e-05,0.0003107361210562,0.0002691686300983,0.0002488949151833,0.0002593505417433,0.0002908449290641,0.0003415929701722,0.0004206477075767,0.0005028901360057,0.0005552957764464,0.000552108085422,0.000549749194064,0.0005022525978008,0.0004839552513209,0.0004956859542906,0.0005355320920953,0.000606235079016,0.0007042247011053,0.000867115712451,0.000968197394834,0.0009735208388447,0.000871961002808,0.0008073783826541,0.0008072508750132,0.000823699360699,0.0008991838841562,0.0009938901844904,0.001164750423397,0.0014800449426182,0.001902796526271,0.0022168478459927,0.002150862641788,0.0017465677891663,0.0014453309873627,0.0013972924836253,0.0014795349120543,0.0016289738672771,0.0018520166082527,0.0022990265206011,0.0029182992559068,0.0037862118911139,0.0046728043957239,0.004837193621851,0.0042609547153744,0.0038325609186083,0.0039079179344246,0.0045548279509117,0.0056138426630302,0.0069288927182266,0.0081007835695183,0.0086585338680536,0.008757575428181,0.008848073976363,0.0088372039499699,0.0086422766438293,0.008735739744664,0.0090102318187731,0.0096220134801715,0.010599423302066,0.0117225424806847,0.0128334209257698,0.0130259255867319,0.0126310025457219,0.0125925908688781,0.013010242146892,0.0140653041221403,0.0154480288577843,0.0170954913330028,0.0186398320035827,0.0199883528145351,0.021435405155051,0.0233874515076487,0.0258124874544435,0.0278453736514194,0.0286318726578639,0.0284651245403787,0.0277836599531874,0.0269556572096055,0.0257645445814368,0.024807217212996,0.0238482003683121,0.0230926538417143,0.0224095635321006,0.0217033305856499,0.020913643888181,0.0196384399707892,0.018235282135679,0.0167262610816492,0.0154215072684615,0.0142183132913104,0.013225220029576,0.0124136338947696,0.0116294937796831,0.010954850851284,0.0104011170434395,0.0098289902583843,0.0092259747473029,0.0087071142792651,0.0080909973580735,0.0073405511371147,0.0068349833406485,0.0063706005122173,0.0059515466501527,0.0055472199206207,0.0051980721227207,0.004938020288952,0.0046829093762711,0.0044104255475074,0.0041383879954871,0.0038639915521087,0.0036184755894112,0.0034004375233438,0.0031043647809997,0.002908130521539,0.0027191004437935,0.0025380395936089,0.0024003950951763,0.0022418393436238,0.0021154792714175,0.0019761134198317,0.0018791438588702,0.0017311074876981,0.0016291651287385,0.001501338718661,0.0013880481796546,0.0012916524030775,0.0012215869543617,0.0011386432339074,0.0010773120585984,0.0010199336201596,0.0009617263820545,0.0009150585854576,0.0008316048344394,0.0007835344537918,0.0007323401359403,0.0006808908028069,0.0006437223254626,0.0006202609195232,0.0005788209362063,0.0005572721448815,0.0005100305639003,0.0004888642954984,0.0004620239370731,0.0004455754513874,0.0004277243816508,0.0004067493747104,0.0003913209501525,0.0003633330229584,0.0003574039176531,0.000334898819021,0.0003303722977664,0.0003186415947967,0.0003134137815167,0.0002955945886904,0.0002867646845529,0.000278667949351,0.0002790504722739,0.0002736313975325,0.000265725923792,0.0002647696164847,0.0002672560154837,0.0002686585995344,0.0003150076270289,0.000234869074676,1.816983883894857e-05,2.3588913580389377e-05,1.4918393994084093e-05,0.0,0.0,0.0,0.0,0.0,0.0,0.0,0.0,0.0,0.0,0.0,0.0,0.0,0.0,0.0,0.0,0.0,0.0,0.0,0.0,0.0,0.0,0.0,0.0,0.0,0.0,0.0,0.0,0.0,0.0,0.0,0.0,0.0,0.0,0.0,0.0,0.0,0.0,0.0,0.0,0.0,0.0,0.0,0.0,0.0,0.0,0.0,0.0,0.0,0.0,0.0,0.0,0.0,0.0,0.0,0.0,0.0,0.0,0.0,0.0,0.0,0.0,0.0,0.0,0.0,0.0,0.0,0.0,0.0,0.0,0.0,0.0,0.0,0.0,0.0,0.0,0.0,0.0,0.0,0.0,0.0,0.0,0.0,0.0,0.0,0.0,0.0,0.0,0.0,0.0,0.0,0.0
HNGH072,0.0,0.0,0.0,0.0,0.0,0.0,0.0,0.0,0.0,0.0,0.0,0.0,0.0,0.0,0.0,0.0,0.0,0.0,0.0,0.0,0.0,0.0,0.0,0.0,0.0,0.0,0.0,0.0,0.0,0.0,0.0,0.0,0.0,0.0,0.0,0.0,0.0,1.2689207761075904e-05,1.3045646181330848e-05,1.732290722439014e-05,1.5540715123115435e-05,1.981797616617473e-05,2.010312690237868e-05,0.0002660099930362,0.0002286196027515,0.0002163581210947,0.0002250552185489,0.0002453009208194,0.0002835824071548,0.0003354085534598,0.0003773257116818,0.0003930802898571,0.0004072665389832,0.0004063397990906,0.0003826010003016,0.0003641374901324,0.0003706959570651,0.0004002803459462,0.0004252310353641,0.000476772030933,0.0005794262959664,0.0006528526105389,0.000660017022786,0.0005764322132362,0.0005472755504594,0.0005398972751601,0.0005455646460422,0.0005939689835128,0.0006701755177633,0.0007748614817922,0.0009611718440594,0.0012535939240366,0.0014352349429985,0.0014220467214491,0.001145165356595,0.0009126962189048,0.0008609413602837,0.0009459875673566,0.0010475012294452,0.0011664803741263,0.0014769382381683,0.0018850602293602,0.0025397663196845,0.0032163577290124,0.0033572578365392,0.0029390842818961,0.0026092718116342,0.0027535580841534,0.0032706076565752,0.0041079171495961,0.0051135368646614,0.006032898482025,0.0064190995103712,0.0065233577482958,0.0067383614033935,0.0068493563274609,0.0068852853202226,0.0069395352477854,0.0073785960938555,0.0080496627076694,0.0091094254187714,0.0101512236334926,0.0110922923506497,0.0113833956084719,0.0110644545100278,0.0111622255687037,0.0118041711635828,0.0131132269058111,0.0145949414188109,0.0163330064436581,0.0177340589421542,0.0189818429199406,0.0203516001251384,0.0224135250986291,0.0255112244775388,0.0282810005098138,0.0294489422814632,0.0295544836977007,0.0288636347515626,0.0277612776492401,0.0267501331386609,0.025524198836036,0.0248084704881641,0.0245420684128656,0.024379033479441,0.0242503948535709,0.0236603110488389,0.0223370690574845,0.0208219919083488,0.0191325807278665,0.0175067581615576,0.0161073809236367,0.0150280140994207,0.0140920780955153,0.0133849042697294,0.012791434300005,0.0121705898596049,0.0116224588569369,0.0108813520935428,0.0101968833951272,0.0093793918782725,0.0085810411045855,0.0080145891671164,0.007229711765715,0.0067283454837844,0.0063311305082523,0.006009195327078,0.0056883294611645,0.0053998282038102,0.005094788203756,0.0047739936255265,0.0044839953268071,0.00413015890702,0.0038694954902876,0.0035989587293141,0.0034009571868625,0.0030651921949823,0.002930565403652,0.0027470709049048,0.0025729863804523,0.0024310526015068,0.0022850554245703,0.0021231610940905,0.0019539241321535,0.001846956962235,0.0017324332978071,0.0015803766677263,0.0014702371958675,0.001367440355466,0.001289095190694,0.0012438987990056,0.0011376801497697,0.0010825747699983,0.0010196990326653,0.0009640233514215,0.0008625809770169,0.0008128221735493,0.0007399661604492,0.0007067460996814,0.0006681794626099,0.0006371693200477,0.0006011690396019,0.0005843451461659,0.0005276714373454,0.0005051445291853,0.0004767007432489,0.0004565976163465,0.0004342845712386,0.0004048427577255,0.0003991397430014,0.0003771831363137,0.0003573651601476,0.00035793546162,0.0003560106941506,0.0003315590185211,0.0003155905772937,0.0003015469035356,0.0002994082730141,0.0002815150643173,0.0002822279411578,0.0002798754475841,0.0002749922412266,0.000271285281656,0.0002594158822615,0.0002592733068934,0.0002445167562948,0.0002654040477218,0.0002547821827982,0.0002482237158655,0.0002477959897612,0.0002473682636569,0.0003088895349929,0.0002256255200213,0.0,0.0,0.0,0.0,0.0,0.0,0.0,0.0,0.0,0.0,0.0,0.0,0.0,0.0,0.0,0.0,0.0,0.0,0.0,0.0,0.0,0.0,0.0,0.0,0.0,0.0,0.0,0.0,0.0,0.0,0.0,0.0,0.0,0.0,0.0,0.0,0.0,0.0,3.5643842025494124e-08,0.0,0.0,0.0,0.0,0.0,0.0,0.0,0.0,0.0,0.0,0.0,0.0,0.0,0.0,0.0,0.0,0.0,3.5643842025494124e-08,0.0,0.0,0.0,0.0,0.0,0.0,0.0,0.0,0.0,0.0,0.0,0.0,0.0,0.0,0.0,0.0,0.0,0.0,0.0,0.0,0.0,0.0,0.0,0.0,0.0,0.0,0.0,0.0,0.0,0.0,0.0
HNGH073,0.0,0.0,0.0,0.0,0.0,0.0,0.0,0.0,0.0,0.0,0.0,0.0,0.0,0.0,0.0,0.0,0.0,1.7404160683378744e-05,1.993213933012649e-05,2.148781849735588e-05,2.236288802892241e-05,1.6820780995667726e-05,1.5459561724342014e-05,1.720970078747507e-05,2.041828906988568e-05,1.983490938217466e-05,2.032105912193384e-05,1.9057069798559965e-05,1.70152408915714e-05,1.789031042313793e-05,1.7987540371089765e-05,2.3529647404344446e-05,2.722438542651424e-05,2.051551901783752e-05,2.109889870554853e-05,2.372410730024812e-05,2.061274896578935e-05,1.9640449486270983e-05,2.800222501012893e-05,4.210056746314523e-05,3.29609523556726e-05,3.0044053917117498e-05,2.975236407326199e-05,0.0004337427978131,0.0003681125829456,0.0003388463686121,0.0003498333527307,0.000377349428001,0.0004242142629138,0.0005298059863895,0.0006091456239182,0.0006593162770614,0.0006703032611799,0.0006333558809582,0.0005779348106257,0.0005398206710285,0.0005614057194739,0.0006058398056878,0.0006824570046739,0.0007792980328339,0.0009663684526933,0.0010954898235733,0.0010987956418037,0.000958784516753,0.0008502758948388,0.0008345246432706,0.0008722498630759,0.0009397274469545,0.0010299568386538,0.001219166317368,0.0015316633700852,0.0019438211194531,0.0022658467070695,0.0022192735620006,0.0017656958548053,0.0014449828714862,0.001356455003876,0.0014284051653604,0.0015748334669758,0.0018666205407793,0.0022390112414348,0.002832162538915,0.0036389280320454,0.0043870638665608,0.0045876978641594,0.0040574543430041,0.0035591022447769,0.0036240518500088,0.0042060703184484,0.0050294135177046,0.0060692878110495,0.0071078008851231,0.0074901090404697,0.0075801439722731,0.0077164117443276,0.0079925447965108,0.0079405753893305,0.007905280918224,0.0082916241164106,0.0088761705634971,0.009611083125091,0.0105744860643718,0.0115218946772145,0.0116747401553948,0.0114919964682193,0.0115933100739851,0.0120957944450002,0.0130395083198208,0.014298733375745,0.0157070605568534,0.0168547142475029,0.0180246335962333,0.0192631486732438,0.0211869890383928,0.0234856994678702,0.0254755103527045,0.0261603981060772,0.0259888358629162,0.0252513953226755,0.0244116202622155,0.023528529259943,0.0225094135604858,0.0216715830989848,0.0212978311790579,0.0207941800486674,0.0204262619256177,0.0196264483737659,0.0187491425533965,0.0175743130922944,0.0163814474758473,0.015261601550312,0.0142088929038375,0.0134834116471949,0.0127615278986265,0.0121598689807005,0.0116537871016112,0.0110746369166361,0.0105548942298595,0.0100972814798242,0.0095516756268925,0.0088979014568643,0.0084196759578632,0.0079232684585951,0.007584276245061,0.0071834457846296,0.0068852415342613,0.0066263667978395,0.0060912617792866,0.0058227126630436,0.0055739012262349,0.005291059307643,0.0049824514528439,0.0047976173217874,0.0045436526977372,0.0043739864385613,0.0040984367660658,0.003912241415738,0.0037258516055143,0.0034999864364222,0.0033430573004279,0.0031682378540105,0.0030048915414515,0.0028716865127574,0.0026456754987434,0.0024942398548084,0.0023826198745597,0.0022760558516045,0.002121654694257,0.002000506179109,0.0018940393861017,0.0017709462719947,0.0016869882119383,0.0015955434458896,0.0015335107390963,0.0014430868875011,0.0013574273033555,0.0012631142538423,0.0011960255897555,0.0011446881772369,0.001079933031901,0.0009835781534807,0.0009302961420031,0.0008845008365178,0.0008424974990026,0.0007902850169525,0.0007726863963732,0.0007244603421891,0.0006693309617004,0.000643953945285,0.0006121597523047,0.0005925193028184,0.0005769138961722,0.000538945601497,0.00052076360123,0.0005091932374237,0.0004627173223027,0.0004484245199538,0.0004302425196868,0.0004146857280145,0.0004012679951972,0.0003944618988406,0.000379391256908,0.0003622787860685,0.0003645150748714,0.0003553754597639,0.0003383602188723,0.0003258175555866,0.0003242618764193,0.0003170668602709,0.0003150250313639,0.0003098718441225,0.0003057881863085,0.0003130804324049,0.0002995654696396,0.0003053020365687,0.0003085106248511,0.0002879951058333,0.0002859532769263,0.0002973291808367,0.0002840086779673,0.0003021906782343,0.0002999543894314,0.0003141499618323,0.0003132748923008,0.0003111358334458,0.0003164834805832,0.0003130804324049,0.0003038435873494,0.0003098718441225,0.0003432217162699,0.0003488610532511,0.0003650984545591,0.0003887253319114,0.0004637868517302,0.0003803635563875,0.0,0.0,0.0,0.0,0.0,0.0,0.0,0.0,0.0,0.0,0.0,0.0,0.0,0.0,0.0,0.0,0.0,0.0,0.0,0.0,0.0,0.0,0.0,0.0,0.0,0.0,0.0,0.0,0.0,0.0,0.0,0.0,0.0,0.0,0.0,0.0,0.0,0.0,0.0,0.0,0.0,0.0,0.0,0.0,0.0,0.0,0.0,0.0,0.0,0.0,0.0,0.0,0.0,0.0,0.0,0.0,0.0,0.0,0.0,0.0,0.0,0.0,0.0,0.0,0.0,0.0
HNGH074,0.0,0.0,0.0,0.0,0.0,0.0,0.0,0.0,0.0,0.0,0.0,0.0,0.0,0.0,0.0,0.0,0.0,0.0,0.0,0.0,0.0,0.0,0.0,0.0,0.0,0.0,0.0,0.0,0.0,0.0,0.0,0.0,0.0,0.0,0.0,0.0,0.0,0.0,1.3482985833141568e-05,1.8085351189646625e-05,1.474701575499859e-05,1.5946223629580893e-05,2.171538583703089e-05,0.0002610383843752,0.0002375079812145,0.0002354336757017,0.0002406194394837,0.0002740027938302,0.0003090715214058,0.0003571694804837,0.000402091159245,0.0004378729293407,0.0004548563057267,0.0004605930569105,0.000434891115166,0.0004106152584617,0.000417648450591,0.0004391693702862,0.0004769606238473,0.000545542349864,0.0006576844916492,0.000726525505855,0.0007233492255385,0.0006653334932277,0.000612568346746,0.0006130869231242,0.0006381406443959,0.0006797239877227,0.0007551768507504,0.0008601237452882,0.001092251496579,0.0013557531187507,0.0015648690432589,0.0015377734274981,0.0012522971313002,0.0010590301973507,0.0010648641816054,0.0011570087218064,0.0012782259502101,0.0014516573376936,0.0017952790102969,0.0022385645805851,0.0029374110722538,0.0036125975166673,0.0038006138647876,0.0033575875826886,0.0031097728959573,0.0032822643637554,0.0038630699073368,0.0047976741849437,0.0058591352090673,0.0067993465937634,0.0072962075861241,0.007437876170443,0.0075460965783682,0.0076368798555764,0.0075799660980692,0.0077511935359454,0.0081839455235514,0.0090932367916975,0.0099803265086521,0.0111363304887258,0.0121696587443321,0.0123551470326087,0.012121852484467,0.0123366727491354,0.0130133825116598,0.0143342613689768,0.0159534836988756,0.0178121910824309,0.0193470799288253,0.0207897918239951,0.0222826759837555,0.0246599597455086,0.0279454003895805,0.0305833660144488,0.0315819172416922,0.0312227706887666,0.0302457727922421,0.0290711972956241,0.0276864687217416,0.0262684864376071,0.0250219260574906,0.0243219127689709,0.0237950067576984,0.0232127751290769,0.0222593724577603,0.0208412605295313,0.0192067077854519,0.0174858444854263,0.0159194521240564,0.0145601986147528,0.013498316247322,0.0125491594201019,0.0117744063110745,0.0111030443674502,0.010496828581337,0.0099541384015531,0.0093335321209449,0.0086396769269163,0.0078127420698327,0.0071855239404026,0.0065753540094056,0.006061055886328,0.0056713457381124,0.0053285343411,0.0050102905000048,0.0047384916557819,0.0044633220651007,0.0042080528429329,0.0039887598570025,0.0037047096458447,0.003478026946525,0.0031684368487409,0.0029490790407633,0.0027474176516916,0.0025609894437296,0.0024262244074454,0.0023167399695984,0.0021681030151975,0.002060628060816,0.0019211958371281,0.0017920054969096,0.0016465448228251,0.00151203907473,0.0014175933518508,0.0013342970211028,0.0012543066147658,0.0011846229139454,0.0011050862619394,0.0010236697705623,0.0009933330524377,0.0008937663878238,0.0008491039972515,0.0007845412381659,0.0007485650019284,0.0007050694082071,0.0006577493136965,0.0006220971876954,0.0005634980569591,0.0005461905703367,0.0005211692600887,0.0004910270081059,0.000486554286844,0.0004469480159591,0.0004317148348496,0.0003971646836522,0.0003745417891533,0.0003748010773424,0.0003642999056839,0.0003539932001672,0.0003344169418902,0.0003189244725916,0.0003198968033007,0.00029707944266,0.000291180636358,0.0002857355843869,0.0002876802458052,0.000275364056823,0.0002633719780771,0.0002583158583897,0.0002607142741389,0.0002611680284698,0.0002555285103569,0.000257213883586,0.0003023948505365,0.0002347206331817,0.0,0.0,0.0,0.0,0.0,0.0,0.0,0.0,0.0,0.0,0.0,0.0,0.0,0.0,0.0,0.0,0.0,0.0,0.0,0.0,0.0,0.0,0.0,0.0,0.0,0.0,0.0,0.0,0.0,0.0,0.0,0.0,0.0,0.0,0.0,0.0,0.0,0.0,0.0,0.0,0.0,0.0,0.0,0.0,0.0,0.0,0.0,0.0,0.0,0.0,0.0,0.0,0.0,0.0,0.0,0.0,0.0,0.0,0.0,0.0,0.0,0.0,0.0,0.0,0.0,0.0,0.0,0.0,0.0,0.0,0.0,0.0,0.0,0.0,0.0,0.0,0.0,0.0,0.0,0.0,0.0,0.0,0.0,0.0,0.0,0.0,0.0,0.0,0.0,0.0,0.0,0.0,0.0,0.0
HNGH075,0.0,0.0,0.0,0.0,0.0,0.0,0.0,0.0,0.0,0.0,0.0,0.0,0.0,0.0,0.0,0.0,0.0,0.0,0.0,0.0,0.0,0.0,0.0,0.0,0.0,0.0,0.0,0.0,0.0,0.0,0.0,0.0,0.0,0.0,0.0,0.0,0.0,0.0,0.0,7.171190908405145e-06,5.053982164018864e-06,7.37608207721672e-06,2.253802856927331e-05,0.0003210644615277,0.0002594605167717,0.0002554309904517,0.0002556358816205,0.0002924479949503,0.0003493394428237,0.0004327984455863,0.0004853871789146,0.0005193991129373,0.000532443850685,0.0005153012895611,0.0004670835678341,0.00044536510394,0.0004665030428558,0.0004918753992603,0.0005390003680869,0.0006248839163471,0.0007635610891044,0.0008391659303959,0.0008425124861531,0.0007206022407103,0.0006499489359984,0.0006483098066479,0.0006668866059535,0.0007233341229611,0.0008034465699664,0.000922761527271,0.0011596840154735,0.0014881928561347,0.0016965671748161,0.0016411782621807,0.0013152305611296,0.0010726394172567,0.0010297830144469,0.0011243744373816,0.0012411965521323,0.0014262474260973,0.0017725817984452,0.0022270304108692,0.0029723561859495,0.0036490434194778,0.0038140491074274,0.003304211582368,0.0029585260320547,0.0031121602601352,0.0036754060831983,0.0045673997866195,0.0056672897293281,0.0065448727538762,0.0068968757818945,0.0070619839154285,0.0072242918696554,0.00737895055358,0.007280739386663,0.0074302757913673,0.0078674111000268,0.0086324405758411,0.0096640334622793,0.0108413381182706,0.0118761751148816,0.0120801442734335,0.0116824505147702,0.0117728758172724,0.0124468994656062,0.0137252837648779,0.0153008968530389,0.0169106584693352,0.0185578468724677,0.0196971100681164,0.0211293334866374,0.0232762514505014,0.0265175614440442,0.029152700914658,0.0301613459901893,0.030255937413124,0.0295357449547513,0.028395320709146,0.027125166205155,0.0258022180766667,0.0248222577647691,0.024355686424857,0.0239584707455876,0.0237020152992918,0.0228957685500183,0.0216328193854637,0.0200955550943986,0.0184021637326991,0.0167665858291325,0.015371857494504,0.0142053779219316,0.013211041079689,0.0124634273532237,0.0117726367775755,0.0111380546792379,0.0105378942972606,0.0099939082440659,0.0093353538789774,0.008616766401427,0.0077289388184383,0.0071205144926524,0.0066048717178099,0.0061079423363856,0.0056865494991964,0.0053581772526477,0.0050792520748389,0.0047946582413596,0.0045388857656265,0.0042680879375139,0.0039872845906576,0.0036931633178286,0.0034819205227839,0.0031312151388347,0.0029136890146131,0.0027189741071858,0.0025712475744727,0.0024149156126695,0.0023035914109485,0.002173690409922,0.0020347059004114,0.0019285039779108,0.0017853533479677,0.0016187768277239,0.0015267123958713,0.0014242668114655,0.0013255434166264,0.0012467627622184,0.0011902810966827,0.0011219840404121,0.0010503404283844,0.0009694084167038,0.0009018626280522,0.0008430588626033,0.0008173108723893,0.000749833380794,0.0007086502558629,0.0006631644163867,0.0006305184234894,0.0005952771424538,0.0005577137615051,0.0005252726597766,0.0005067641575272,0.0004832699701702,0.0004588196240253,0.0004341643867117,0.0004042502760652,0.0003902493795297,0.0003796633358078,0.0003588327336453,0.0003548715043816,0.0003396412608333,0.0003444903518285,0.0003138932706193,0.0003028291475035,0.000301463206378,0.0003018729887157,0.0002809740894969,0.0002802228218779,0.0002728467398007,0.0002838425658603,0.0003151226176322,0.0002653340636109,0.0001066117048382,0.0001008064550552,0.0001363892213722,9.582076994754684e-05,0.0,0.0,0.0,0.0,0.0,0.0,0.0,0.0,0.0,0.0,0.0,0.0,0.0,0.0,0.0,0.0,0.0,0.0,0.0,0.0,0.0,0.0,0.0,0.0,0.0,0.0,0.0,0.0,0.0,0.0,0.0,0.0,0.0,0.0,0.0,0.0,0.0,0.0,0.0,0.0,6.829705627052518e-08,0.0,0.0,0.0,0.0,0.0,0.0,0.0,0.0,0.0,0.0,0.0,0.0,0.0,0.0,0.0,0.0,0.0,0.0,0.0,0.0,0.0,0.0,0.0,0.0,0.0,0.0,0.0,0.0,0.0,0.0,0.0,0.0,0.0,0.0,0.0,0.0,0.0,0.0,0.0,0.0,0.0,0.0,0.0,0.0,0.0,0.0,0.0,0.0,0.0,0.0,0.0,0.0
HNGH076,0.0,0.0,0.0,0.0,0.0,0.0,0.0,0.0,0.0,0.0,0.0,0.0,0.0,0.0,0.0,0.0,0.0,0.0,0.0,0.0,0.0,0.0,0.0,0.0,0.0,0.0,0.0,0.0,0.0,0.0,0.0,0.0,0.0,1.4463699454794292e-05,1.535907132580537e-05,1.714981506782752e-05,1.763193838298733e-05,1.5978944159582265e-05,2.011142971809492e-05,2.0386928755329098e-05,1.928493260639239e-05,2.679228137102372e-05,3.092476692953637e-05,0.0003739899430453,0.0003114516615932,0.0002866567482421,0.0002803202703857,0.0003224716230826,0.000395341118431,0.0005014082477662,0.000573244621725,0.0006321325409338,0.0006334411613606,0.0006153959744218,0.0005807519704896,0.0005455569684829,0.0005474854617436,0.0005934938009617,0.0006419816315149,0.0007671270691785,0.0009357669173455,0.0010658369002997,0.001044485724914,0.0009375232237079,0.0008274613583328,0.0008206427571613,0.0008446111734006,0.0009266410117371,0.001024167670918,0.0012072367811601,0.0015506463310725,0.0020404491818952,0.0024542831732006,0.002387405781912,0.0018730490793958,0.0015012286912686,0.0013912012632732,0.0014695463019867,0.0016380484006351,0.0018871339676744,0.0023695672192511,0.0030771864963871,0.0041968490210864,0.0052148179636667,0.0054032937425146,0.0047235687428985,0.0040878547144807,0.0041519426780173,0.0048341816063481,0.0059424797957615,0.0074512502731745,0.0086857958964005,0.0091015583809665,0.0090901596083009,0.0090798628317843,0.0091533866373462,0.0091193280688681,0.0090722866082604,0.0093883184413476,0.0100957655315853,0.0110057044141902,0.012287876933478,0.0133209638857265,0.0134616750189939,0.0128637387960568,0.0128773071236405,0.0134712830479174,0.0147598264824413,0.016232472148597,0.0178695907399814,0.0192941618241397,0.020450878969347,0.0216589078102392,0.0237043159748047,0.0267725143151021,0.0291677718195754,0.0300507462339109,0.0295904562174519,0.028693672413875,0.0272234373642952,0.0257148046364008,0.0241715279045742,0.0229392895857851,0.0224089539391093,0.0218765176122746,0.0213371249347497,0.0204976793682972,0.0193018757971822,0.017908677165889,0.0163278636902393,0.0148445768737705,0.0135489393390378,0.0125713998801716,0.0116852227895283,0.010899637284855,0.010279971075356,0.0097030760913877,0.0092172679766048,0.0086376868770234,0.0080040735287645,0.0072730368334636,0.0066750661731468,0.0061456603357217,0.0056678761303983,0.0052548686362046,0.0048857688010702,0.0046404024710335,0.0043960692623864,0.0041572804718637,0.0039436309684886,0.0037235761124978,0.003476728975136,0.0032160035737735,0.0029399191010852,0.0027546459985452,0.0025946843700511,0.0024177795507671,0.0022769306679811,0.0021475838699997,0.0020605261742337,0.0019143050602216,0.0018415733143918,0.001688258100171,0.0015779207357587,0.0014321817450618,0.0013445730512214,0.0012523497485072,0.0011774140103795,0.0011049577635869,0.0010307107730523,0.0009895236669858,0.0009355947304472,0.0008773955588315,0.0007970875894777,0.0007519057473713,0.0006903317125495,0.0006511419745029,0.0006151204753846,0.0005956977932595,0.0005589875465481,0.0005568524290095,0.0004863591128572,0.0004716543517449,0.0004572595270494,0.0004398342129443,0.0004092538198113,0.0003891423900932,0.0003779158043259,0.0003555315075507,0.0003529831414562,0.0003409989333366,0.0003394148138725,0.0003458201664882,0.0003329405864975,0.0003101430411663,0.0003022224438458,0.0002903759852448,0.0002891018021976,0.0002847282549815,0.0002866567482421,0.0002883097424655,0.0002845905054629,0.0002864501239642,0.00028686337252,0.0002901693609668,0.0002914091066344,0.0002810778927381,0.0003439605479868,0.0002522882433471,0.0,0.0,0.0,0.0,0.0,0.0,0.0,0.0,0.0,0.0,0.0,0.0,0.0,0.0,0.0,0.0,0.0,0.0,0.0,0.0,0.0,0.0,0.0,0.0,0.0,0.0,0.0,0.0,0.0,0.0,0.0,0.0,0.0,0.0,0.0,0.0,0.0,0.0,0.0,0.0,0.0,0.0,0.0,0.0,0.0,0.0,0.0,0.0,0.0,0.0,0.0,0.0,0.0,0.0,0.0,0.0,0.0,0.0,0.0,0.0,0.0,0.0,0.0,0.0,0.0,0.0,0.0,0.0,0.0,0.0,0.0,0.0,0.0,0.0,0.0,0.0,0.0,0.0,0.0,0.0,0.0,0.0,0.0,0.0,0.0,0.0,0.0,0.0,0.0,0.0,0.0,0.0
HNGK001,0.0,0.0,0.0,0.0,0.0,0.0,0.0,0.0,0.0,0.0,0.0,0.0,0.0,0.0,0.0,0.0,0.0,0.0,0.0,0.0,0.0,0.0,0.0,0.0,0.0,0.0,0.0,0.0,0.0,0.0,0.0,0.0,0.0,0.0,0.0,0.0,0.0,0.0,0.0,0.0,0.0,0.0,0.0,0.000367578,0.000316774,0.000284351,0.000289406,0.000302528,0.000354711,0.000408068,0.000486343,0.000544959,0.000551699,0.000530356,0.0005108,0.000473527,0.000473986,0.00050212,0.000548074,0.000642049,0.00080498,0.000932169,0.000958465,0.000860788,0.000776055,0.000774702,0.000809907,0.000897474,0.000968422,0.001139395,0.001479324,0.001938528,0.002288159,0.00224675,0.001798319,0.001516266,0.001475061,0.001604982,0.0017733,0.002019943,0.002479837,0.003241084,0.004326866,0.005414793,0.005785333,0.00516986,0.004701618,0.004864039,0.005665036,0.006859065,0.008237086,0.00929859,0.009741174,0.00978797,0.009898157,0.010056493,0.010166067,0.010261472,0.010743423,0.011450598,0.012366965,0.01343023,0.014334955,0.014510983,0.014236844,0.014613612,0.015602152,0.01714142,0.018802771,0.020381253,0.021722716,0.022813247,0.024468599,0.027211545,0.031173923,0.034174465,0.03458455,0.033193585,0.031236139,0.029032101,0.026683896,0.024617948,0.023002703,0.022025346,0.021242066,0.020520263,0.019429783,0.017929371,0.016271262,0.014576747,0.013075289,0.011711743,0.010694687,0.00977278,0.009116486,0.008360651,0.007917913,0.007439791,0.00687788,0.006307544,0.005723627,0.00515324,0.004699065,0.004280249,0.003921223,0.003636081,0.003415478,0.003123519,0.002949764,0.002758699,0.002575242,0.002364085,0.002198881,0.002015322,0.001849302,0.001724053,0.00159357,0.001495433,0.001418027,0.001319048,0.001222775,0.00116375,0.001070362,0.000995611,0.000899976,0.000835335,0.000784071,0.000727957,0.000688794,0.000645189,0.000615217,0.000571561,0.000522161,0.000483024,0.000458975,0.000426501,0.000403881,0.000369059,0.000351341,0.000333011,0.000313506,0.000308298,0.000289916,0.000263723,0.000251673,0.000247537,0.000233189,0.000231964,0.000218127,0.000264182,0.000190299,0.0,0.0,0.0,0.0,0.0,0.0,0.0,0.0,0.0,0.0,0.0,0.0,0.0,0.0,0.0,0.0,0.0,0.0,0.0,0.0,0.0,0.0,0.0,0.0,0.0,0.0,0.0,0.0,0.0,0.0,0.0,0.0,0.0,0.0,0.0,0.0,0.0,0.0,0.0,0.0,0.0,0.0,0.0,0.0,0.0,0.0,0.0,0.0,0.0,0.0,0.0,0.0,0.0,0.0,0.0,0.0,0.0,0.0,0.0,0.0,0.0,0.0,0.0,0.0,0.0,0.0,0.0,0.0,0.0,0.0,0.0,0.0,0.0,0.0,0.0,5.11e-08,0.0,0.0,0.0,0.0,0.0,0.0,0.0,0.0,0.0,0.0,0.0,0.0,0.0,0.0,0.0,0.0,0.0,0.0,0.0,0.0,0.0,0.0,0.0,0.0,0.0,0.0,0.0,0.0,0.0,0.0,0.0,0.0,0.0,0.0
HNGK002,0.0,0.0,0.0,0.0,0.0,0.0,0.0,0.0,0.0,0.0,0.0,0.0,0.0,0.0,0.0,0.0,0.0,0.0,0.0,0.0,0.0,0.0,0.0,0.0,0.0,0.0,0.0,0.0,0.0,0.0,0.0,0.0,0.0,0.0,0.0,0.0,1.4e-05,1.21e-05,1.69e-05,1.78e-05,1.83e-05,2.02e-05,2.6e-05,0.000373195,0.000337939,0.000315122,0.000331931,0.000345736,0.000384785,0.000449745,0.00053467,0.00059341,0.000628121,0.000622052,0.000592561,0.000549719,0.000545957,0.000590862,0.000639104,0.000733586,0.000892937,0.001032931,0.001061876,0.000957624,0.000896578,0.000918302,0.000937478,0.001007141,0.001113153,0.001266921,0.001595848,0.002037584,0.002395912,0.002353647,0.001892432,0.001605163,0.001564172,0.001690695,0.001846951,0.002089164,0.002541397,0.003230776,0.004367474,0.005357563,0.005654966,0.005045293,0.004676801,0.004906331,0.00575764,0.006957447,0.008337388,0.009524512,0.010137978,0.01038104,0.010517605,0.010787944,0.010592002,0.010588603,0.010974754,0.011626905,0.012525425,0.013549678,0.014490038,0.014676757,0.014371951,0.014585431,0.015487713,0.016849116,0.018468388,0.019967297,0.021460319,0.022475076,0.024158276,0.026689539,0.030130822,0.032772071,0.033194419,0.032173291,0.030422157,0.028408208,0.026396202,0.024435836,0.022873545,0.021683114,0.020892668,0.020020788,0.018932606,0.017464069,0.015813333,0.014180681,0.012680923,0.011391913,0.010399275,0.009575516,0.008859891,0.00834288,0.00770059,0.007246536,0.006745059,0.006207203,0.005654966,0.005156159,0.004691031,0.004330822,0.004011209,0.003746028,0.003499659,0.003341278,0.00305762,0.002864802,0.00267863,0.00247668,0.002281647,0.002113133,0.001976477,0.001856569,0.001740788,0.001659959,0.001511955,0.00144211,0.001353332,0.001276327,0.001193921,0.001126139,0.001022129,0.000957321,0.000910474,0.000848852,0.000802521,0.000763502,0.000740018,0.000688378,0.000650087,0.000610401,0.00055154,0.000529755,0.000498261,0.000470893,0.000448198,0.000446742,0.000418464,0.0003843,0.000382055,0.000362333,0.000342793,0.000336968,0.000327562,0.000301711,0.000292852,0.000288179,0.00028557,0.000286662,0.000265848,0.000272523,0.000252256,0.000233201,0.000269793,0.000203224,0.0,0.0,0.0,0.0,0.0,0.0,0.0,0.0,0.0,0.0,0.0,0.0,0.0,0.0,0.0,0.0,0.0,0.0,0.0,0.0,0.0,0.0,0.0,6.07e-08,0.0,0.0,0.0,0.0,0.0,0.0,0.0,0.0,0.0,0.0,0.0,0.0,0.0,0.0,0.0,0.0,0.0,0.0,0.0,0.0,6.07e-08,0.0,0.0,0.0,0.0,0.0,0.0,0.0,0.0,0.0,0.0,0.0,0.0,0.0,0.0,0.0,0.0,0.0,0.0,0.0,0.0,0.0,0.0,0.0,0.0,0.0,0.0,0.0,0.0,0.0,0.0,0.0,0.0,0.0,0.0,0.0,0.0,0.0,0.0,0.0,0.0,0.0,0.0,0.0,0.0,0.0,0.0,3.03e-08,0.0,0.0,0.0,0.0,0.0,0.0,0.0,0.0,0.0,0.0,0.0
HNGK003,0.0,0.0,0.0,0.0,0.0,0.0,0.0,0.0,0.0,0.0,0.0,0.0,0.0,0.0,0.0,0.0,0.0,0.0,0.0,0.0,0.0,0.0,0.0,0.0,0.0,0.0,0.0,0.0,1.37e-05,1.28e-05,1.31e-05,1.15e-05,1.78e-05,1.33e-05,1.56e-05,1.35e-05,1.43e-05,1.2e-05,1.88e-05,2.43e-05,2.18e-05,2.06e-05,2.3e-05,0.000368125,0.000322263,0.000316522,0.000312763,0.000345023,0.000367237,0.000427178,0.000490879,0.000548975,0.00055704,0.000561962,0.00052355,0.000482404,0.000484796,0.000508786,0.000550274,0.000638068,0.000775551,0.000905755,0.000922637,0.000837953,0.000745067,0.000740625,0.000771108,0.000814851,0.000887369,0.001032746,0.001373327,0.001828152,0.002151851,0.002099222,0.00169559,0.001354531,0.001301971,0.001381187,0.00153914,0.001750542,0.0021471,0.002810252,0.003830661,0.004756134,0.004995593,0.00439399,0.003816923,0.003861589,0.004529969,0.005540126,0.006882901,0.008041989,0.008530818,0.008571759,0.008634742,0.008714231,0.00873354,0.008687814,0.008993674,0.00963369,0.010493241,0.011693611,0.012733807,0.012987551,0.01258597,0.012533,0.013108528,0.014367337,0.015857471,0.01748813,0.018926935,0.019920449,0.021034325,0.023024326,0.025734858,0.02793421,0.028882375,0.028644864,0.027805613,0.026649703,0.025170709,0.023636797,0.022464996,0.021727106,0.02119221,0.020655743,0.01996016,0.018986467,0.017724582,0.01629456,0.015038998,0.013819387,0.012696763,0.011875213,0.011165414,0.010654714,0.010188304,0.009765841,0.009316313,0.008743758,0.008203599,0.007557842,0.006977564,0.006422505,0.006005033,0.005650406,0.005372638,0.005117219,0.004879606,0.004697833,0.004416818,0.004162356,0.003924982,0.003636244,0.003385644,0.003199121,0.003029958,0.002804066,0.002673726,0.002549092,0.002415573,0.002270948,0.002154892,0.001983064,0.001867145,0.001755087,0.001616784,0.001553972,0.001433542,0.001363895,0.001301629,0.0012246,0.001166641,0.001097267,0.001032814,0.00095066,0.000885626,0.000836962,0.000777123,0.000755456,0.000713764,0.000678359,0.000640152,0.000621903,0.000575358,0.000546617,0.000505301,0.000482882,0.000457252,0.000453561,0.000427588,0.000427725,0.000401137,0.000384085,0.000365528,0.000357189,0.000344477,0.000325339,0.00032199,0.000314608,0.000300665,0.000292122,0.000292873,0.000285287,0.00028638,0.000279067,0.00027606,0.000261433,0.000259793,0.000267653,0.000261023,0.000267721,0.000278178,0.000263552,0.000271344,0.000266012,0.000336206,0.000246875,0.0,0.0,0.0,0.0,0.0,0.0,0.0,0.0,3.42e-08,0.0,0.0,0.0,0.0,0.0,0.0,0.0,0.0,0.0,0.0,0.0,0.0,0.0,0.0,0.0,0.0,0.0,0.0,0.0,0.0,0.0,0.0,0.0,0.0,0.0,0.0,0.0,0.0,0.0,0.0,0.0,0.0,0.0,0.0,0.0,0.0,0.0,0.0,0.0,0.0,0.0,0.0,0.0,0.0,0.0,0.0,0.0,0.0,0.0,0.0,0.0,0.0,0.0,0.0,0.0,0.0,0.0,0.0,0.0,0.0,0.0,0.0,0.0,0.0,0.0,0.0,0.0,0.0,0.0,0.0,0.0,0.0,0.0,0.0
HNGK004,0.0,0.0,0.0,0.0,0.0,0.0,0.0,0.0,0.0,0.0,0.0,0.0,0.0,0.0,0.0,0.0,0.0,0.0,0.0,0.0,0.0,0.0,0.0,0.0,0.0,0.0,0.0,0.0,0.0,0.0,0.0,1.23e-05,1.3e-05,1.44e-05,1.39e-05,1.39e-05,1.43e-05,1.38e-05,1.41e-05,2.33e-05,2.07e-05,2.34e-05,2.5e-05,0.00039236,0.000347059,0.000328446,0.00033297,0.000350495,0.00038669,0.00047334,0.000537254,0.000594267,0.000604375,0.000609701,0.000576312,0.000534877,0.000526258,0.000573936,0.000620697,0.000712788,0.000881736,0.001020674,0.001070384,0.000958048,0.000843307,0.00082415,0.000854074,0.000914609,0.001000199,0.001150964,0.001510336,0.00204779,0.002402666,0.002369221,0.001886832,0.001500714,0.001414465,0.001473883,0.001620896,0.001833799,0.002241393,0.002873,0.003846254,0.004816386,0.005021643,0.004368904,0.003847714,0.003897768,0.004519725,0.005532209,0.006860654,0.007986877,0.008492776,0.008569146,0.008699923,0.008807104,0.008791212,0.008771912,0.009087701,0.00959904,0.010410677,0.011488993,0.012463936,0.012733909,0.012304495,0.01229725,0.012785767,0.013935385,0.015411502,0.016964018,0.018280436,0.019245213,0.020301767,0.022085627,0.0246006,0.026907081,0.027850955,0.028026661,0.027516267,0.026583646,0.025368625,0.024023143,0.022940703,0.022362329,0.021984458,0.021637256,0.021142297,0.020078212,0.018807954,0.017297904,0.015826083,0.014614384,0.013511355,0.012589587,0.011881267,0.011340347,0.010827033,0.010304898,0.009752868,0.009083663,0.008370475,0.00771868,0.006917925,0.006479348,0.00600091,0.005656085,0.00533371,0.005057466,0.004774063,0.004522188,0.004239644,0.003950744,0.003662559,0.003408622,0.00317702,0.002998336,0.00276095,0.002610787,0.002460252,0.00234952,0.002205026,0.002050625,0.001921022,0.001769198,0.001660556,0.001542178,0.001449085,0.001337379,0.001264646,0.001188991,0.001123188,0.001054979,0.00099221,0.000921367,0.000878758,0.00082332,0.000745432,0.00071399,0.000677337,0.000650363,0.00061623,0.000571673,0.000556955,0.000536109,0.000492239,0.000463261,0.000453811,0.000424546,0.000407479,0.000400778,0.000383998,0.000380132,0.000353301,0.000351297,0.000325468,0.000318882,0.000318824,0.000300613,0.000298837,0.000290132,0.000274154,0.000285321,0.000283489,0.000277246,0.000279251,0.000267338,0.000266995,0.000262528,0.000262012,0.000260523,0.000267567,0.000271004,0.000340902,0.000255655,0.0,0.0,0.0,0.0,0.0,0.0,0.0,0.0,0.0,0.0,0.0,0.0,0.0,0.0,0.0,0.0,0.0,0.0,0.0,2.86e-08,0.0,0.0,0.0,0.0,0.0,0.0,0.0,0.0,0.0,0.0,0.0,0.0,0.0,0.0,0.0,0.0,0.0,0.0,0.0,0.0,0.0,0.0,0.0,0.0,0.0,0.0,0.0,0.0,0.0,0.0,0.0,0.0,0.0,0.0,0.0,0.0,0.0,0.0,0.0,0.0,0.0,0.0,0.0,0.0,0.0,0.0,0.0,0.0,0.0,0.0,0.0,0.0,0.0,0.0,0.0,0.0,0.0,0.0,0.0,0.0,0.0,0.0,0.0,0.0,0.0,0.0,0.0
HNGK005,0.0,0.0,0.0,0.0,0.0,0.0,0.0,0.0,0.0,0.0,0.0,0.0,0.0,0.0,0.0,0.0,0.0,0.0,0.0,0.0,0.0,0.0,0.0,0.0,0.0,0.0,0.0,2.66e-08,0.0,0.0,0.0,0.0,0.0,0.0,0.0,0.0,0.0,0.0,0.0,0.0,0.0,0.0,0.0,0.0,0.000378593,0.000351668,0.000352784,0.000378487,0.000422406,0.000511252,0.000607693,0.000678908,0.000678748,0.000650231,0.000599408,0.000569377,0.000565579,0.000596169,0.000665047,0.000777074,0.00097832,0.001170272,0.001188248,0.00100397,0.000888836,0.000881295,0.000909866,0.000991862,0.001103969,0.001297593,0.001667079,0.002204751,0.002569112,0.002500578,0.001964605,0.001610866,0.001503432,0.0015905,0.001728416,0.001991265,0.002443463,0.003121415,0.004101274,0.005003759,0.00527444,0.004648001,0.004132607,0.004255627,0.004963053,0.006071244,0.007428448,0.008543198,0.009060451,0.009147491,0.00922107,0.009309438,0.00926143,0.009428422,0.009760999,0.010426471,0.011279646,0.012421188,0.013354261,0.013689281,0.01338339,0.013436708,0.014211233,0.015601417,0.017210876,0.01890087,0.020266465,0.021402457,0.022680826,0.024977158,0.028313254,0.031208198,0.032072605,0.031606971,0.030393684,0.029029363,0.027222058,0.025554527,0.02412385,0.023427895,0.022803182,0.022266466,0.021270834,0.019796716,0.018137683,0.016438023,0.014757217,0.013297384,0.012196018,0.011133525,0.010356637,0.009785454,0.009141836,0.008399891,0.007795438,0.007134241,0.006492667,0.005852447,0.00530179,0.004836183,0.004464414,0.004132448,0.003883221,0.00367154,0.00345747,0.003165546,0.00293634,0.002729704,0.002526892,0.00234357,0.002169967,0.002019783,0.00188723,0.001772733,0.001627116,0.001533437,0.001421915,0.00131241,0.00123445,0.001140718,0.001053173,0.000976514,0.000898979,0.000838226,0.000781987,0.000730952,0.000693406,0.000637485,0.000585069,0.000550285,0.000509393,0.000462501,0.000444763,0.000417679,0.000378752,0.000371158,0.000338976,0.000314972,0.000305785,0.000284224,0.000269938,0.000261388,0.00024296,0.000232498,0.000221187,0.000220125,0.000276258,0.000178065,0.0,0.0,0.0,0.0,0.0,0.0,0.0,0.0,0.0,0.0,0.0,0.0,0.0,0.0,0.0,0.0,0.0,0.0,0.0,0.0,0.0,0.0,0.0,0.0,0.0,0.0,0.0,0.0,0.0,0.0,0.0,0.0,0.0,0.0,0.0,0.0,0.0,0.0,0.0,0.0,0.0,0.0,0.0,0.0,0.0,0.0,0.0,0.0,0.0,0.0,0.0,0.0,0.0,0.0,0.0,0.0,0.0,0.0,0.0,0.0,0.0,0.0,0.0,0.0,0.0,0.0,0.0,0.0,0.0,0.0,0.0,0.0,0.0,0.0,0.0,0.0,0.0,0.0,0.0,0.0,0.0,0.0,0.0,0.0,0.0,0.0,0.0,0.0,0.0,0.0,0.0,0.0,0.0,0.0,0.0,0.0,0.0,0.0,0.0,0.0,0.0,0.0,0.0,0.0,0.0,0.0,0.0,0.0,0.0
HNGK006,0.0,0.0,0.0,0.0,0.0,0.0,0.0,0.0,0.0,0.0,0.0,0.0,0.0,0.0,0.0,0.0,0.0,0.0,0.0,0.0,0.0,0.0,0.0,0.0,0.0,0.0,0.0,0.0,0.0,0.0,0.0,0.0,0.0,0.0,0.0,0.0,0.0,0.0,0.0,0.0,0.0,1.55e-05,2.37e-05,0.000353405,0.000305483,0.000275913,0.000276718,0.000288914,0.000330221,0.000399602,0.000457879,0.000500509,0.000503788,0.00048581,0.000451867,0.000416918,0.000423994,0.000450861,0.000489118,0.00058082,0.000718316,0.000837834,0.000861623,0.000728902,0.000655149,0.000650201,0.000679886,0.000722516,0.000815599,0.00096417,0.00123082,0.001642589,0.001940536,0.001859764,0.001485936,0.001159167,0.001120967,0.001178928,0.001309607,0.001490711,0.001833243,0.002390303,0.003191894,0.00398612,0.004128765,0.003601477,0.003244159,0.003342622,0.003906557,0.004776234,0.005811712,0.006700489,0.007120858,0.007241815,0.007457551,0.007623409,0.007597061,0.007702944,0.00822494,0.009020864,0.009906218,0.010798102,0.01170874,0.011970098,0.011706669,0.011917918,0.01274439,0.014086674,0.015662385,0.017211948,0.018566572,0.019577427,0.020865777,0.023211638,0.026669032,0.029700216,0.030802083,0.030567793,0.029587688,0.028281878,0.026791052,0.025350048,0.024287732,0.023906626,0.023878466,0.023830572,0.023431603,0.022260327,0.020586557,0.018730532,0.016946823,0.015452603,0.01425236,0.01327096,0.012534551,0.012046756,0.011484374,0.010978112,0.01030953,0.009575652,0.008550242,0.007739878,0.006978933,0.006455009,0.005987292,0.005592351,0.005261095,0.004965651,0.004696181,0.00437761,0.004060679,0.003726978,0.003449023,0.003100105,0.002866333,0.002634028,0.002478295,0.00234658,0.002175947,0.002044895,0.001900035,0.001778417,0.001641208,0.001479809,0.001365353,0.001283719,0.001177634,0.001111532,0.001051011,0.000991237,0.00091829,0.00085052,0.0007881,0.000722228,0.000676607,0.000619653,0.00059457,0.000550042,0.000525851,0.000482329,0.000453047,0.000441253,0.000413294,0.000389217,0.000374058,0.000341612,0.000326769,0.000301801,0.000295991,0.000284715,0.000277121,0.000263141,0.000242948,0.000246688,0.000233456,0.000220281,0.000219706,0.000204978,0.000211479,0.000200664,0.000196579,0.000245307,0.000184901,0.0,0.0,0.0,0.0,0.0,0.0,0.0,0.0,0.0,0.0,0.0,0.0,0.0,0.0,0.0,0.0,0.0,0.0,0.0,0.0,0.0,0.0,0.0,0.0,0.0,0.0,2.88e-08,0.0,0.0,0.0,0.0,0.0,0.0,0.0,0.0,0.0,0.0,0.0,0.0,0.0,0.0,0.0,0.0,0.0,0.0,0.0,0.0,0.0,0.0,0.0,0.0,0.0,0.0,0.0,0.0,0.0,0.0,0.0,0.0,0.0,0.0,0.0,0.0,0.0,0.0,0.0,0.0,0.0,0.0,0.0,0.0,0.0,0.0,0.0,0.0,0.0,0.0,0.0,0.0,0.0,0.0,0.0,0.0,0.0,0.0,0.0,0.0,0.0,0.0,0.0,0.0,0.0,0.0,0.0,0.0,0.0,0.0,0.0
HNGK007,0.0,0.0,0.0,0.0,0.0,0.0,0.0,0.0,0.0,0.0,0.0,0.0,0.0,0.0,0.0,0.0,0.0,0.0,0.0,0.0,0.0,0.0,0.0,0.0,0.0,0.0,0.0,0.0,0.0,4.148392613095554e-06,3.950850107710051e-06,2.633900071806701e-06,1.3564585369804508e-05,1.112822780338331e-05,1.7712977982900063e-05,1.5770476679942622e-05,1.6527722950587046e-05,1.698865546315322e-05,1.5540010423659535e-05,1.7910520488285565e-05,2.258569311574246e-05,2.258569311574246e-05,2.653654322345251e-05,0.0004380175819414,0.0003933071282225,0.0003666388899954,0.0003688777050565,0.0003874467005627,0.0004267576591344,0.0005094621213892,0.0005767911919747,0.0006355600873269,0.0006182421943548,0.0006057311690137,0.0005757705556969,0.0005428797285502,0.0005483779949501,0.0005789312357831,0.0006323994072407,0.0007212935346642,0.0008722160087787,0.0010214264478466,0.0010271881042537,0.0009162679874797,0.0008184185998121,0.0008279006400706,0.0008356706452824,0.000893682294364,0.0009815557855096,0.0011481828888023,0.001468135900025,0.0018666449808894,0.0022232092031102,0.0021519622061678,0.0017215170869328,0.0013881311853439,0.0013143819833333,0.0013661710434952,0.0014761034477422,0.001661332470292,0.002016579742477,0.0025472447594442,0.0033468968212447,0.0042354430104687,0.0044258081381585,0.0038224474792094,0.0033493331788111,0.0033839031172536,0.0039411046774443,0.0048185555626158,0.0059762204916767,0.0069862882454636,0.0073810769424766,0.0074727037412245,0.0075801010166525,0.0076949390597832,0.0076208276965128,0.0077483413837391,0.0081424057582323,0.0086730378514486,0.0095175320619717,0.0106472776502714,0.0115370090945277,0.0118042841043142,0.0114259243589992,0.0114311921591428,0.011973446336426,0.0132211906479427,0.014671218484974,0.0163069033533169,0.0176341914470021,0.0186068907435203,0.0196854728229252,0.021550372845017,0.0243013497750155,0.0268231773987668,0.0277848143149835,0.0278668603022202,0.027358682207116,0.0264000413522311,0.0251626680222472,0.024066208346105,0.0230120556898661,0.0225276814666609,0.0223150598833643,0.022111986187828,0.021677985303496,0.0206453318565933,0.0193875787248038,0.0179545724669865,0.0164801810542909,0.0152776739765075,0.0141457554206486,0.0132730126318555,0.0125348621367316,0.0119465147081918,0.011499936951017,0.0110063440775604,0.010433931744455,0.0098585562737688,0.0091882945529958,0.008469766613407,0.0078295972009543,0.0073229994458932,0.0066736443069402,0.0062516935154367,0.0059612401850183,0.0056910020376509,0.0054261963091816,0.005136105140023,0.0048642208051108,0.0045702775570971,0.0042757087578165,0.0039521670577459,0.0036749819989391,0.0034379309924765,0.0032366351794887,0.0030794242689528,0.0028476739863847,0.002675252302934,0.0025687110450294,0.002403631358029,0.0022549476989755,0.0020876291969139,0.0019614653834744,0.0018393182676444,0.001701861607647,0.0016095104863792,0.0015342467918274,0.0014454185119057,0.0013170158834051,0.0012728980572023,0.0011892058824207,0.0011187490554998,0.0010415757833959,0.0009718432789948,0.0009106709498271,0.0008629315110256,0.0008074879145141,0.0007495421129343,0.0007174743795601,0.0006830361361212,0.0006387207674131,0.0006073115090568,0.0005739268256466,0.0005423858722867,0.0005304345507109,0.0004879299883021,0.0004663320077133,0.0004366347844037,0.0004189218064208,0.0004098348511731,0.0003961385707997,0.0003873150055591,0.0003577494772531,0.0003426045518402,0.0003360856491625,0.0003221259787819,0.0003145535160755,0.0003127097860252,0.0003021083382362,0.0002919678229597,0.0002826174777048,0.0002747816249912,0.0002747816249912,0.0002702381473673,0.0002594391570729,0.0002604927171016,0.0002591099195639,0.000255883391976,0.0002477183017534,0.0002641143297004,0.0002636533971878,0.0003013181682146,0.0002458745717031,7.243225197468427e-05,7.282733698545527e-05,9.350345254913788e-05,6.828385936158872e-05,0.0,0.0,0.0,0.0,0.0,0.0,0.0,0.0,0.0,0.0,0.0,0.0,0.0,0.0,0.0,0.0,0.0,0.0,0.0,0.0,0.0,0.0,0.0,0.0,0.0,0.0,0.0,0.0,0.0,0.0,0.0,0.0,0.0,0.0,0.0,0.0,0.0,0.0,0.0,0.0,0.0,0.0,0.0,0.0,0.0,0.0,0.0,0.0,0.0,0.0,0.0,0.0,0.0,0.0,0.0,0.0,0.0,0.0,0.0,0.0,0.0,0.0,0.0,0.0,0.0,0.0,0.0,0.0,0.0,0.0,0.0,0.0,0.0,0.0,0.0,0.0,0.0,0.0,0.0,0.0,0.0,0.0
HNGK008,0.0,0.0,0.0,0.0,0.0,0.0,0.0,0.0,0.0,0.0,0.0,0.0,0.0,0.0,0.0,0.0,0.0,0.0,0.0,0.0,0.0,5.527898899281519e-06,4.942591957004653e-06,5.46286479458409e-06,1.7949412896490582e-05,1.99654701421109e-05,1.6713764907239416e-05,1.9250094990439173e-05,1.632356027905484e-05,1.7884378791793152e-05,1.8989958571649456e-05,1.983540193271604e-05,2.41276528427464e-05,2.022560656090061e-05,2.139622044545435e-05,1.977036782801861e-05,2.250180022531065e-05,1.9380163199834032e-05,2.188397623068508e-05,3.355759802387369e-05,2.933038121854077e-05,3.3167393395689115e-05,3.976835502247822e-05,0.0006447806310226,0.0005200777352653,0.0004688308607637,0.0004735133163019,0.0005105827559795,0.000580754554948,0.0007160905268233,0.0008440776448679,0.0009163305351867,0.0009044292940271,0.0008477845888356,0.0007723450273866,0.0007058801723859,0.0007114080712851,0.000765288827027,0.000840825939633,0.0010118006008826,0.0012641329271086,0.0015057996601642,0.0015132785822044,0.0012832529538896,0.001090166697043,0.0010765745691612,0.0011143268669381,0.0011847913193777,0.0013291019977013,0.0015634849110309,0.0020503302187958,0.0026805757274186,0.0031565603396991,0.0030340360864491,0.0023280258458538,0.0018083383152167,0.0016614913068099,0.001722395745859,0.0018986056525367,0.0021899584415812,0.0026585291659262,0.0033659701568248,0.0044031340585394,0.0054203650071643,0.0056049968304003,0.0047698288578759,0.0041037170405125,0.0041192276744828,0.0047220613079756,0.0057770445543773,0.0072123472450496,0.0084510843542739,0.0088005451158655,0.0087927735403542,0.0088325418953767,0.0088946169483104,0.0086835812785672,0.0085822581434486,0.0088760171943669,0.0093452057427065,0.0101349473930997,0.011090948732152,0.0120263992941198,0.0121878139419788,0.0116907907968287,0.0116401942633741,0.0120939372118481,0.0130343303657729,0.0144175082215302,0.0158700124328949,0.0171405837363686,0.018049045144887,0.0189007317800045,0.0205099031495854,0.0227563762281487,0.0248653672093816,0.0258202304516017,0.0259755318936191,0.0254847195054676,0.0248491412002596,0.0237247665641458,0.0225479744396458,0.0215756170232622,0.0211712024432012,0.0209631583422741,0.0207682511304959,0.0204231151368667,0.0194495545895461,0.0182930205886594,0.0168466295831362,0.0154923593869169,0.0143047390839848,0.0133115057199933,0.0125160735854391,0.0118427104654019,0.0114039253610083,0.0109203317584782,0.0104808963130377,0.0100166828737075,0.0093111929059497,0.0086020285112766,0.0079758801512498,0.0073985398867983,0.0068850956302121,0.006346483175108,0.006029441914708,0.0057455680477038,0.0054851064583906,0.0051735930968899,0.0049502009472542,0.0046592383628379,0.0043880461462496,0.0040538683992619,0.0037750997094763,0.0035488785762863,0.0033420376062962,0.0031709979109419,0.0030113066668574,0.0028643621072935,0.0026946556110856,0.0025066745314577,0.0023400571552229,0.0022190286863809,0.00204083523951,0.0019320982164559,0.0018066474284945,0.0016939433250539,0.0016056270108748,0.001527130846505,0.0014367984750803,0.001360773606689,0.0012736929404991,0.00118537662632,0.0011369262183204,0.001055763655658,0.0010127110783483,0.0009288821173933,0.0008778953793106,0.0008483048616732,0.0008147472636493,0.0007705240724551,0.0007329993940447,0.0006718673356291,0.000634927964161,0.000613856914239,0.0005780881566554,0.0005620897668998,0.0005419942285483,0.0005027786634158,0.0004939340251769,0.0004828131932737,0.0004471094697948,0.0004316963869815,0.0004140721446085,0.0003973908967536,0.0003815550922598,0.0003693937146814,0.000362370031374,0.0003519645746224,0.000337657071589,0.000334860605087,0.0003165209875623,0.0003239348754978,0.0003187321471221,0.0003139846574791,0.0003062455990201,0.0002905723797881,0.0002841990375277,0.0002876458450767,0.0002824431167009,0.0002891741465371,0.0002892716976941,0.0002948646306981,0.0002875157768673,0.0002951247671169,0.0002843941398418,0.0002897919705317,0.0002792564455707,0.000287580810972,0.000329267672083,0.0002873206745532,0.0001090621935775,0.0001142649219533,0.0001547811691798,0.0001095824664151,0.0,0.0,0.0,0.0,0.0,0.0,0.0,0.0,0.0,0.0,0.0,0.0,0.0,0.0,0.0,0.0,0.0,0.0,0.0,0.0,0.0,0.0,0.0,0.0,0.0,6.503410469742965e-08,0.0,0.0,0.0,0.0,0.0,0.0,0.0,0.0,0.0,0.0,0.0,0.0,0.0,0.0,0.0,0.0,0.0,0.0,0.0,0.0,0.0,0.0,0.0,0.0,0.0,0.0,0.0,0.0,0.0,0.0,0.0,0.0,0.0,0.0,0.0,0.0,0.0,0.0,0.0,0.0,0.0,0.0,0.0,0.0,0.0,0.0,0.0,6.503410469742965e-08,0.0,0.0
HNGK009,0.0,0.0,0.0,0.0,0.0,0.0,0.0,0.0,0.0,0.0,0.0,0.0,0.0,0.0,0.0,0.0,0.0,0.0,0.0,0.0,0.0,0.0,0.0,0.0,0.0,0.0,0.0,0.0,0.0,0.0,0.0,0.0,0.0,0.0,0.0,0.0,3.16e-08,0.0,0.0,0.0,0.0,0.0,1.83e-05,0.00027752,0.000241053,0.000227464,0.000225695,0.000248637,0.000286432,0.000344641,0.000394318,0.000440361,0.000459606,0.000441024,0.00041666,0.000395772,0.000392959,0.000421748,0.000466116,0.000523566,0.000686817,0.000773467,0.000800739,0.000717628,0.000641122,0.000648327,0.000678411,0.000726003,0.000811642,0.000953341,0.001233926,0.001640758,0.001934554,0.001928455,0.001522918,0.001228776,0.001210889,0.001292926,0.001453111,0.001637314,0.002070185,0.002657523,0.003605807,0.004489404,0.004765029,0.004236059,0.003818293,0.003942263,0.004625573,0.005693025,0.007039578,0.008103048,0.008628763,0.008874904,0.008966516,0.009200837,0.009141522,0.009162727,0.009759354,0.010370709,0.011284769,0.012427084,0.013421949,0.013700954,0.013368859,0.013589055,0.01430662,0.015716217,0.017259518,0.018919679,0.02032915,0.02143111,0.022797824,0.025099519,0.028459912,0.031213059,0.03220884,0.031915804,0.030746122,0.029291115,0.027558113,0.025763963,0.024258235,0.023474213,0.022784868,0.022133949,0.021323382,0.019919948,0.018359772,0.016691994,0.014996787,0.013616137,0.012432994,0.011423087,0.010626235,0.010008876,0.009409025,0.008896614,0.00819131,0.007514131,0.006940856,0.00622623,0.005672011,0.005241573,0.004839417,0.004512094,0.00420727,0.003988306,0.0037312,0.003591587,0.00326066,0.002994263,0.002779566,0.002606582,0.002379812,0.002251196,0.002079982,0.001977373,0.001852644,0.001746338,0.001593957,0.001498459,0.001397715,0.001292546,0.001199955,0.001108597,0.001039675,0.000971322,0.000882681,0.000822196,0.00078971,0.000734725,0.000694907,0.000640048,0.000598777,0.000535764,0.000505048,0.000484571,0.000449809,0.000424908,0.000413531,0.000376179,0.000360378,0.000341355,0.000316706,0.000299262,0.000278279,0.000259824,0.000252492,0.000247879,0.000245477,0.000224368,0.000220891,0.000217478,0.000205723,0.000253314,0.000177535,0.0,0.0,0.0,0.0,0.0,0.0,0.0,0.0,0.0,0.0,0.0,0.0,0.0,0.0,0.0,0.0,0.0,0.0,0.0,0.0,0.0,0.0,0.0,0.0,0.0,0.0,0.0,0.0,0.0,0.0,0.0,0.0,0.0,0.0,0.0,0.0,0.0,0.0,0.0,0.0,0.0,0.0,0.0,0.0,0.0,0.0,0.0,0.0,0.0,0.0,6.32e-08,0.0,0.0,0.0,0.0,0.0,0.0,0.0,0.0,0.0,0.0,0.0,0.0,0.0,0.0,0.0,0.0,0.0,0.0,0.0,0.0,0.0,0.0,0.0,0.0,0.0,0.0,0.0,0.0,0.0,0.0,0.0,0.0,0.0,0.0,0.0,0.0,0.0,0.0,0.0,0.0,0.0,0.0,0.0,0.0,0.0,0.0,0.0,0.0,0.0,0.0,0.0,0.0,0.0
HNGK010,0.0,0.0,0.0,0.0,0.0,0.0,0.0,0.0,0.0,0.0,0.0,0.0,0.0,0.0,0.0,0.0,0.0,0.0,0.0,0.0,0.0,0.0,0.0,0.0,0.0,0.0,0.0,0.0,0.0,0.0,0.0,0.0,1.938876204922468e-05,1.5351513396301287e-05,1.724553128285794e-05,1.5201985668415235e-05,1.6996318403047852e-05,1.495277278860515e-05,2.008655811269292e-05,2.7861999962767595e-05,2.546955631659077e-05,2.6964833595451287e-05,3.147558672001384e-05,0.000625823383779,0.0005304246933877,0.0004863389349493,0.0004853670047181,0.0005279824071656,0.0005761303355449,0.0006923632226883,0.0008284334550646,0.000913315361928,0.0009603169110601,0.0009236826177281,0.0008688059415939,0.0007924221939321,0.0007720365803636,0.0008247949470194,0.0008863505283325,0.0010504073671115,0.0012958571324364,0.0015372945703964,0.0015791124916286,0.0013828573487781,0.0012299403257267,0.0012293920573911,0.0012705869464237,0.0013543224740399,0.0014628796044852,0.0017521659153687,0.0022381808735743,0.0029186815631838,0.0033970456859792,0.0032671808543102,0.0025826429160478,0.002070709818342,0.0019811925519142,0.0020765912423055,0.0022703293350698,0.0025911161539614,0.0031279206970723,0.003965525186114,0.0052271155475766,0.0064594483169495,0.0066984185473994,0.005781639126442,0.0050327045800367,0.0050053659271216,0.0056901281569758,0.0069641043985649,0.0085189186344121,0.0098213300655875,0.0101984888378921,0.010352253184735,0.0104149551452952,0.0104475272686864,0.0101288587592732,0.0100077911422615,0.0102462629469517,0.0108265551375895,0.0116664523851255,0.0128672348039144,0.0138398628312372,0.0140696371064221,0.0134460067959853,0.0132659754116105,0.0138741046809231,0.0150278855505799,0.0165021541836724,0.0181370654390905,0.0195417289148521,0.0205980924697911,0.0217727823000639,0.023915514640671,0.0268600395794911,0.0294233684973537,0.030176190764684,0.0297088169298882,0.0287063581208521,0.0272797888329552,0.0256277068101182,0.0238891728392751,0.0224894936211097,0.0216448862501453,0.0210517595961973,0.0203743491462976,0.0195056428898556,0.0181946585356146,0.0166307978722304,0.0149777439191621,0.0134735946617803,0.0122010638548941,0.0110937113447459,0.0101718479810404,0.0094499031895186,0.0088691624156972,0.0084117321748057,0.0079200102416525,0.0073047285626893,0.0067753007208208,0.0062054007072711,0.0056708640013664,0.0051980822470787,0.004766021877352,0.0044160771515227,0.0041204857547799,0.0038848051343435,0.0036773354119016,0.003512755226075,0.0033455832262984,0.0031226373840203,0.0028702345793487,0.0026814807441805,0.0024832817408676,0.0023458408376523,0.0021618968110645,0.0020308856001483,0.0019337174983103,0.0018262319832483,0.0017148836685491,0.0016368800371686,0.0015302169246098,0.0013926015723787,0.0012886798014979,0.0012068881343442,0.0011253955226463,0.0010722633366708,0.0009789580344699,0.0009410278341628,0.0008884688378109,0.0008262403817223,0.0007616942458515,0.0007054468988784,0.0006660961851563,0.0006165028220741,0.0005814136485969,0.000536605172807,0.0005134782175607,0.0004833234591036,0.0004449446756129,0.0004257552838675,0.0004012327364942,0.0003855323250662,0.0003565239458563,0.000350343466437,0.000318793115853,0.0002972611230374,0.0002828566185844,0.0002685019567073,0.0002649132912381,0.0002517548511841,0.0002444279925177,0.0002380481427945,0.0002284285256339,0.0002131268548135,0.0002026100712855,0.0002005166830951,0.0001951835274672,0.0001917443897258,0.0002340108941416,0.0001670723146246,0.0,0.0,0.0,0.0,0.0,0.0,0.0,0.0,0.0,0.0,0.0,0.0,0.0,0.0,0.0,0.0,0.0,0.0,0.0,0.0,0.0,0.0,0.0,0.0,0.0,0.0,0.0,0.0,0.0,0.0,0.0,0.0,0.0,0.0,0.0,0.0,0.0,0.0,0.0,0.0,0.0,0.0,0.0,0.0,0.0,0.0,0.0,0.0,0.0,0.0,0.0,0.0,0.0,0.0,0.0,0.0,0.0,0.0,0.0,0.0,0.0,0.0,0.0,0.0,0.0,2.4921287981008586e-08,0.0,0.0,0.0,0.0,0.0,0.0,0.0,0.0,0.0,0.0,0.0,0.0,0.0,0.0,0.0,0.0,0.0,0.0,0.0,0.0,0.0,0.0,0.0,0.0,0.0,0.0,0.0,0.0,0.0,0.0,0.0,0.0,0.0,0.0
HNGK011,0.0,0.0,0.0,0.0,0.0,0.0,0.0,0.0,0.0,0.0,0.0,0.0,0.0,0.0,0.0,0.0,0.0,0.0,0.0,0.0,0.0,0.0,0.0,0.0,0.0,0.0,0.0,0.0,0.0,0.0,0.0,0.0,0.0,0.0,4.13e-06,3.74e-06,3.84e-06,1.2e-05,1.22e-05,1.86e-05,1.52e-05,1.69e-05,2.16e-05,0.000335327,0.000290137,0.000270069,0.000274837,0.000299531,0.000320311,0.000372012,0.000433107,0.000501424,0.000492315,0.000495945,0.000473848,0.000456306,0.000449474,0.000478972,0.000531171,0.00060874,0.00071506,0.000819885,0.000849774,0.00076032,0.000697198,0.000718654,0.000761566,0.000789,0.000860805,0.000997369,0.001260748,0.001586397,0.001902295,0.00186191,0.001537222,0.001282382,0.001237406,0.001329209,0.001442075,0.001653789,0.002007298,0.002547543,0.00337305,0.004203894,0.004456279,0.003956313,0.003567364,0.003679911,0.004319323,0.005325303,0.006474608,0.007526916,0.008006065,0.00810477,0.008270441,0.008417894,0.008425508,0.008547342,0.009109896,0.009725717,0.010613707,0.011655803,0.012603783,0.012880862,0.012441849,0.012564358,0.01324348,0.014618198,0.016219753,0.017933071,0.019275481,0.020277938,0.02143226,0.023544989,0.026680492,0.029448075,0.030588378,0.030382677,0.029523474,0.028227072,0.026733936,0.025048337,0.023746277,0.023251471,0.022710408,0.022293705,0.021612769,0.020441794,0.018895392,0.017295083,0.01577889,0.01435272,0.013215584,0.01221729,0.011419537,0.010883028,0.01033919,0.009824102,0.009303677,0.008723225,0.007865658,0.007201837,0.006543388,0.006064985,0.005654367,0.005264528,0.004984212,0.004726703,0.004444892,0.004279222,0.004031392,0.00374773,0.003486913,0.00317137,0.0029229,0.002729226,0.002591594,0.002437736,0.002278613,0.002168094,0.002033167,0.001908843,0.001765873,0.001616357,0.001477088,0.001414179,0.001290566,0.001219331,0.001147668,0.001083122,0.001006478,0.000969046,0.000878809,0.000812199,0.000765515,0.00069734,0.000674354,0.000611017,0.000575649,0.000563195,0.0005158,0.000479221,0.000465486,0.00044307,0.000412967,0.000392756,0.000376815,0.000356889,0.000329135,0.000318959,0.000307715,0.000303872,0.000286579,0.000275904,0.000268432,0.000253274,0.000256903,0.000239824,0.000237618,0.000228509,0.000230857,0.000223314,0.000226659,0.000226445,0.000244806,0.000206234,5.91e-05,5.82e-05,7.48e-05,5.22e-05,0.0,0.0,0.0,0.0,0.0,0.0,0.0,0.0,0.0,0.0,0.0,0.0,0.0,0.0,0.0,0.0,0.0,0.0,0.0,0.0,0.0,0.0,0.0,0.0,0.0,0.0,0.0,0.0,0.0,0.0,0.0,0.0,0.0,0.0,0.0,0.0,0.0,0.0,0.0,0.0,0.0,0.0,0.0,0.0,0.0,0.0,0.0,0.0,0.0,0.0,0.0,0.0,0.0,0.0,0.0,0.0,0.0,0.0,0.0,0.0,0.0,0.0,0.0,0.0,0.0,0.0,0.0,0.0,0.0,0.0,0.0,0.0,0.0,0.0,0.0,0.0,0.0,0.0,0.0,0.0,0.0,0.0,0.0,0.0,0.0,0.0,0.0,0.0,0.0,0.0,0.0
HNGK012R1,0.0,0.0,0.0,0.0,0.0,0.0,0.0,0.0,0.0,0.0,0.0,0.0,0.0,0.0,0.0,0.0,0.0,0.0,0.0,0.0,0.0,0.0,0.0,6.928933737567327e-08,0.0,0.0,0.0,0.0,0.0,0.0,0.0,0.0,0.0,0.0,0.0,1.690659831966428e-05,1.7183755669166972e-05,1.3996446149886e-05,1.7530202356045338e-05,1.940101446518852e-05,1.7738070368172357e-05,2.459771476836401e-05,2.639923754013152e-05,0.0005414961715908,0.0004693659713828,0.0004244318360946,0.0004276191456139,0.0004552309465581,0.0005060893201919,0.0006058659660128,0.0007136801749694,0.0007833159590319,0.0007905913394564,0.000741465199257,0.0007167289058139,0.0006746702780269,0.0006711365218207,0.0006930319524314,0.0007655778886638,0.0009090761063688,0.0010951179772225,0.0012877769797955,0.0013232184758632,0.001173518862463,0.0010450217862999,0.0010209783862305,0.001045333588318,0.0011072436112632,0.0012034518562093,0.0013976698688733,0.0017915451071854,0.0023403859485381,0.0027408090292321,0.0026465755304012,0.0021001598158566,0.0017302933329453,0.0016096605965742,0.0017048987907971,0.0018316289888572,0.0020499250462592,0.0024909516786554,0.0031392227191422,0.0041969937435192,0.0051997836786887,0.0054209552435918,0.0047174259565479,0.0041307531369881,0.0041519903188937,0.004776460471992,0.0058174634767241,0.0071506942618381,0.0082450847010182,0.0086995534648652,0.0088163059983432,0.0088765184325227,0.0089738699515355,0.0090294400001108,0.0089475746480015,0.0093367382113719,0.0097853866708794,0.0106159926026703,0.0116080426905465,0.0125999541997479,0.012796943785907,0.0123555360621553,0.0124588464641824,0.0129897760118235,0.0142246505825327,0.0156760196878723,0.0171658097307866,0.018514318814792,0.0194442856563796,0.0206529342128921,0.0227061158580081,0.0256231969615239,0.0283267976165853,0.0292539582400092,0.0291825902225123,0.0283231252817044,0.0272303977866214,0.0257406770330444,0.0242571230304938,0.0232183372845577,0.0226118477145085,0.0223090879548455,0.0220897179127141,0.0214864156521841,0.0203005632876681,0.0187028551017912,0.0170956196320251,0.01546063378264,0.0140931740648624,0.0129808030426333,0.012017958410461,0.0112572307754135,0.0107025696297212,0.0101968960455535,0.0096644767771589,0.0091057275605614,0.0084596737788707,0.007606063787071,0.0069364169860039,0.0063215434061321,0.0058591063684869,0.0054297203447698,0.0050363647764881,0.0047630183405411,0.0044979173357418,0.0043021056683181,0.0040422706531594,0.0037946652060474,0.0035108907248253,0.0032642899731053,0.0029568878278381,0.0027552212114062,0.0025725745180839,0.0023966488904871,0.0022574119670307,0.0021361209819546,0.0020092522052197,0.001898458554756,0.0017878727723044,0.0016622512036424,0.0015447364874532,0.0014050838279725,0.0012964035022988,0.0012365375148062,0.0011338507168155,0.0010715596025147,0.0010148809245414,0.0009577518658752,0.0009049187461262,0.0008441519972478,0.0007738926091488,0.0007280923571435,0.0006870037800798,0.0006402681220199,0.0005899987077538,0.0005608278967186,0.0005471086079183,0.0005078908429636,0.0004655550578271,0.0004494799315559,0.0004367999828162,0.0004107471919629,0.0003879509999663,0.0003723608990568,0.0003580180062201,0.0003178994798795,0.0003128413582511,0.0002930246077617,0.0002944103945092,0.0002865806993857,0.0002848484659513,0.0002680804463064,0.0002518667413605,0.0002405725793683,0.0002395332393077,0.0002290012600266,0.0002247746104466,0.0002370388231621,0.0002223494836385,0.0002778502428764,0.0002041263879087,0.0,0.0,0.0,0.0,0.0,0.0,0.0,0.0,0.0,0.0,0.0,0.0,0.0,0.0,0.0,0.0,0.0,0.0,0.0,0.0,0.0,0.0,0.0,0.0,0.0,0.0,0.0,0.0,0.0,0.0,0.0,0.0,0.0,0.0,0.0,0.0,0.0,0.0,0.0,0.0,0.0,0.0,0.0,0.0,0.0,0.0,0.0,0.0,0.0,0.0,0.0,0.0,0.0,0.0,0.0,0.0,0.0,0.0,0.0,0.0,0.0,0.0,0.0,0.0,0.0,0.0,0.0,0.0,0.0,0.0,0.0,0.0,0.0,0.0,0.0,0.0,0.0,0.0,0.0,0.0,0.0,0.0,0.0,0.0,0.0,0.0,0.0,0.0,0.0,0.0,0.0,0.0,0.0,0.0,0.0,0.0,0.0
HNGK013,0.0,0.0,0.0,0.0,0.0,0.0,0.0,0.0,0.0,0.0,0.0,0.0,0.0,0.0,0.0,0.0,0.0,0.0,0.0,0.0,0.0,0.0,0.0,0.0,0.0,0.0,0.0,0.0,0.0,0.0,0.0,0.0,0.0,1.28e-05,1.62e-05,1.41e-05,1.57e-05,1.33e-05,1.59e-05,2.02e-05,2.28e-05,2.37e-05,2.91e-05,0.00051089,0.000451734,0.000424339,0.00042553,0.000461421,0.000496439,0.000587834,0.000669541,0.0007364,0.000749422,0.000735288,0.00068566,0.000655248,0.000642305,0.0006724,0.000734732,0.000852331,0.001028967,0.001174952,0.001236293,0.001084312,0.000975011,0.000956272,0.001013364,0.001047667,0.001123578,0.001310655,0.001656701,0.002156753,0.0025186,0.002432962,0.001956812,0.001622835,0.001515242,0.001594289,0.001745317,0.001972176,0.002376625,0.003026751,0.00400605,0.00490793,0.005102471,0.004533893,0.004021058,0.004165495,0.004846708,0.005869363,0.007100335,0.00814026,0.008535298,0.008663736,0.00881119,0.008970834,0.009106457,0.009056313,0.009482796,0.010016316,0.010822791,0.011763896,0.01264255,0.012847136,0.012573785,0.012738789,0.013466454,0.014743918,0.016250345,0.017661289,0.018936252,0.019961566,0.021224022,0.023367911,0.026482881,0.029045988,0.030013336,0.029498238,0.028493648,0.027021841,0.025461418,0.023962852,0.022713497,0.0221101,0.021759171,0.021363775,0.020664377,0.019407241,0.017856307,0.016420907,0.014805576,0.013559397,0.012349189,0.011516154,0.010844905,0.010379236,0.009899075,0.009485575,0.008958605,0.008335675,0.007539563,0.006905595,0.006347181,0.005866305,0.005439147,0.005137806,0.004852823,0.004616673,0.004403868,0.004162279,0.003913623,0.003642853,0.003376926,0.003173174,0.002897639,0.002698889,0.002525469,0.002399295,0.002276932,0.002143214,0.002043085,0.001912385,0.001767312,0.001649555,0.001557286,0.001409117,0.001308591,0.001244749,0.00117932,0.001099677,0.001045681,0.000990892,0.000916649,0.000861701,0.000801512,0.000743943,0.000712181,0.000660727,0.0006323,0.000589898,0.000580052,0.000535188,0.000501282,0.000472697,0.00044427,0.000432677,0.000404964,0.000395277,0.000374314,0.00034954,0.00033215,0.000325798,0.000320239,0.000309043,0.000303644,0.000294592,0.000266403,0.000263941,0.000254969,0.000249172,0.000252904,0.000243296,0.000240993,0.000241311,0.000241629,0.000239644,0.000233053,0.000293242,0.000210184,0.0,0.0,0.0,0.0,0.0,0.0,0.0,0.0,0.0,0.0,0.0,0.0,0.0,0.0,0.0,0.0,0.0,0.0,0.0,0.0,0.0,0.0,0.0,0.0,0.0,0.0,0.0,0.0,0.0,0.0,0.0,0.0,0.0,0.0,0.0,0.0,0.0,0.0,0.0,0.0,0.0,0.0,0.0,0.0,0.0,0.0,0.0,0.0,0.0,0.0,0.0,0.0,0.0,0.0,0.0,0.0,0.0,0.0,0.0,0.0,0.0,0.0,0.0,0.0,0.0,0.0,0.0,0.0,0.0,0.0,0.0,0.0,0.0,0.0,0.0,0.0,0.0,0.0,0.0,0.0,0.0,0.0,0.0,0.0,0.0,0.0,0.0,0.0,0.0,0.0,0.0,0.0
HNGK014,2.39e-05,2.22e-05,2.46e-05,2.24e-05,2.06e-05,2.34e-05,2.4e-05,2.59e-05,3.29e-05,3.29e-05,3.74e-05,3.33e-05,3.32e-05,3.17e-05,3.56e-05,3.76e-05,4.04e-05,3.4e-05,4.87e-05,4.96e-05,4.91e-05,4.5e-05,4.19e-05,3.88e-05,4.53e-05,4.12e-05,3.91e-05,3.91e-05,3.65e-05,5.18e-05,5.37e-05,4.89e-05,5.04e-05,4.54e-05,4.96e-05,4.64e-05,4.99e-05,5.38e-05,5.6e-05,6.45e-05,6.74e-05,7.29e-05,0.000102775,0.001973355,0.001883958,0.001827819,0.001861453,0.001923343,0.002030806,0.00220688,0.002472226,0.002653833,0.002675463,0.002538805,0.002442031,0.002388331,0.002491074,0.002626764,0.002840816,0.00310713,0.003606158,0.00399966,0.004018133,0.003665235,0.00346478,0.00353064,0.003767854,0.004027229,0.004209555,0.004508659,0.005166131,0.005997333,0.006558219,0.006475043,0.005830324,0.005436541,0.00552003,0.00585683,0.006230452,0.006684875,0.007359446,0.00829683,0.009395378,0.010276155,0.0104366,0.009810604,0.009380406,0.009586862,0.010187446,0.010979669,0.011781708,0.012355223,0.012502102,0.01262807,0.012640855,0.012596469,0.012469875,0.012528327,0.012789672,0.013047078,0.013244439,0.013513942,0.013534509,0.013445394,0.013384817,0.013587679,0.014041851,0.014798473,0.015453632,0.016099195,0.016504388,0.01684347,0.01746087,0.018926945,0.021172835,0.022638754,0.022500064,0.021216971,0.01950643,0.01791273,0.016322687,0.01491869,0.013848429,0.013176485,0.012681646,0.012234443,0.011522958,0.010570945,0.009561387,0.008585556,0.0076362,0.006888237,0.006260272,0.005767715,0.005390561,0.0051395,0.004838051,0.004603588,0.004376251,0.003959338,0.003673018,0.003354753,0.003109756,0.00292046,0.002733039,0.002603227,0.002508141,0.002398396,0.00236345,0.002301059,0.002208724,0.002104012,0.001993235,0.001871299,0.001814566,0.001724294,0.001668031,0.001638117,0.001562692,0.001562255,0.001554065,0.001479766,0.001431786,0.001367833,0.001304942,0.001270121,0.001256931,0.00123455,0.001217265,0.0012343,0.001241958,0.001250304,0.001207419,0.001159344,0.001122335,0.001114333,0.001084451,0.001077449,0.001071761,0.001101955,0.001149655,0.001165721,0.001149092,0.001145841,0.001093516,0.001077887,0.00101606,0.001006651,0.001015747,0.001025062,0.001048692,0.001066009,0.001083388,0.001065134,0.001024874,0.00099543,0.000979926,0.000949793,0.000942542,0.000948731,0.00096586,0.000993241,0.000994429,0.000992741,0.000981676,0.000955732,0.000930664,0.000919786,0.000909846,0.000915535,0.0009256,0.000958045,0.000968298,0.000977238,0.000969736,0.000950419,0.000943479,0.000907408,0.000909659,0.000925538,0.000948543,0.000979051,0.001007995,0.001025781,0.001023624,0.000973737,0.001000868,0.001023311,0.001053381,0.001086389,0.001114396,0.001405717,0.001076324,0.0,0.0,0.0,0.0,0.0,0.0,0.0,0.0,0.0,0.0,0.0,0.0,0.0,0.0,0.0,0.0,0.0,0.0,0.0,0.0,0.0,0.0,0.0,0.0,0.0,0.0,0.0,0.0,0.0,0.0,0.0,0.0,0.0,0.0,0.0,0.0,0.0,0.0,0.0,0.0,0.0,0.0,0.0,0.0,0.0,0.0,0.0,0.0,0.0,0.0,0.0,0.0,0.0,0.0,0.0,0.0,0.0,0.0,0.0,0.0,0.0,0.0,0.0,0.0,0.0,0.0,0.0,0.0
HNGK015,0.0,0.0,0.0,0.0,0.0,0.0,0.0,0.0,0.0,0.0,0.0,0.0,0.0,0.0,0.0,0.0,0.0,0.0,0.0,0.0,0.0,0.0,0.0,0.0,0.0,0.0,0.0,0.0,0.0,0.0,0.0,1.77e-05,1.92e-05,1.57e-05,1.6e-05,1.46e-05,1.48e-05,1.8e-05,2.03e-05,2.32e-05,2.48e-05,2.59e-05,3.29e-05,0.000562723,0.00049004,0.000436954,0.000442919,0.000456211,0.000522078,0.000630039,0.000724025,0.000813665,0.000809575,0.00078086,0.000710562,0.000673581,0.000650233,0.000689302,0.000772168,0.000918643,0.001170352,0.001396413,0.001418312,0.001183304,0.001054041,0.001048289,0.001062349,0.001128344,0.001256797,0.001530788,0.001998332,0.002695857,0.003167321,0.003078405,0.002419523,0.001882064,0.001760129,0.001849045,0.00201989,0.002263973,0.00285162,0.003682412,0.004861967,0.006072623,0.006321094,0.005468999,0.004669393,0.004683879,0.005361337,0.006489255,0.008034273,0.009277607,0.009779618,0.009776849,0.010023615,0.010161058,0.009935679,0.009738462,0.010062428,0.010583868,0.011454367,0.012643167,0.013614683,0.013822722,0.013374307,0.013356584,0.013954924,0.015118545,0.016561567,0.018087328,0.019401343,0.020333279,0.02149102,0.023487094,0.026489407,0.02885823,0.029729923,0.029235623,0.028037237,0.026646789,0.025009276,0.023362561,0.022031674,0.02124289,0.020635645,0.02008745,0.019359463,0.01814936,0.016804585,0.0152611,0.013879429,0.012646022,0.011595091,0.010709722,0.010078831,0.009532468,0.009006853,0.008570368,0.008069166,0.007377691,0.006815436,0.006230005,0.005753343,0.005344082,0.004926044,0.004604719,0.004340996,0.004156518,0.003936294,0.003742229,0.003526948,0.003308684,0.003082026,0.002832448,0.002646095,0.002463406,0.00235519,0.002221581,0.002094832,0.001990067,0.001879678,0.001770823,0.001666697,0.001537946,0.001417374,0.001331313,0.001225142,0.00114939,0.00109409,0.00103947,0.000975989,0.000916172,0.00085627,0.000790403,0.000758364,0.00068862,0.000651,0.000608651,0.000574653,0.000542529,0.000531451,0.000480411,0.000457575,0.0004436,0.000410624,0.000399803,0.000378756,0.000355068,0.00034267,0.000324307,0.000316212,0.000298574,0.00029883,0.000291331,0.000281021,0.000269432,0.00025418,0.000239353,0.000254606,0.000238927,0.000241058,0.000230321,0.000227424,0.00021967,0.000223334,0.000287497,0.000204503,0.0,0.0,0.0,0.0,0.0,0.0,0.0,0.0,0.0,0.0,0.0,0.0,0.0,0.0,0.0,0.0,0.0,0.0,0.0,0.0,0.0,0.0,0.0,0.0,0.0,0.0,0.0,0.0,0.0,0.0,0.0,0.0,0.0,0.0,0.0,0.0,0.0,0.0,0.0,0.0,0.0,0.0,0.0,0.0,0.0,0.0,0.0,0.0,0.0,0.0,0.0,0.0,0.0,0.0,0.0,0.0,0.0,0.0,0.0,0.0,0.0,0.0,0.0,0.0,0.0,0.0,0.0,0.0,0.0,0.0,0.0,0.0,0.0,0.0,0.0,0.0,0.0,0.0,0.0,0.0,0.0,0.0,0.0,0.0,0.0,0.0,0.0,0.0,0.0,0.0,0.0,0.0,0.0,0.0
HNGK016,0.0,0.0,0.0,0.0,0.0,0.0,0.0,0.0,0.0,0.0,0.0,0.0,0.0,0.0,0.0,0.0,0.0,0.0,0.0,0.0,0.0,0.0,0.0,0.0,0.0,0.0,0.0,0.0,0.0,0.0,0.0,0.0,0.0,0.0,0.0,0.0,0.0,0.0,0.0,0.0,2.12e-05,2.22e-05,2.42e-05,0.00051207,0.000449411,0.000432623,0.00044342,0.000456713,0.00051594,0.000610802,0.00069,0.000766202,0.000777997,0.000737493,0.000674585,0.000640134,0.000654613,0.000709097,0.000783489,0.000902223,0.001088048,0.001253183,0.001254868,0.001108019,0.000980422,0.001000549,0.001055844,0.001130424,0.001215145,0.00142069,0.001750587,0.002260473,0.002622635,0.00259505,0.002140303,0.001801607,0.001731833,0.00185194,0.002025064,0.002302256,0.002756628,0.003471686,0.00448453,0.005488574,0.005740303,0.005119703,0.004661804,0.00474097,0.005514037,0.00648229,0.007650845,0.00854895,0.008903217,0.008989218,0.0091737,0.009416161,0.009484,0.009560202,0.010117894,0.010891522,0.011778143,0.01271257,0.013470034,0.013714866,0.013532194,0.013858377,0.014804911,0.016176298,0.017826905,0.019369169,0.020578385,0.021698791,0.02312098,0.025892586,0.029812372,0.03295335,0.033600505,0.032413008,0.030575173,0.028552917,0.026447938,0.024615625,0.023107499,0.022356213,0.021773808,0.02122476,0.020259753,0.018656827,0.01689769,0.015194222,0.013494935,0.012095714,0.011004827,0.01010666,0.009437848,0.00894085,0.008244672,0.007774978,0.007194694,0.006635255,0.005997992,0.005423013,0.004879676,0.004468397,0.004150795,0.003852727,0.003598751,0.003420291,0.003258588,0.002995002,0.002793918,0.002621886,0.00241219,0.002264467,0.002072995,0.001957849,0.001820611,0.00175895,0.001660249,0.001513431,0.001423811,0.001341243,0.001257302,0.001150083,0.001078686,0.001012626,0.000946503,0.000862125,0.000824555,0.000779994,0.000718895,0.000697426,0.000637076,0.000610927,0.000549953,0.000516938,0.000480491,0.000454965,0.000431437,0.000407659,0.000395177,0.000355048,0.000348682,0.000323905,0.000314731,0.000298754,0.000295135,0.000270233,0.000265428,0.000255255,0.000254568,0.000253944,0.000249763,0.000297069,0.000201957,0.0,0.0,0.0,0.0,0.0,0.0,0.0,0.0,0.0,0.0,0.0,0.0,0.0,0.0,0.0,0.0,0.0,0.0,0.0,0.0,0.0,0.0,0.0,0.0,0.0,0.0,0.0,0.0,0.0,0.0,0.0,0.0,0.0,0.0,0.0,0.0,0.0,0.0,0.0,0.0,0.0,0.0,0.0,0.0,0.0,0.0,0.0,0.0,0.0,0.0,0.0,0.0,0.0,0.0,0.0,0.0,0.0,0.0,0.0,0.0,0.0,0.0,0.0,0.0,0.0,0.0,0.0,0.0,0.0,0.0,0.0,0.0,0.0,0.0,0.0,0.0,0.0,0.0,0.0,0.0,0.0,0.0,0.0,0.0,0.0,0.0,0.0,0.0,0.0,0.0,0.0,0.0,0.0,0.0,0.0,0.0,6.24e-08,0.0,0.0,0.0,0.0,0.0,0.0,0.0,0.0,0.0
HNGK017,0.0,0.0,0.0,0.0,0.0,0.0,0.0,0.0,0.0,0.0,0.0,0.0,0.0,0.0,0.0,0.0,0.0,0.0,0.0,0.0,0.0,0.0,0.0,0.0,0.0,0.0,0.0,0.0,0.0,0.0,0.0,0.0,0.0,0.0,0.0,1.6104017351112453e-05,1.7499698854875533e-05,1.5030416194371623e-05,1.810807284369534e-05,2.175831677661416e-05,2.884408441110364e-05,2.483597342593788e-05,3.1778594239528576e-05,0.0005979958443046,0.0005221280292282,0.0005070976130339,0.0005093879621682,0.0005215554419446,0.0005880471402521,0.0006727184848138,0.0007598233253307,0.0008118571947274,0.0008248119820187,0.0007946080028091,0.0007495883276364,0.0006986996328069,0.0006985206992808,0.0007316234016136,0.0008223784860634,0.0009126325566401,0.0011279253752719,0.0012649884562824,0.0012992005464773,0.0011453177140111,0.0010339494873518,0.0010136942121946,0.0010364545567175,0.0010970772353682,0.0012088033290797,0.0014038766592595,0.0017811401057382,0.0023419535633144,0.0027208631982335,0.0026642128438628,0.0020969577793461,0.0017208395074346,0.0016490513767539,0.0017471069490695,0.0019184536936854,0.0021446256707054,0.0026238096536641,0.0033485262211694,0.0043468679368227,0.0053556235836964,0.0055589636427831,0.0049091844360183,0.0044005837813649,0.0045202187369311,0.0052816882507021,0.0063667411531149,0.0077063806764961,0.0086585217557043,0.0090698899322622,0.008997242920656,0.009049312576758,0.0092744825260317,0.0092313237595308,0.0093044002115996,0.0097777151749014,0.0104837152955742,0.0112611814665806,0.0122510059463905,0.0130666207451665,0.0132088728984346,0.0128321104658291,0.0131215891243916,0.0138923273948158,0.0151757460042891,0.0166996512728722,0.018224451209086,0.0194969906601709,0.0206152894117374,0.0220411748947101,0.0247099326501365,0.0284686460865913,0.0314380479526103,0.0319829363263615,0.0310916326460353,0.0293141785709352,0.0274412455662956,0.0254299969459625,0.0237386098969278,0.0224454215169282,0.0218512190633774,0.021310911387895,0.0208995432113371,0.019999972802104,0.0185478198774963,0.0168736104469695,0.015212212656913,0.0137321461022301,0.0123749710932888,0.0113300708741382,0.0105337093227731,0.0098580921148361,0.0093550026127873,0.008886554641396,0.0084259081717438,0.007892399970254,0.0071783120542005,0.0065779185006458,0.0060064048182074,0.0055545976647457,0.0051369668147735,0.0047601328087574,0.004506977655998,0.0042669204373507,0.0040245012961586,0.0038550870336249,0.0036647017618295,0.0034514845721008,0.0032447447760178,0.0029730878966571,0.0027775493393094,0.0026162228721565,0.002452105041996,0.0023211257008736,0.0022041389614941,0.0020768456510099,0.0019763565827389,0.0018647020624379,0.0017692947063088,0.0016732431894858,0.001520219237945,0.0014151494714053,0.0013551709534487,0.0012782295372156,0.0011954191013256,0.0011147558677492,0.0010637955995092,0.0010149109601723,0.0009565070572456,0.0008779194525722,0.0008358342872279,0.0007786471322788,0.000739496476763,0.0007039960651801,0.000663199221224,0.000629917585365,0.0005972085367896,0.0005466061356019,0.0005350112431091,0.0005018727540711,0.000482118492787,0.0004638672731224,0.0004340927343755,0.0004297267563381,0.0003957293863746,0.0003756888314488,0.0003678157562994,0.0003544315285453,0.0003439102372093,0.0003410473007913,0.0003281640869104,0.000307550944701,0.0003019682186859,0.0002926636753275,0.0002776332591331,0.0002808540626034,0.0002691875967001,0.0002656804995881,0.0002535130198117,0.0003276630730373,0.0002384826036173,0.0,0.0,0.0,0.0,0.0,0.0,0.0,0.0,0.0,0.0,0.0,0.0,0.0,0.0,0.0,0.0,0.0,0.0,0.0,0.0,0.0,0.0,0.0,0.0,0.0,0.0,0.0,0.0,0.0,0.0,0.0,0.0,0.0,0.0,0.0,0.0,0.0,0.0,0.0,0.0,0.0,0.0,0.0,0.0,0.0,0.0,0.0,0.0,0.0,0.0,0.0,0.0,0.0,0.0,0.0,0.0,0.0,0.0,0.0,0.0,0.0,0.0,0.0,0.0,0.0,0.0,0.0,0.0,0.0,0.0,0.0,0.0,0.0,0.0,0.0,0.0,0.0,0.0,0.0,0.0,0.0,0.0,0.0,0.0,0.0,0.0,0.0,0.0,0.0,0.0,0.0,0.0,0.0,0.0,0.0,0.0,0.0
HNGK018,0.0,0.0,0.0,0.0,0.0,0.0,0.0,0.0,0.0,0.0,0.0,0.0,0.0,0.0,0.0,0.0,0.0,0.0,0.0,0.0,0.0,0.0,0.0,0.0,0.0,0.0,0.0,0.0,0.0,0.0,4.2269425146808054e-08,0.0,1.5047915352263669e-05,1.1835439041106257e-05,1.7668619711365768e-05,1.538607075343813e-05,1.6485075807255142e-05,1.301898294521688e-05,1.6823231208429604e-05,2.012024636988064e-05,2.223371762722104e-05,2.400903348338697e-05,2.7306048644838004e-05,0.0005540676248243,0.0004735021004945,0.0004409546431315,0.0004471259792029,0.0004718958623389,0.0005158560644916,0.0006375920089144,0.0007384045878895,0.0008376954675594,0.0008429368762776,0.0007879020847365,0.0007368406191591,0.0006738591756904,0.0006807068225641,0.0007120284665979,0.0007940734208079,0.0009288283481759,0.0011346804486409,0.0013300497316694,0.0013391799275011,0.0011785561119433,0.0010157342862777,0.0009778608813462,0.001010619685835,0.0010834499053629,0.0011696372632373,0.0013860567199889,0.0017664392768851,0.0023043599813033,0.0026769226945473,0.002601979003762,0.0020832908877855,0.0016728970390352,0.0015673080150184,0.0016682896716942,0.001817669820163,0.002086292016971,0.0025127482472771,0.0032177177198756,0.0041753738160017,0.0050918594920347,0.0052626279696278,0.0046818460681107,0.0042158679252923,0.0043450855579661,0.0050831942598796,0.0060880653038947,0.0072419360715523,0.0081888980031162,0.0086540730268568,0.0087664251588971,0.0088720141829138,0.0091950371298857,0.0091090188497119,0.0092210750957761,0.0097078920651919,0.0103884720794807,0.0111865188262524,0.0122149339400742,0.0130860222534997,0.0132058560737909,0.0130549964954419,0.0132745438896544,0.0139975624067906,0.0151821630465299,0.0166332724118198,0.018094822325121,0.0193163664424386,0.0203143053007296,0.0216707734231158,0.0240079344783331,0.0272013472787493,0.0296964691757402,0.0302408993716311,0.0294215065651603,0.0280620373135886,0.026751220170361,0.0251249463072627,0.0237176280664248,0.0225606293613064,0.0217715437326658,0.0214229900529052,0.0210331391447762,0.0204375206750325,0.0192374916951146,0.0176860769839513,0.0161612074717803,0.0146832570215221,0.0133587023151217,0.0123217487774202,0.011486716283645,0.0107885944579204,0.0102600575658847,0.0097947557338686,0.0092916227663462,0.0087101222846015,0.0079941627614649,0.0073004369559555,0.0066910809230391,0.0061120743373781,0.005661144109912,0.0052528214629938,0.004858151840398,0.0045715228684775,0.0042818927673716,0.004010480788504,0.0037924973630219,0.0035330899008959,0.0032986213996066,0.0030544309305334,0.0027820044854623,0.002577505006602,0.0024241515321694,0.0022476344127563,0.0021318161878541,0.0019785472522717,0.0018481038062687,0.0017741323122618,0.0016777580229271,0.0015566138504563,0.0014389357708476,0.0013248083229512,0.0012365497632447,0.0011685805276086,0.001093256411997,0.001032219362085,0.000975493793538,0.0009436226469773,0.0008792040430536,0.0008247610234645,0.0007684581491689,0.0007283021952795,0.0006846801485279,0.0006523863077158,0.0006039455464975,0.0005741878711942,0.0005635359760572,0.0005401187145259,0.000497257517427,0.0004741784112968,0.0004587923405434,0.0004270902716833,0.0004174528427498,0.0003981779848829,0.0003854971573388,0.0003542177827302,0.0003560776374367,0.0003388317119768,0.0003289406664924,0.0003218394030677,0.0003140618288407,0.000314146367691,0.0002895455622556,0.0002765265793104,0.000267480922329,0.0002608023531558,0.0002586888818984,0.0002579280322458,0.0002537856285814,0.0002378077858759,0.0002460925932047,0.0002449090493006,0.0002440636607976,0.000292842577417,0.0002121925142369,0.0,0.0,0.0,0.0,0.0,0.0,0.0,0.0,0.0,0.0,0.0,0.0,0.0,0.0,0.0,0.0,0.0,0.0,0.0,0.0,0.0,0.0,0.0,0.0,0.0,0.0,0.0,0.0,0.0,0.0,0.0,0.0,0.0,0.0,0.0,0.0,0.0,0.0,0.0,0.0,0.0,0.0,0.0,0.0,0.0,0.0,0.0,0.0,0.0,0.0,0.0,0.0,0.0,0.0,0.0,0.0,0.0,0.0,0.0,0.0,0.0,0.0,0.0,0.0,0.0,0.0,0.0,0.0,0.0,0.0,0.0,0.0,0.0,0.0,0.0,0.0,0.0,0.0,0.0,0.0,0.0,0.0,0.0,0.0,0.0,0.0,0.0,0.0,0.0,0.0,0.0,0.0,0.0
HNGK019,0.0,0.0,0.0,0.0,0.0,0.0,0.0,0.0,0.0,0.0,0.0,0.0,0.0,0.0,0.0,0.0,0.0,0.0,0.0,0.0,0.0,0.0,0.0,0.0,0.0,0.0,0.0,1.923113635424466e-05,1.8293032141842484e-05,1.7261117508200086e-05,1.669825498075878e-05,1.707349666571965e-05,1.4728236134714204e-05,1.6979686244479432e-05,2.0732103094088148e-05,2.035686140912728e-05,1.7730169614401176e-05,1.5947771610837035e-05,2.0075430145406625e-05,2.603239189416045e-05,2.6079297104780565e-05,3.133268069423277e-05,3.649225386244475e-05,0.0006428359115485,0.0005414737513985,0.0005118296582866,0.0005108915540742,0.0005191468711433,0.0006262783721996,0.0007541419763501,0.0008990790771662,0.0009762850538469,0.0009508624296908,0.0009030660200689,0.0008262821902838,0.0007419466215888,0.0007550800805625,0.0008055500871897,0.0009028314940158,0.0010820093985846,0.0013382525642023,0.0015624125657558,0.0015588477697487,0.0013358603984607,0.0011675645027557,0.0011456128641855,0.0011989440886606,0.0012924261734264,0.0014162559294635,0.0016840846821043,0.0021786063176721,0.0027808223168237,0.003228485646982,0.0030804058970544,0.0024257498724295,0.0019018186698029,0.0018100251726193,0.0019265377157997,0.0021540748925178,0.0024273446495906,0.0029425983882525,0.003806826893928,0.0049449818296249,0.0060897034948087,0.0061772286178258,0.0053362650966179,0.0046279495110436,0.0046547792915183,0.0053221935334319,0.0065022817274232,0.0079789046629548,0.0092299135354037,0.0096667886671194,0.0097330657297257,0.0097321276255133,0.0097584414486711,0.0094976015724127,0.0093502723058549,0.0096401934126978,0.0102815283575066,0.0112039662295616,0.012509244430698,0.0133838389879206,0.0135640019019124,0.0129880528207081,0.0128003381678064,0.0133395135638846,0.0144852202384914,0.0159494132932087,0.017556714145528,0.0190111040112257,0.0200764620600402,0.0214087107572832,0.0231998800352333,0.0258318721187594,0.0278011873866447,0.0284115179872336,0.0278086922203439,0.0268446963316795,0.025815502200253,0.0243512153351145,0.0229654946977646,0.0218494790214803,0.0210241818406195,0.0202811094939758,0.0195771091877785,0.0186736679260246,0.0175769771965159,0.0162047183546139,0.0148810533109145,0.0135760565410418,0.0125033343741599,0.011476297882422,0.010781162661032,0.0100871531646969,0.0094436605801996,0.0089053294779126,0.0084344949737079,0.0080803606335261,0.0075596189852217,0.00711397257912,0.0064781255439538,0.0060254433562591,0.005660239386371,0.0052426892014308,0.0050069436128541,0.0046345162405304,0.0044372329246623,0.0041929036825421,0.004027469004685,0.003873995155536,0.003703729240985,0.0035062583042743,0.0032863666768873,0.0030960253321909,0.0028934886327332,0.0026682967165461,0.0024945129111986,0.0023569868336604,0.002259986858098,0.0021790284645677,0.0020871880621736,0.0019744279358428,0.0018871842440894,0.0017649492652134,0.001656598228681,0.0015308922642191,0.0014005895891164,0.0013194435747436,0.0012585606113587,0.001183699895209,0.0011580896502104,0.0011049929517885,0.0010603391912781,0.0010042405593765,0.0009387608853508,0.0008897918454634,0.0008001090827578,0.0007371622901056,0.0007086439220486,0.000663521109432,0.0006503876504584,0.0006211187990314,0.0006150211216508,0.0005763712280998,0.0005371584720214,0.0005027300474263,0.0004761816982153,0.0004477571405795,0.000426086933273,0.000424116914427,0.0004046981572302,0.0004006643091169,0.0003761797891732,0.0003658606428368,0.0003492561982773,0.0003418451749993,0.0003359351184612,0.0003096682005139,0.00029953667502,0.0002802117282445,0.0002901556328959,0.000291140642319,0.0002965347415403,0.0002999119167049,0.0002881856140499,0.0002832136617242,0.0002737388091789,0.0003299312515018,0.0002441885264882,0.0,0.0,0.0,0.0,0.0,0.0,0.0,0.0,0.0,0.0,0.0,0.0,0.0,0.0,0.0,0.0,0.0,0.0,0.0,0.0,0.0,0.0,0.0,0.0,0.0,0.0,0.0,0.0,0.0,0.0,0.0,0.0,0.0,0.0,0.0,0.0,0.0,0.0,0.0,0.0,0.0,0.0,0.0,0.0,0.0,0.0,0.0,0.0,0.0,0.0,0.0,0.0,0.0,0.0,0.0,0.0,0.0,0.0,0.0,0.0,0.0,0.0,0.0,0.0,0.0,0.0,0.0,0.0,0.0,0.0,0.0,0.0,0.0,0.0,0.0,0.0,0.0,0.0,0.0,0.0,0.0,0.0,0.0,0.0,0.0,0.0,0.0,0.0,0.0,0.0,0.0
HNGK020,0.0,0.0,0.0,0.0,0.0,0.0,0.0,0.0,0.0,0.0,0.0,0.0,0.0,0.0,0.0,0.0,0.0,0.0,0.0,0.0,0.0,0.0,0.0,0.0,0.0,0.0,0.0,0.0,0.0,0.0,0.0,0.0,0.0,0.0,0.0,0.0,0.0,0.0,0.0,0.0,0.0,0.0,0.0,0.0,0.0,0.0,0.0,0.0003508885802548,0.0004117462518026,0.0004872497075697,0.0005611998225862,0.0006242210758937,0.000631932303191,0.0006089095742098,0.0005681898559637,0.0005246408384933,0.0005294118136556,0.0005589807643712,0.0006084935007945,0.0006867985175581,0.0008338111243052,0.0009433771236733,0.0009469830932728,0.0008424654513439,0.0007580580244889,0.0007545630078002,0.0008019121624639,0.0008530059778654,0.0009292306275524,0.0010939402235645,0.0013774803869926,0.0017534443250776,0.002082669349508,0.0020316032723341,0.001644987854817,0.0013334598196515,0.0013189804647983,0.0014497384701202,0.0015955028566213,0.0018476988227618,0.0022475176366586,0.0029044143447689,0.0038932266853955,0.0048696955147008,0.0051163715735314,0.0045290978169182,0.0041339112870454,0.0042719367080215,0.0049933525337345,0.0060448810071639,0.0072908544566871,0.0084300912060664,0.008900365118291,0.0090216921261989,0.0091155582886955,0.0092764954857421,0.0091865681515772,0.0091732815405145,0.009775201081347,0.0104252187089907,0.0113580830443703,0.0125488296825664,0.0135621626164693,0.0138706671848167,0.0136016341144695,0.0139023997172919,0.0147492755468383,0.0162547678546117,0.0179322649122792,0.0196370563859918,0.0212490634880876,0.0226792742459154,0.0245253642514714,0.0273686435424157,0.0312401234573037,0.0343217573387722,0.0349220403241711,0.0339265430706717,0.0322680466989706,0.0302695351322683,0.0282219269025581,0.0262102396777039,0.0246149587269041,0.0235911684811628,0.0227517819730922,0.022027009821829,0.020943249527826,0.0193734877464992,0.0176169090016928,0.0156859954958665,0.0139594849898741,0.012497458484888,0.0114324492328022,0.0104623324576374,0.0097089344554001,0.0089119042210093,0.0083677079319958,0.0078578515688602,0.0073159575527449,0.0066500181824082,0.0060126491865903,0.0054150568092772,0.0048658399010521,0.0044441078872818,0.0041031218543116,0.0037888199963773,0.0035541545901357,0.00324958885012,0.0030357271146445,0.0028260815897776,0.0026209019195685,0.0024089541218035,0.0022051336247511,0.0020132128273769,0.00186511842975,0.0017480631089061,0.001588235440967,0.0014869909099054,0.0013986723929463,0.0012958190446787,0.0012438930824466,0.0011556855183983,0.0010747453700043,0.0009651238941808,0.0008984966712739,0.0008377499526369,0.0007759491813478,0.000727185377072,0.0006960630856059,0.0006476321400625,0.0006002552471711,0.000563086022069,0.0005266934673422,0.0004866949430159,0.0004675000894557,0.0004270022770311,0.0003937718802607,0.0003714703451994,0.0003513878683532,0.0003381012572906,0.0003173253247522,0.0003110564852947,0.0002818203933114,0.0002749413128447,0.0002624036339297,0.000248146184898,0.0002946354545033,0.000201268580105,0.0,0.0,0.0,0.0,0.0,0.0,0.0,0.0,0.0,0.0,0.0,0.0,0.0,0.0,0.0,0.0,0.0,0.0,0.0,0.0,0.0,0.0,0.0,0.0,0.0,0.0,0.0,0.0,0.0,0.0,0.0,0.0,0.0,0.0,0.0,0.0,0.0,0.0,0.0,0.0,0.0,0.0,0.0,0.0,0.0,0.0,0.0,0.0,0.0,0.0,0.0,0.0,0.0,0.0,0.0,0.0,0.0,0.0,0.0,0.0,0.0,0.0,0.0,0.0,0.0,0.0,0.0,0.0,0.0,0.0,0.0,0.0,0.0,0.0,0.0,0.0,0.0,0.0,0.0,0.0,0.0,0.0,0.0,0.0,0.0,0.0,0.0,0.0,0.0,0.0,0.0,0.0,0.0,0.0,0.0,0.0,0.0,0.0,0.0,0.0,0.0,0.0,0.0,0.0,0.0,0.0,0.0,0.0,0.0,0.0,0.0,0.0,0.0
HNGK021,0.0,0.0,0.0,0.0,0.0,0.0,0.0,0.0,0.0,0.0,0.0,0.0,0.0,0.0,0.0,0.0,0.0,0.0,0.0,0.0,0.0,0.0,0.0,0.0,0.0,0.0,0.0,0.0,0.0,0.0,0.0,0.0,0.0,0.0,0.0,0.0,0.0,0.0,1.3222415966667411e-05,1.4344613631735126e-05,1.7613624221280204e-05,1.7174503395818924e-05,1.98092283485866e-05,0.0002540557931307,0.0002027274477546,0.0001947256904906,0.0002091190953252,0.0002258544778955,0.0002684004067624,0.0003284379818436,0.0003818399533399,0.0004029421485635,0.0004188724762872,0.0004118953342826,0.0003871581944483,0.0003691786362058,0.000371545009543,0.0003978922590707,0.0004265814863342,0.0004938157638326,0.0006008148716366,0.0006701959620595,0.0006657559626021,0.0005950087185,0.000532507187676,0.0005337757589495,0.0005447049883833,0.0006006197068253,0.0006526799202439,0.0007738284768684,0.0009942915268514,0.0013142398394027,0.0015759070601748,0.0015611233257176,0.0012444196281544,0.0010289576764614,0.0009778244958966,0.0010432047076875,0.0011555708478027,0.0013480033517604,0.0016688786971655,0.0022217074208199,0.0030225418284542,0.0038984658972424,0.0041104148823317,0.0036113784597963,0.003209387739688,0.0032611308102881,0.0038045672273979,0.0047651684286959,0.0061327370527908,0.0072541296630118,0.0077321858683306,0.0077948581683645,0.0079499897977594,0.0081219543921304,0.008051841433665,0.0080212005582884,0.0082936750304871,0.0090067096686306,0.0099309614238209,0.0113342696039881,0.0125491217632281,0.0127659010773975,0.0123243650873962,0.0122699628962418,0.0129522346810016,0.0142289784810303,0.0157694143367484,0.017443879626638,0.0188983941741742,0.0200996335878249,0.0213700833226887,0.023378768351957,0.0263509088678889,0.0288112296661442,0.0299440394178272,0.0300552345690746,0.029338247843502,0.0283187800559908,0.0268223782608258,0.0254417823855756,0.0242578394533277,0.0235934740400062,0.0230786048721528,0.0225594908696534,0.0219359880887012,0.0207876871301199,0.0193548358766398,0.0178613371580431,0.0163742300870171,0.0149451845473576,0.0137902235895902,0.0127943707442483,0.0120266655633349,0.0113788891589753,0.0108080076902742,0.0102703042394968,0.0097461403475046,0.0091490823984857,0.0084963536870389,0.0076937627961028,0.0070998030884636,0.0065329956851987,0.0060687473902805,0.0056930551284969,0.0053758879145068,0.0051159527814352,0.0048603844610167,0.0046196974574611,0.0043381722171376,0.0040906544451859,0.0038266940378809,0.0035316536343737,0.0032440782848994,0.0030128567746926,0.0028394528398382,0.002670000992413,0.0025123566160724,0.0023907201474196,0.0022664489538141,0.0021447636939585,0.0019833623950001,0.0018728015293895,0.0017356006670342,0.0015706864014721,0.0014617844367577,0.0013824743365591,0.0012987730281059,0.0012084117204666,0.0011513748043594,0.0010814570107054,0.0010248592154237,0.0009383524128079,0.0008682394543426,0.0008063234179525,0.000743968260737,0.0007073260674124,0.0006711229949133,0.0006234539897493,0.0005848601483115,0.0005451441092087,0.0005224561998932,0.0004955722471344,0.0004696641184322,0.0004335586283387,0.0004171647841882,0.0003924764355567,0.0003728623720194,0.0003565173190717,0.0003377814971853,0.0003265595205347,0.0003148984230585,0.0003089946875162,0.0002872826022573,0.0002811349107008,0.0002744017247104,0.0002689859011964,0.0002525920570458,0.0002441023877536,0.0002399551355131,0.0002324412902775,0.0002367837073292,0.0002337586527538,0.0002436144757253,0.0002724012853944,0.0002146812924477,0.0,0.0,0.0,0.0,0.0,0.0,0.0,0.0,0.0,0.0,0.0,0.0,0.0,0.0,0.0,0.0,0.0,0.0,0.0,0.0,0.0,0.0,0.0,0.0,0.0,0.0,0.0,0.0,0.0,0.0,0.0,0.0,0.0,0.0,0.0,0.0,0.0,0.0,0.0,0.0,0.0,0.0,0.0,0.0,0.0,0.0,0.0,0.0,0.0,0.0,0.0,0.0,0.0,0.0,0.0,0.0,0.0,0.0,0.0,0.0,0.0,0.0,0.0,0.0,0.0,0.0,0.0,0.0,0.0,0.0,0.0,0.0,0.0,0.0,0.0,0.0,0.0,0.0,0.0,0.0,0.0,0.0,0.0,0.0,0.0,0.0,0.0,0.0,0.0,0.0,0.0,0.0,0.0,0.0
HNGK022,0.0,0.0,0.0,0.0,0.0,0.0,0.0,0.0,0.0,0.0,0.0,0.0,0.0,0.0,0.0,0.0,0.0,0.0,0.0,0.0,0.0,0.0,0.0,0.0,0.0,0.0,0.0,0.0,0.0,0.0,2.262514488011524e-08,0.0,0.0,1.5837601416080668e-05,2.2082141402992474e-05,2.0588881840904867e-05,1.864311938121496e-05,1.8597869091454725e-05,2.0407880681863945e-05,2.40505290075625e-05,3.1539451962880645e-05,2.952581406855039e-05,3.570247862082185e-05,0.0004489281247112,0.0003686541106765,0.0003464362184043,0.0003567080341798,0.0004267554827287,0.0004880696253538,0.0006001093428001,0.0006939131934731,0.0007491864224152,0.0007652276501352,0.0007480551651712,0.0007013342409938,0.0006591609709372,0.0006672155225145,0.0007287559165885,0.0007968576026776,0.0008908424545096,0.0010605762914002,0.0011875486044674,0.0011881821085241,0.0010491505932358,0.0009391471388287,0.0009304364580498,0.000961161404797,0.001035145628555,0.0011171391536005,0.0012555597899771,0.0015631260094774,0.0020013298155154,0.0023547798288326,0.0022860446386868,0.0018316412289146,0.0014952053245472,0.0014346151865583,0.001534505201204,0.0017037186597624,0.0019411016798446,0.0023444175124775,0.0029909989028614,0.0039636991315473,0.0048627318885036,0.0050693447115488,0.0044018576872957,0.0039771837178959,0.0041074593021156,0.0048322331932052,0.0058836236757842,0.0072306795516565,0.0082842420481439,0.008717355196584,0.0087579673316438,0.008834734448222,0.0088979717281619,0.0089970246124471,0.0090035180290276,0.0094872888768543,0.0101083717289583,0.0110719992745473,0.0121603818690052,0.0131781061360026,0.0133328168766928,0.0128869431465404,0.0129120796825022,0.0135533667889842,0.0148263253153741,0.0163055120373463,0.0179030508921863,0.0193544313111009,0.0203827441459021,0.0216056106015274,0.023590695563019,0.0265154254165266,0.0289067674794855,0.0296420168126546,0.0293237941499158,0.028247086130216,0.0269153701025724,0.0254668178267679,0.0240265689791344,0.0227954443456278,0.0220957617402103,0.0215052002085495,0.0209452731230564,0.0201774435812599,0.0189013175345868,0.01746828610817,0.0160264761255398,0.0146237623932624,0.013426575477076,0.0124191230258542,0.0115510867173837,0.010793868368536,0.0102274704916072,0.0096373162125543,0.0091558983797952,0.0086047951008054,0.008101544003237,0.0074250295461766,0.0068023855590759,0.0063437059969213,0.0058847323078833,0.0054344692996241,0.0051394147852425,0.0048628676393729,0.0045653469841994,0.0043671959653393,0.0041488406921013,0.0039074077710856,0.0036848668460448,0.0034741814969212,0.0032770712347256,0.0029746182979682,0.0027943863938532,0.0026334763634658,0.0024719780793116,0.0023402544858195,0.00223260404648,0.0020796128168006,0.0019917367540863,0.0018690179682565,0.0017394211383832,0.0016167476028432,0.0014912685493381,0.0014023064796695,0.0012977330600336,0.001225377846707,0.0011496288616484,0.0010829751848315,0.0010413449182521,0.0009717047223111,0.0009113860860608,0.0008365421067973,0.0007979436096319,0.0007453175226407,0.0006905646720308,0.0006520566754449,0.0006221009836236,0.000587303510798,0.0005585695768002,0.0005182968189136,0.000493318658966,0.0004668472394562,0.0004487471235522,0.0004253979740359,0.0004145831547832,0.0003826817005022,0.0003785186738443,0.0003441284536265,0.0003425446934849,0.0003408704327638,0.0003265260909098,0.0003090142287726,0.0003019099332802,0.000291954869533,0.0002790132866615,0.0002800087930363,0.0002675649633522,0.0002673613370483,0.000265709701472,0.0002616824256834,0.0002538993758446,0.000261003671337,0.0002591484094568,0.0002551211336681,0.0003500562415851,0.000227970959812,0.0,0.0,0.0,0.0,0.0,0.0,0.0,0.0,0.0,0.0,0.0,0.0,0.0,0.0,0.0,0.0,0.0,0.0,0.0,0.0,0.0,0.0,0.0,0.0,0.0,0.0,0.0,0.0,0.0,0.0,0.0,0.0,0.0,0.0,0.0,0.0,0.0,2.262514488011524e-08,0.0,0.0,0.0,0.0,0.0,0.0,0.0,0.0,0.0,0.0,0.0,0.0,0.0,0.0,0.0,0.0,0.0,0.0,0.0,0.0,0.0,0.0,0.0,0.0,2.262514488011524e-08,0.0,0.0,0.0,0.0,0.0,0.0,0.0,0.0,0.0,0.0,0.0,0.0,0.0,0.0,0.0,0.0,0.0,0.0,0.0,0.0,0.0,0.0,0.0,0.0,0.0,0.0,0.0,0.0,0.0
HNGK023,0.0,0.0,0.0,0.0,0.0,0.0,0.0,0.0,0.0,0.0,0.0,0.0,0.0,0.0,0.0,0.0,0.0,0.0,0.0,0.0,0.0,0.0,0.0,0.0,0.0,0.0,0.0,0.0,0.0,0.0,0.0,0.0,0.0,0.0,0.0,1.7809427371396846e-05,1.8437404359104773e-05,1.773407013287189e-05,2.160240837715273e-05,2.501860319028386e-05,2.2155028126335703e-05,2.4114316327984443e-05,2.8836703275548064e-05,0.0003434029359582,0.000293139657862,0.0002712358205308,0.0002794246404505,0.0003044432436408,0.0003622673646689,0.0004313950714758,0.0005004223019646,0.0005555838005649,0.0005589246381395,0.000540864019973,0.0005062499284106,0.0004769610817039,0.0004901234793662,0.0005122282693336,0.0005706301291904,0.0006540003540785,0.000785523854384,0.0008666082430369,0.0008884869612886,0.0007841171859316,0.0007058963723427,0.0007027313683246,0.0007325728347805,0.0007876338570627,0.0008572890645393,0.0009950923347219,0.0012451276521477,0.0015728562824927,0.0018643883192663,0.0018296988704653,0.0014806441416177,0.0012012446202467,0.0011356084654915,0.0012109908230959,0.0013374905074998,0.0015098325120064,0.0018585104546613,0.002355817990767,0.0031115254977747,0.0039064690069744,0.0041096572411172,0.0035943393250041,0.0031769606998939,0.0032665604565,0.0038011195875165,0.0047134445552586,0.0059109213135791,0.0068830045714715,0.0073385139592753,0.0074049539245748,0.0075258771733278,0.0076790784392491,0.0076099004942831,0.0076161551450807,0.0081565419025431,0.0087322712048738,0.0096582609518684,0.0107494086466302,0.011763717077176,0.0119818511636262,0.0116098627151876,0.0116610051610665,0.0122355036285012,0.0134583757762046,0.0149840333083013,0.0167254888524539,0.0182457457824563,0.0193018021231449,0.0205863667301208,0.0225875786754689,0.0254542433861966,0.0279582388269831,0.0290929681246919,0.0291490841483134,0.0285025441608489,0.0276786132338966,0.0264593079954833,0.0251870014993076,0.0241710603285937,0.0236429316819313,0.0233038492276485,0.0230521811700547,0.0224969490366029,0.0213212002820571,0.0199244789850766,0.0183334867271788,0.0168402076885684,0.0155239930414121,0.0143260641396604,0.0133362719307147,0.012563910473993,0.0119273929992522,0.0113457104750781,0.0107837966664771,0.0102153267781243,0.0095267625706423,0.0088347821683472,0.0081942707599646,0.0073392172935015,0.0068176698456703,0.0063194580227024,0.005895447960602,0.0055989423460858,0.0052757602691318,0.0049945772931157,0.0047075164524946,0.0044587119699648,0.0041975489003168,0.003878034208971,0.0035992626645877,0.00333450756657,0.0031383024365306,0.0028596564875448,0.0027285348925114,0.002559659320977,0.002422232836987,0.0022816664680584,0.0021438129597168,0.0020085467165645,0.001857656405958,0.0017348241071624,0.0016133482386601,0.0014860698627915,0.0013822024690246,0.001301821414598,0.0012301315616813,0.0011521619388874,0.001093433530997,0.0010216180826827,0.0009565847858357,0.0009101144887453,0.0008173748472006,0.0007649764473462,0.0007246352056559,0.0006831887244672,0.000640486289303,0.0006013256443496,0.0005714590588142,0.0005461641457493,0.0005018792085761,0.0004795232278137,0.0004415431795971,0.0004172781487921,0.0004071300406708,0.0003834678677739,0.0003669897516165,0.0003527723526148,0.0003316723258278,0.0003279044639015,0.0003192635005507,0.0002961790664825,0.00029324013418,0.0002807308325849,0.0002679201020357,0.0002578222320733,0.0002497841266307,0.0002498846029487,0.0002439565001847,0.0002361193473781,0.0002303921972502,0.000238631255329,0.0002376264921486,0.0002272774313912,0.0002375762539896,0.0002270764787551,0.0002820370247193,0.0001975615603329,0.0,0.0,0.0,0.0,0.0,0.0,0.0,0.0,0.0,0.0,0.0,0.0,0.0,0.0,0.0,0.0,0.0,0.0,2.5119079508317128e-08,0.0,0.0,0.0,0.0,0.0,0.0,0.0,0.0,0.0,0.0,0.0,0.0,0.0,0.0,0.0,0.0,0.0,0.0,0.0,0.0,0.0,0.0,0.0,0.0,0.0,0.0,0.0,0.0,0.0,0.0,0.0,0.0,0.0,0.0,0.0,0.0,0.0,0.0,0.0,0.0,0.0,0.0,0.0,0.0,0.0,0.0,0.0,0.0,0.0,0.0,0.0,0.0,0.0,0.0,0.0,0.0,0.0,0.0,0.0,0.0,0.0,0.0,0.0,0.0,0.0,0.0,0.0,0.0,0.0,0.0,0.0
HNGK024,0.0,0.0,0.0,0.0,0.0,0.0,0.0,0.0,0.0,0.0,0.0,0.0,0.0,0.0,0.0,0.0,0.0,0.0,0.0,0.0,0.0,0.0,0.0,0.0,0.0,0.0,0.0,0.0,0.0,0.0,0.0,0.0,0.0,0.0,0.0,0.0,0.0,3.5167626758024736e-05,3.577352987517664e-05,4.089846040775311e-05,4.130239581918771e-05,4.261518590635015e-05,4.5695193418538966e-05,0.0003835871650835,0.0003137063389053,0.0002945194068622,0.000296842035478,0.0003165338867854,0.0003753064891491,0.0004792188737407,0.0005482160912063,0.0006195359372878,0.0006239792268135,0.0005924217727952,0.000534886222629,0.0005090596022604,0.000510069440789,0.0005494531434039,0.0006164054378491,0.0007164551900689,0.0008959792344883,0.0010193310107552,0.0010270310295356,0.0008946159524747,0.0008373076159774,0.0008182469137504,0.0008384689302853,0.0009028966284091,0.0009667184234158,0.0011407640938177,0.0014610343831589,0.0019136440116714,0.0022293700276339,0.0022482540081185,0.0017829456601091,0.0014364448149878,0.0013532593661955,0.0014560356824424,0.0015808012326493,0.0018209408347471,0.0022262142822321,0.0028916978725706,0.0038327916433236,0.0047902195522764,0.0051737814713968,0.0045336953200522,0.0038558412077386,0.003840365432288,0.004333621061576,0.0053249038071998,0.0066489535939559,0.0078411942067684,0.0082998123745259,0.0083373783677894,0.0083979686795045,0.0084549235725168,0.0083439928101516,0.0082702493516016,0.0084607553900194,0.008898444654272,0.0096849573922616,0.0108705583167486,0.0118173576751881,0.0121036973899688,0.0117908746597759,0.0119350543556948,0.0125337623733305,0.0136095433578337,0.0149875437679797,0.016583164381036,0.0180827998419501,0.0194567104060553,0.0210682612219,0.0234364335552882,0.0266496135234344,0.0292777940319704,0.0303485763157571,0.0300843773107156,0.0292596169384558,0.0281746969152689,0.0268616796144375,0.0255417449196853,0.0243245612952168,0.0237534471153747,0.0230892005772338,0.0225840036073451,0.0217052673657324,0.0203466306093721,0.0187313686369348,0.0170153500253078,0.0154708019958347,0.0141199157501813,0.0129841503570801,0.0120688327147693,0.0113094088953091,0.0106886359058237,0.0101565014931851,0.009593390283682,0.0090593876697655,0.0084189733208991,0.007823976459856,0.0070326164969292,0.006544410060284,0.0060883164888479,0.0056556764172383,0.0053471455007919,0.0050329342426222,0.0047835041260613,0.0045601783354644,0.0043256433372002,0.0040698512379092,0.0038429910124623,0.0035919451542557,0.0033453425855749,0.0031084597127317,0.0029134851388249,0.0027352486385293,0.0025888725438107,0.0024372452887435,0.0023044515222343,0.00220326570167,0.0020515879546763,0.0019242978081479,0.0018012994753661,0.0016921359304259,0.0015522228022903,0.0014614383185703,0.0013668921863314,0.0012708312962996,0.0011952953743614,0.0011425060652795,0.001065884566923,0.0010220575747823,0.0009544993772199,0.0008693699892601,0.0008263003760159,0.0007680326929164,0.0007245086523343,0.0006786114912101,0.0006472560048975,0.0005956532560867,0.0005663174468313,0.0005227429143227,0.0004994156443124,0.00048361167134,0.0004475351899063,0.0004291308827228,0.0004144377321318,0.0003907065267101,0.0003579372664574,0.0003456677283351,0.0003305706423327,0.0003289044087606,0.0003126965003768,0.0003029263126127,0.0002847744650613,0.0002752819828926,0.0002653855653125,0.0002716465641897,0.0002538229141602,0.0002536209464544,0.0002348884417492,0.0002371605784385,0.0002412504244793,0.0003109292829517,0.0002111572363274,0.0,0.0,0.0,0.0,0.0,0.0,0.0,0.0,0.0,0.0,0.0,0.0,0.0,0.0,0.0,0.0,0.0,0.0,0.0,0.0,0.0,0.0,0.0,0.0,0.0,0.0,0.0,0.0,0.0,0.0,0.0,0.0,0.0,0.0,0.0,0.0,0.0,0.0,0.0,0.0,0.0,0.0,0.0,0.0,2.5245963214662413e-08,0.0,0.0,0.0,0.0,0.0,0.0,0.0,0.0,0.0,0.0,0.0,0.0,0.0,0.0,0.0,0.0,0.0,0.0,0.0,0.0,0.0,0.0,0.0,0.0,0.0,0.0,0.0,0.0,0.0,0.0,0.0,0.0,0.0,0.0,0.0,0.0,0.0,0.0,0.0,2.5245963214662413e-08,0.0,0.0,0.0,0.0,0.0,0.0,0.0,0.0,0.0,0.0
HNGK025,0.0,0.0,0.0,0.0,0.0,0.0,0.0,0.0,0.0,0.0,0.0,0.0,0.0,0.0,0.0,0.0,0.0,0.0,0.0,0.0,0.0,0.0,0.0,0.0,0.0,0.0,0.0,9.1403389794683e-06,8.997521182914108e-06,9.925836860516356e-06,1.0068654657070549e-05,2.0494353805526577e-05,2.19939406693456e-05,2.0208718212418192e-05,2.5350158888369112e-05,2.5850021176308785e-05,2.6564110159079743e-05,2.7278199141850707e-05,2.9848919479826164e-05,3.363359108851226e-05,3.263386651263291e-05,3.734685379892126e-05,3.784671608686093e-05,0.0004911504023498,0.0004091729871277,0.0003759678494289,0.0003782529341737,0.0004059595867052,0.0004760831248133,0.0005978352963758,0.0007146602539571,0.0007832842052014,0.0007909963662153,0.0007589337708889,0.0007005927009965,0.0006486070230508,0.0006495353387284,0.000689381503967,0.0007613616734303,0.0009200679498512,0.0011386148830282,0.0012870025736481,0.0012875738448343,0.0011551103385303,0.0010313230133669,0.0010046517898604,0.0010643853332692,0.0010961622930025,0.0011808889508083,0.0014108613077097,0.0018122150204761,0.0023138982353218,0.0026988993103828,0.0026222775625315,0.0021288777798859,0.0017147418743279,0.0016231956667366,0.001717348299115,0.001842849437837,0.0020822834737601,0.0025464056081121,0.0032396431925861,0.0041757781445497,0.005120589277654,0.0053903720953448,0.0047284116083161,0.0040991563966984,0.0040118590185546,0.0045178981761953,0.0054375376726568,0.0067457129846441,0.0078745091441593,0.0083740143876076,0.0083940802880235,0.0084592766121504,0.0086819652614276,0.0085844207063811,0.0084381752827096,0.0086268018875085,0.0090565049328909,0.0098245433383102,0.01079731105509,0.0117798974953828,0.0120331134486734,0.0115646353715265,0.0115118284912506,0.0119533497092979,0.0129862794228761,0.0141711672719879,0.0154693096337673,0.0168249361586597,0.017890892487691,0.0191121988749242,0.0209102392290923,0.0234564306105096,0.0256906365153543,0.0267483094121855,0.0268974468962372,0.0264101882788434,0.0255429629137172,0.0245249219554298,0.0234901713149455,0.0226524378248078,0.022404827470032,0.0222387660770886,0.0219919055157447,0.0214346661780393,0.0202985506064507,0.0189233580434304,0.0173853531923383,0.0158619157564948,0.0145684863820017,0.0135088497404679,0.0127309926115355,0.012084813491026,0.0115667419340257,0.0110005407795866,0.010536775689726,0.0100071001867556,0.0092815857802603,0.008576422909774,0.0079056791282573,0.0072560009717322,0.0067920573596259,0.0062469932390769,0.0059382211629267,0.0056320198071145,0.0054342885677852,0.0051400839068836,0.004929391952517,0.0046446489706371,0.0043455885046526,0.0040197497018142,0.0038113785366417,0.0035774429858859,0.0033839962804533,0.0031686270432495,0.0030160976365297,0.0028453589607491,0.0026597672341269,0.0025158068952003,0.0023617779016166,0.0022003223826121,0.0020934232618913,0.0019166862386555,0.0018396360374145,0.0016927479336585,0.0015929182938671,0.0015120834210175,0.0014427453807904,0.0013218501160073,0.001263794681708,0.0012030257092742,0.0010956981351637,0.0010578514190769,0.0009814438979204,0.0009036796076966,0.0008727595547426,0.0008222377592116,0.0007660746607166,0.0007284421713246,0.0006823120230376,0.0006482856830086,0.0006047619595087,0.0005673436968115,0.0005419221290248,0.0005234986332693,0.0004930784426033,0.0004652289722752,0.000443520667199,0.0004217409532245,0.0004081732625518,0.0004093158049243,0.0003858936862894,0.0003604007096045,0.0003518316418112,0.0003361930930885,0.0003244820337711,0.0003106287075053,0.0003008456884414,0.0002988462392896,0.000297917923612,0.0002912768960722,0.0002852071397187,0.0002824221926859,0.000261570794389,0.0002658553282856,0.0002733532626047,0.0002706397244701,0.0002550011757475,0.0002405051693972,0.0002459322456663,0.0002585716206613,0.0002362920443989,0.0001396758050299,0.000172666716034,0.0001222520338503,0.0,0.0,0.0,0.0,0.0,0.0,0.0,0.0,0.0,0.0,0.0,0.0,0.0,0.0,0.0,0.0,0.0,0.0,0.0,0.0,0.0,0.0,0.0,0.0,0.0,0.0,0.0,0.0,0.0,0.0,0.0,0.0,0.0,0.0,0.0,0.0,0.0,0.0,0.0,0.0,0.0,0.0,0.0,0.0,0.0,0.0,0.0,0.0,0.0,0.0,0.0,0.0,0.0,0.0,0.0,0.0,0.0,0.0,0.0,0.0,0.0,0.0,0.0,0.0,0.0,0.0,0.0,0.0,0.0,0.0,0.0,0.0,0.0,0.0,0.0,0.0,0.0,0.0,0.0,0.0,0.0,0.0,0.0,0.0
HNGK026,0.0,0.0,0.0,0.0,0.0,0.0,0.0,0.0,0.0,0.0,0.0,0.0,0.0,0.0,0.0,0.0,0.0,0.0,0.0,0.0,0.0,0.0,0.0,0.0,0.0,0.0,0.0,0.0,0.0,0.0,0.0,0.0,0.0,0.0,3.327646461783796e-05,3.358305146406893e-05,3.754509686151526e-05,3.601216263036043e-05,3.782810010419e-05,4.273348964388546e-05,5.032740998899094e-05,4.735587594090619e-05,5.660064853494764e-05,0.0005151130688751,0.0004341741414701,0.0004180665402412,0.0004335138005705,0.0004928265635145,0.0005635066233725,0.0006571335294907,0.0007660426107134,0.0008659899225846,0.0009097375071815,0.0009061292158373,0.0008378310999385,0.0007945787710164,0.0008138701587254,0.0008709424793315,0.0009581074780753,0.0010510976268975,0.0012448369301119,0.0014078939650997,0.0013958191600789,0.0012218665002481,0.0011121791601081,0.0010982648340099,0.0011520354501181,0.0012267954733914,0.0013153990719521,0.0014442127145763,0.0017799724784063,0.0022646862822974,0.002632991419035,0.002558962487472,0.0020645086553122,0.0017695013584273,0.0016977128692021,0.0018427284474694,0.0020451229331889,0.0023609781356175,0.0028883310947383,0.0036849380556606,0.0047203290025897,0.0056569046506182,0.0058705249316305,0.0052282726559837,0.0047122162429663,0.0048618542075306,0.0055830172206765,0.006696988734655,0.0080803085848491,0.0092488997246637,0.009684984138022,0.0097313495026135,0.009873959553318,0.0099743077864498,0.0098358720335747,0.0098232783892757,0.0100978387018773,0.0106518411330166,0.0114877383774636,0.0126318497367869,0.0135692272273363,0.0138862851935462,0.0134811188844502,0.0134822744810245,0.0140816045981989,0.0152977638663865,0.016671603107951,0.0182916080034354,0.0195821971244465,0.0207478638974201,0.0219145683489503,0.0237221100599139,0.0262883127136777,0.0283239786218407,0.0290511318702898,0.0288170174377872,0.0278519292130592,0.0267464242127574,0.025445599807803,0.0240816656797321,0.0227920670700704,0.0220312600193465,0.0213182569330311,0.0206955554647324,0.0198509087033661,0.0185509568917433,0.0170968626472769,0.0156565883944945,0.0143200584137559,0.0130547037485501,0.0119902578020397,0.0110494371053711,0.0103363161010379,0.0096847483019864,0.0091387878796597,0.0085916482771552,0.0080062089024754,0.0073086766600928,0.0067324348908,0.0061689990182381,0.0056956996784682,0.0052478470469354,0.0048418317281114,0.0045278160467602,0.0042339643464496,0.003984166817582,0.0037900030095036,0.0035573979276285,0.0033597673298273,0.0031556748246517,0.0028984720442675,0.0027034356428575,0.0025200495416043,0.0023422291707903,0.0021755166772513,0.002073234588628,0.0019483358241942,0.0018276821084005,0.0017204710466339,0.0016292496680784,0.0015157182005587,0.0013701366158061,0.0012947634188404,0.001208588931446,0.0011205749229741,0.0010381973957522,0.0009840966091942,0.0009317881765065,0.0008759893704925,0.0008170303616019,0.0007514207765085,0.0006980746652643,0.0006761890811641,0.0006172300722736,0.0005772322806422,0.0005364326464899,0.0005057739618668,0.0004903974523482,0.0004567200664699,0.0004278065685099,0.0004065813253093,0.0003859220885941,0.0003638478356654,0.0003496505063246,0.0003218218541282,0.0003055491676744,0.000293191359411,0.0002836635835743,0.0002758809944007,0.0002708812704468,0.0002593724719113,0.0002514483811165,0.0002444204672567,0.0002416847692442,0.0002291854593594,0.0002310721476439,0.0002253649155833,0.0002141391202905,0.0002152239660541,0.000277248843407,0.0001918290313263,0.0,0.0,0.0,0.0,0.0,0.0,0.0,0.0,0.0,0.0,0.0,0.0,0.0,0.0,0.0,0.0,0.0,0.0,0.0,0.0,0.0,0.0,0.0,0.0,0.0,0.0,0.0,0.0,0.0,0.0,0.0,0.0,0.0,0.0,0.0,0.0,0.0,0.0,0.0,0.0,0.0,0.0,0.0,0.0,0.0,0.0,0.0,0.0,0.0,0.0,0.0,0.0,0.0,0.0,0.0,0.0,0.0,0.0,0.0,0.0,0.0,0.0,0.0,0.0,0.0,0.0,0.0,0.0,0.0,0.0,0.0,0.0,0.0,0.0,0.0,0.0,0.0,0.0,0.0,0.0,0.0,0.0,0.0,0.0,0.0,0.0,0.0,0.0,0.0,0.0,0.0,0.0,0.0,0.0,0.0,0.0,0.0,0.0
HNGK027,0.0,0.0,0.0,0.0,0.0,0.0,0.0,0.0,0.0,0.0,0.0,0.0,0.0,0.0,0.0,0.0,0.0,0.0,0.0,0.0,0.0,0.0,0.0,0.0,0.0,0.0,0.0,0.0,0.0,0.0,0.0,0.0,0.0,0.0,0.0,0.0,0.0,0.0,0.0,0.0,1.941178745655507e-05,2.2212982102184533e-05,2.6021623944926352e-05,0.000384648254234,0.0003090405706849,0.0002850829848999,0.0002977620764538,0.000323218547093,0.0003900294965796,0.000479102571934,0.0005583714660288,0.000606925506553,0.0006119873144214,0.000596998465879,0.0005483952815891,0.000521022204087,0.0005204324788985,0.0005522284953147,0.0005998979480561,0.0007009866741273,0.0008429630132716,0.0009468529339884,0.0009502929975883,0.0008414149846516,0.0007466903762402,0.000738679942429,0.0007649227133196,0.0008299644872405,0.0008948096860986,0.0010308887733573,0.0012927267570751,0.0016477904643501,0.0019575927634035,0.0019307602673243,0.0015431633871475,0.0012964371113864,0.001243288128768,0.0013092144904717,0.001452394851876,0.0016444241163987,0.0020394171333153,0.0026026292602669,0.0034707784534663,0.0043373796180458,0.0046075966138176,0.0041110725769383,0.0036202246449989,0.0037089782858762,0.0042828300381046,0.0052216725382818,0.0064114676780715,0.0074269253089951,0.0079978284352806,0.0081094830709801,0.0082208182722025,0.008366332962478,0.0083378295783646,0.0082905532757489,0.008708914153262,0.0093107287081809,0.0102995749899709,0.0114844557531893,0.0125548806860626,0.0129345899918426,0.0126123051762981,0.012799346348601,0.0134355615395188,0.0146395592275995,0.0161201626009947,0.0177210453409719,0.0191041966269586,0.0204237558801129,0.0219353198259072,0.0243686733851764,0.0276830272323789,0.0301681046050607,0.0308742268027051,0.0304422531020896,0.0293471334269456,0.0279960484480865,0.0263374954990453,0.0249217373245082,0.0238913645606908,0.023273111416141,0.0228244288351831,0.0223465057136262,0.0215877505429034,0.020368813150046,0.0188465850070921,0.0172516978065319,0.0156752886618796,0.0143307152319774,0.0132968286889116,0.0123990703768702,0.0116530434414671,0.0110432430246198,0.0104934717175908,0.0099491062247901,0.0093708315336476,0.0087470251435722,0.0078185765498432,0.0071758006662027,0.00660423409908,0.0060822290196786,0.0056738197547224,0.005304799217985,0.0049524138459414,0.0047024195097604,0.0043985390344753,0.0041054701876471,0.0038673194990028,0.0035684271159376,0.0032439799747017,0.0030106945188631,0.0027920539052068,0.0026086985153324,0.0024355896006091,0.0022767078060596,0.0021256644421413,0.0020206933585788,0.0018994556885653,0.0017725664854948,0.0016415492061045,0.0015006048860402,0.0014013836230661,0.0013037103887119,0.0012131138566204,0.0011469663479709,0.0010740861434189,0.001004596858701,0.0009673950280564,0.0008774127930362,0.000827482727072,0.0007611386433598,0.000728408895395,0.0006779873917737,0.0006342494402893,0.0005979813411933,0.0005467243935548,0.0005242656926241,0.0005003818224877,0.0004697652564486,0.0004395909843009,0.0004255850110728,0.0004101047248732,0.0003648433166518,0.0003510339184865,0.0003432200597381,0.0003266340388101,0.0003175178702703,0.0003085245611449,0.0002890144861569,0.0002888670548598,0.0002757948131802,0.0002752050879916,0.0002605111020435,0.0002530903934209,0.0002432616402783,0.0002449816720782,0.0002308774113187,0.0002962386197167,0.000220901226879,0.0,0.0,0.0,0.0,0.0,0.0,0.0,0.0,0.0,0.0,0.0,0.0,0.0,0.0,0.0,0.0,0.0,0.0,0.0,0.0,0.0,0.0,0.0,0.0,0.0,0.0,0.0,0.0,0.0,0.0,0.0,0.0,0.0,0.0,0.0,0.0,0.0,0.0,0.0,0.0,0.0,0.0,0.0,0.0,0.0,0.0,0.0,0.0,0.0,0.0,0.0,0.0,0.0,0.0,0.0,0.0,0.0,0.0,0.0,0.0,0.0,0.0,0.0,0.0,0.0,0.0,0.0,0.0,0.0,0.0,0.0,0.0,0.0,0.0,0.0,0.0,0.0,0.0,0.0,0.0,0.0,0.0,0.0,0.0,0.0,0.0,0.0,0.0,0.0,0.0,0.0,0.0,0.0,0.0,0.0,0.0,0.0,0.0,0.0
HNGK028,0.0,0.0,0.0,0.0,0.0,0.0,0.0,0.0,0.0,0.0,0.0,0.0,0.0,0.0,0.0,0.0,0.0,0.0,0.0,0.0,0.0,0.0,0.0,0.0,2.9060221497008253e-08,0.0,0.0,0.0,0.0,0.0,0.0,0.0,0.0,0.0,2.8479017067068087e-06,2.789781263712792e-06,2.8479017067068087e-06,3.4291061366469737e-06,1.929598707401348e-05,2.5514874474373244e-05,1.976095061796561e-05,2.057463681988184e-05,2.487554960143906e-05,0.0003195752558025,0.0002738054069448,0.0002464306782946,0.0002492204595583,0.0002833371595958,0.0003341925472155,0.0004286963875238,0.0004975109920287,0.0005447047917399,0.0005615597202081,0.0005420893718051,0.0005007657368364,0.000466184073255,0.0004682764092027,0.0005098906463865,0.0005698709435563,0.0006458924829925,0.0007791626587777,0.0008999950597623,0.0008888649949289,0.0007972962369919,0.0007157532554713,0.0007060180812698,0.0007241807197054,0.0007826498853574,0.0008645997099789,0.0009824098479278,0.0012554015686707,0.0016262681154155,0.0019240191448739,0.0018919076001197,0.0015317061546643,0.0012519143420911,0.001175195357339,0.0012442133833944,0.0013849520361044,0.0015917445722771,0.0019682488019923,0.002554044746929,0.0034122512081787,0.0042365153307198,0.0045005274430201,0.0039898231104317,0.003511201262376,0.0035616207466733,0.004152327869043,0.0050977440550051,0.0063898486834266,0.0075014602761302,0.0080072534312856,0.0081284926753711,0.0082763801425694,0.008449840604685,0.0083863440207141,0.0083977065673194,0.0087338752095968,0.0091648673546189,0.0101710775239528,0.0113564730190373,0.0124172873445641,0.0127838239183059,0.012369744822195,0.0123908134827803,0.012981985568694,0.0141633998134333,0.015575435975973,0.0170919436347943,0.0184699793381825,0.0196556654354819,0.0210562809309732,0.0231331568409214,0.0259995989689433,0.0284704733619479,0.0294093800582948,0.0293651794613978,0.028479133307954,0.0272830727115802,0.0259707421689968,0.0247208329821889,0.0238320551679244,0.0233063848212651,0.0229415337403701,0.0224192924998474,0.0216924963602072,0.0204178859851269,0.0190219491852966,0.017406317110949,0.0159029737324657,0.0145430134868487,0.0135407264474169,0.0127130622789606,0.0119588042300058,0.0113809417255378,0.0107882875683278,0.0102217585502436,0.0096312548494244,0.0089804802492204,0.0083315073827492,0.0074703367789069,0.0069313277905804,0.0064079532014193,0.0060186043538023,0.005662500399578,0.0052942783329894,0.005050434014408,0.0048033058907975,0.0045320287231229,0.004254125824947,0.0039499815467593,0.0037028534231487,0.003447762798848,0.003204993708462,0.0029758248017366,0.0028006497865526,0.0026370407395245,0.0024698282250307,0.002340219637154,0.0022111050730428,0.0020642637738184,0.0019122206949461,0.0017937712321243,0.0017071136516202,0.0015241214368535,0.0014097113448198,0.0013355496595595,0.0012580751090484,0.0011913528404913,0.0011170749143449,0.0010538398723675,0.0009897911441881,0.0009292296425883,0.0008480353837256,0.0007985748867377,0.0007396116973203,0.0006975034363711,0.0006639679407636,0.0006252016052866,0.0005977687561934,0.0005563288803387,0.0005179112675196,0.0004935588019051,0.000465660989268,0.0004392743081487,0.0004186996713288,0.0004114346159546,0.0003818513104706,0.0003633690095985,0.0003540697387195,0.0003503500303679,0.0003397139893,0.0003356455582904,0.0003130948264087,0.0002983903543312,0.000291067178514,0.0002883355176933,0.0002830174971593,0.0002695916748277,0.0002774669948534,0.0002649129791667,0.0002733985638438,0.0002725267571989,0.0002644480156227,0.0003193718342521,0.0002483777131349,4.568266819329697e-05,5.24827600235969e-05,3.923129902096114e-05,0.0,0.0,0.0,0.0,0.0,0.0,0.0,0.0,0.0,0.0,0.0,0.0,0.0,0.0,0.0,0.0,0.0,0.0,0.0,0.0,0.0,0.0,0.0,0.0,0.0,0.0,0.0,0.0,0.0,0.0,0.0,0.0,0.0,0.0,0.0,0.0,0.0,0.0,0.0,0.0,0.0,0.0,0.0,0.0,0.0,0.0,0.0,0.0,0.0,0.0,0.0,0.0,0.0,0.0,0.0,0.0,0.0,0.0,0.0,0.0,0.0,0.0,0.0,0.0,0.0,0.0,0.0,0.0,0.0,0.0,0.0,0.0,0.0,0.0,0.0,0.0,0.0,0.0,0.0,0.0,0.0,0.0,0.0,0.0,0.0,0.0,0.0,0.0,0.0,0.0,0.0
HNGK029,0.0,0.0,0.0,0.0,0.0,0.0,0.0,0.0,0.0,0.0,0.0,0.0,0.0,0.0,0.0,0.0,0.0,0.0,0.0,9.250280206404586e-06,1.1648501000657626e-05,1.2847611397784149e-05,9.50723243436027e-06,1.2847611397784149e-05,1.2505008427176567e-05,1.2419357684524676e-05,1.1048945802094366e-05,1.4817578478777716e-05,1.4260848651540405e-05,1.3018912883087936e-05,1.6787545559771286e-05,1.687319630242318e-05,1.927141709667622e-05,1.7044497787726967e-05,1.9956623037891376e-05,2.1327034920321684e-05,2.423916017048609e-05,2.1070082692366e-05,2.295439903070768e-05,2.569522279556829e-05,2.595217502352397e-05,2.5266969082308823e-05,3.5031153744624776e-05,0.0002983215366565,0.0002483871536904,0.0002372525571457,0.0002300578947629,0.000264489493309,0.0003012336619067,0.0003702681604841,0.0004446558304773,0.0004933482776749,0.0004971169103515,0.0004990012266899,0.000463541819232,0.0004288960938293,0.0004441847513927,0.0004636274699747,0.0005114205843744,0.0006098761130528,0.0007391659090858,0.0008715819572256,0.0008708111005418,0.0007717988420362,0.0007048199612824,0.0006967687914731,0.0007075607850472,0.0007555252009323,0.0008223327802008,0.0009466976585313,0.00124056535657,0.0016225676687974,0.0019233302516196,0.0018940805230039,0.0015372167037448,0.0012262616825471,0.001153458551293,0.0011991532224978,0.0013222761650599,0.0014932350473931,0.0018409342371884,0.0023374944177128,0.0031569578980348,0.0039186927778094,0.0041458385473222,0.0035930486542469,0.0031144323043081,0.0030751614388022,0.0035524502022299,0.0043005237885516,0.0054513271668224,0.0064501433022575,0.0068899170404036,0.0069383953607446,0.0070471289785412,0.0071531645979442,0.0070031044968181,0.0067981422696521,0.0070994187569302,0.0075384216383925,0.0082607571765472,0.0093340466327181,0.0103391580977381,0.0106369657299387,0.0102674684261384,0.0102171486148304,0.0106524256889874,0.0115842629436687,0.012672455629061,0.0140337457073989,0.0153955496901927,0.0165944887858339,0.017647179238397,0.0191616128445964,0.0214319142546989,0.0233657795476647,0.0242767608465102,0.0244608242924691,0.0242675962170465,0.0237822991091808,0.0232308796279879,0.0224796797895595,0.021813873741555,0.0215816317528544,0.0215863853690716,0.0214904565373014,0.0211307234181635,0.0204429479546688,0.0194989054691596,0.0184064302466347,0.017229374915741,0.0162428068365052,0.0152603071675453,0.0145070517112932,0.0138937495685343,0.0134690931864662,0.0130988678513534,0.0125975112292406,0.0121704138010069,0.0116583508360625,0.0109253089550763,0.0102003182438993,0.0095474882834066,0.008984677253441,0.0084620364217792,0.0080419195290716,0.0076094689294222,0.0073403542960099,0.0070505550082473,0.0065999036257843,0.0063452639678802,0.0059493862353432,0.0056305085204502,0.0052608399151646,0.0049120700910861,0.0046056973846203,0.0043651900992537,0.0041641678062497,0.0038965092354626,0.0037346293318505,0.0035427716683103,0.003302949588885,0.0031443244134936,0.0029272854316137,0.0027386824962943,0.0024921796589421,0.0023211351258663,0.0021950572326827,0.0020540332849064,0.0019474409356761,0.0018540816261855,0.0017256055122077,0.001634730074254,0.0015310070249026,0.0014328512738235,0.0013571360173192,0.0012433061803348,0.0011442082710866,0.0010803128170683,0.0010168456167632,0.0009383895364941,0.0009025875260656,0.000855736569835,0.0008129111985091,0.0007564673591015,0.0007195518890185,0.0006777543266044,0.0006258499765573,0.0005866219364228,0.0005668366148702,0.0005477364992588,0.0005249534017134,0.0005113349336318,0.0004796441588506,0.0004640557236879,0.000442386085797,0.0004033293471477,0.0004052136634861,0.0003921090998603,0.0003731374603629,0.0003714672708812,0.000357249247601,0.0003623026414175,0.0003484272211079,0.0003381491319896,0.0003325818337173,0.0003286418995553,0.0003199055238048,0.0003135673688485,0.0003132247658779,0.0003190490163783,0.0003180212074664,0.000304830993098,0.0003128821629073,0.0003080857213188,0.0003086852765174,0.0003127965121647,0.0003066296586937,0.0002999489007669,0.0003004628052228,0.0003116830525102,0.0003123682584514,0.0003176786044958,0.0003152803837016,0.0003200768252901,0.0003279566936141,0.000316393843356,0.0003155373359295,0.0003235028549962,0.0003376352275337,0.0003575918505716,0.0003654717188956,0.0003763493632124,0.0003841435807937,0.0003986613816732,0.0004709934338427,0.0003658143218662,0.0,0.0,0.0,0.0,0.0,0.0,0.0,0.0,0.0,0.0,0.0,0.0,0.0,0.0,0.0,0.0,0.0,0.0,0.0,0.0,0.0,0.0,0.0,0.0,0.0,0.0,0.0,0.0,0.0,0.0,0.0,0.0,0.0,0.0,0.0,0.0,0.0,0.0,0.0,0.0,0.0,0.0,0.0,0.0,0.0,0.0,0.0,0.0,0.0,0.0,0.0,0.0,0.0,0.0,0.0,0.0,0.0,0.0,0.0,0.0,0.0,0.0,0.0,0.0
HNGK030,0.0,0.0,0.0,0.0,0.0,0.0,0.0,0.0,0.0,0.0,0.0,0.0,0.0,0.0,0.0,0.0,0.0,0.0,0.0,0.0,0.0,0.0,0.0,0.0,0.0,0.0,0.0,0.0,0.0,0.0,0.0,0.0,0.0,0.0,0.0,0.0,0.0,0.0,0.0,2.693419495500705e-05,2.3260094514990704e-05,2.5249081219360456e-05,2.6657946801622363e-05,0.0003738742507908,0.0003120499140633,0.0002916075507128,0.0003021602301721,0.0003321607796297,0.0003914988829767,0.0004792352964917,0.0005660324662852,0.0006215030954848,0.0006443764425851,0.0006254810688936,0.0005774967646506,0.0005438773643837,0.000541860752864,0.0005915577956579,0.0006539070038768,0.0007571961884274,0.0009231937037962,0.0010388035559877,0.0010359305751925,0.0009134421439818,0.0008270593464184,0.0008428331159766,0.0008632202296964,0.0009383597274171,0.0010216761704779,0.0011742204007769,0.0014659108259358,0.0018790399393226,0.0021687690025925,0.0021545698475085,0.0017656124475428,0.0014589769972858,0.0014092523296766,0.0015129282616419,0.0016717433250227,0.0018818024208564,0.0023241033392407,0.0029601647124089,0.0038453190454841,0.0047136774908336,0.0050788499247928,0.0045112980936639,0.0040827819581336,0.0042030604041173,0.0048430168762483,0.0058461015460034,0.007113417574471,0.0082142940905243,0.0086999107193593,0.0088450514991476,0.0089965183616484,0.0091473498533964,0.0090679285092983,0.0092514677824071,0.0095510589047528,0.0101109310372176,0.0108622707647932,0.0118944719899151,0.0127994056907727,0.0131005714275927,0.0128523072121459,0.013080681560549,0.0137591746500771,0.0150211038395537,0.0164158255163623,0.0179817934234541,0.0193523710116569,0.0204346284021721,0.0218945998928101,0.0242937874801408,0.0276200362454152,0.0303993965414338,0.0312676997371526,0.0308505650255417,0.029591315443153,0.0281812896186468,0.0265247951916909,0.0249450148769299,0.0237301031231594,0.0229947581636647,0.0225353851094013,0.0219555402354468,0.0210610487147872,0.0195915742876727,0.0180254130068735,0.0162930055873675,0.014698335497139,0.013417759557309,0.0123034297561858,0.0113889378692211,0.0106569355123824,0.0100786928777176,0.0095298430465729,0.0090269056585207,0.0084615914374343,0.0076864114942215,0.0070584441919474,0.0064522728689754,0.0058910194957438,0.0054672272036363,0.0050793195466535,0.0047865517536964,0.0045179832989758,0.0042808518841104,0.0040858206878208,0.0038578607116478,0.0036223867857027,0.0034158636662323,0.0030972942957491,0.0028953568956249,0.0027048561690508,0.0025286927216374,0.0023755683702162,0.0022608148873002,0.002125066544727,0.0020192635019807,0.0018816642967798,0.0017685406779687,0.0016245048907939,0.0014889775467434,0.0014111860667503,0.0013131732219294,0.0012078121762285,0.0011520376740601,0.0010735555736835,0.0010219524186313,0.0009465366727572,0.0008690766905482,0.0008358716625113,0.0007736605783691,0.0007182451988001,0.0006787969624968,0.0006300115386091,0.0005895688089536,0.0005431591191849,0.0005195675268859,0.0004926609567462,0.0004609476687376,0.0004385163186828,0.0004194551960993,0.0004021620616974,0.00037707872937,0.0003428239583503,0.0003359730041464,0.0003199506112501,0.0003123261622167,0.0003034862213084,0.0002837621031567,0.0002778503926743,0.0002754746585552,0.0002582920234146,0.0002580157752612,0.0002522145640402,0.0002439271194386,0.0002354186763144,0.0003044254650299,0.0002144238166571,0.0,0.0,0.0,0.0,0.0,0.0,0.0,0.0,0.0,0.0,0.0,0.0,0.0,0.0,0.0,0.0,0.0,0.0,0.0,0.0,0.0,0.0,0.0,0.0,0.0,0.0,0.0,0.0,0.0,0.0,0.0,0.0,0.0,0.0,0.0,0.0,0.0,0.0,0.0,0.0,0.0,0.0,0.0,0.0,0.0,0.0,0.0,0.0,0.0,0.0,0.0,0.0,0.0,0.0,0.0,0.0,0.0,0.0,0.0,0.0,0.0,0.0,0.0,0.0,0.0,0.0,0.0,0.0,0.0,0.0,0.0,0.0,0.0,0.0,0.0,0.0,0.0,0.0,0.0,0.0,0.0,0.0,0.0,0.0,0.0,0.0,0.0,0.0,0.0,0.0,0.0,0.0,0.0,0.0,0.0,0.0,0.0,0.0,0.0,0.0
HNGK031,0.0,0.0,0.0,0.0,0.0,0.0,0.0,0.0,0.0,0.0,0.0,0.0,0.0,0.0,0.0,0.0,0.0,0.0,0.0,0.0,0.0,0.0,0.0,0.0,0.0,0.0,0.0,0.0,0.0,0.0,1.3802016112533946e-05,1.4254541230977685e-05,1.7723900472379658e-05,1.734679620700988e-05,1.7422217060083835e-05,1.6592587676270318e-05,1.712053364778801e-05,1.9307738386932733e-05,1.9684842652302515e-05,2.338046445292636e-05,2.119325971378164e-05,2.2475414216038887e-05,2.654814028203251e-05,0.0002817723070842,0.0002323716483208,0.0002126868056685,0.0002123097014031,0.0002361426909745,0.0002856941914441,0.0003464079781686,0.000414135904229,0.0004309547544645,0.0004338207468813,0.0004195284952238,0.0003964120037567,0.000361039623665,0.0003756712691613,0.0004042557724764,0.0004475850525673,0.0005068281326569,0.0006183001535002,0.0007055620805068,0.0007023944046777,0.0005988415734072,0.0005489129686722,0.0005408429373933,0.0005616590928417,0.0006052523459184,0.0006817290909354,0.0007643903459045,0.000953545845414,0.0012159349932583,0.0013991699558014,0.0013771847771304,0.0010855323382934,0.0009305424852264,0.0008686973857058,0.0009172684150854,0.0009988737781114,0.001143229290895,0.0013904965576979,0.0017593422396561,0.0023434390362874,0.0029552152859968,0.0031499519286337,0.0027048557642178,0.0023914821196955,0.0024442012959942,0.0028522281111243,0.0035487773996888,0.0045318882195078,0.0053409654208587,0.0057080387127696,0.005795564612762,0.0059201221516136,0.0060982284961477,0.0061656547387959,0.0061648628198386,0.0064758984179156,0.0069700181368296,0.0077044664040638,0.0088930236276562,0.009742828089667,0.0100249020801636,0.0097613816195232,0.0097615324612294,0.0103213437431708,0.0114528828018394,0.0126805457377507,0.01419473249449,0.0156664196005221,0.0167273647407134,0.0178748175993806,0.0196487914845331,0.0222542048539729,0.0246667293916761,0.0260206091252067,0.0265035665578658,0.0265227234545465,0.0260005848887155,0.0252704356101066,0.024445293767051,0.0238523727306101,0.0237910932874875,0.0238790717125982,0.0240222959125857,0.0238864629561995,0.0230435595022449,0.0217031801014146,0.0202092061332991,0.0187598058893504,0.0174470682311717,0.0163588584525941,0.0154010890394079,0.0147046905925495,0.0141688631418856,0.0137186760698872,0.0132537442211128,0.0126459652766163,0.0119167964690973,0.0110553394852866,0.0101488562521907,0.0094439729593615,0.0088293684276618,0.0082334682675245,0.0078119411196942,0.0074343466187794,0.0069272545131367,0.0066066404667193,0.0063132533482616,0.0059653369530314,0.005579408447852,0.0051478503265628,0.0048109453758815,0.004519820883016,0.004205693029963,0.0039356863759582,0.0037607854176797,0.0035198912129615,0.0033346575978118,0.0031658657286323,0.0029011385343427,0.0027183938073445,0.0025090255192112,0.002338423549558,0.0022111885704222,0.0020507307055074,0.0019121071775574,0.0018324250462848,0.0017352075666725,0.0016186823486732,0.0015106042662182,0.0014077302226253,0.0013100979283211,0.0012400696662419,0.0011491875382878,0.0010770852027491,0.0010010609828506,0.0009561855752716,0.0009103296966026,0.0008741276871271,0.0008142435297864,0.0007438004530153,0.0007061654473314,0.0006645331364346,0.0006528429042081,0.0005934112719858,0.000584360769617,0.0005520806445013,0.0005218368824187,0.0005056213990078,0.0004802045715218,0.0004624806710494,0.0004538072729459,0.0004334059321894,0.0004265803449862,0.0003975433165528,0.0003846463506771,0.0003752187440429,0.0003639810369349,0.0003544780094475,0.000359003260632,0.0003576456852766,0.000356966897599,0.0003296645487862,0.0003234800388341,0.0003255918227202,0.0003150329032899,0.0003191056293559,0.0003256672435733,0.0003235554596872,0.0003172955288821,0.0003062086634802,0.0003139015904938,0.0003175972122944,0.0003119406483138,0.0003199352587397,0.0003054544549495,0.0003010800454712,0.0003043231421534,0.0003151083241429,0.0003228012511565,0.0003158625326737,0.0003191056293559,0.0003255164018671,0.0004053116644194,0.0003018342540019,0.0,0.0,0.0,0.0,0.0,0.0,0.0,0.0,0.0,0.0,0.0,0.0,0.0,0.0,0.0,0.0,0.0,0.0,0.0,0.0,0.0,0.0,0.0,0.0,0.0,0.0,0.0,0.0,0.0,0.0,0.0,0.0,0.0,0.0,0.0,0.0,0.0,0.0,0.0,0.0,0.0,0.0,0.0,0.0,0.0,3.7710426536978e-08,0.0,0.0,0.0,0.0,0.0,0.0,0.0,0.0,0.0,0.0,0.0,0.0,0.0,0.0,0.0,0.0,0.0,0.0,0.0,0.0,0.0,0.0,0.0,0.0,0.0,0.0,0.0,0.0
HNGK032,0.0,0.0,0.0,0.0,0.0,0.0,0.0,0.0,0.0,0.0,0.0,0.0,0.0,0.0,0.0,0.0,0.0,0.0,0.0,0.0,0.0,0.0,0.0,0.0,0.0,0.0,0.0,0.0,0.0,0.0,1.5132800549688757e-05,1.4535039197414148e-05,1.5982250892394778e-05,1.6171017635218337e-05,1.8876674282356035e-05,1.7744073825414672e-05,1.7177773596943992e-05,1.673731786368902e-05,1.868790753953248e-05,1.9568819006042425e-05,2.5105976795533528e-05,2.598688826204348e-05,2.862962266157332e-05,0.0004286892729523,0.0003477083402809,0.0003160584497342,0.0003224765189902,0.0003614883125071,0.0004253229327052,0.0005204299099645,0.0006138694476622,0.0006702477815188,0.0006801265743932,0.0006594880771779,0.0006167009488045,0.0005663002284706,0.0005759902546022,0.0005933882560658,0.0006697444035379,0.0007663929758636,0.0009381077895854,0.0010518712132604,0.0010752782893706,0.0009595013537721,0.0008413333727646,0.0008408299947837,0.0008593605967042,0.0009206468658743,0.0009919692335378,0.0011587761119462,0.0014811267864412,0.0019324051462847,0.0022687874819963,0.0022366342134687,0.0017445193149277,0.001421791106947,0.0013709813920037,0.0014481555286947,0.0015970924887825,0.0018283317487413,0.0022504141856948,0.0029275834144505,0.0039430226463461,0.0049636215025455,0.0052166003990528,0.004597854477201,0.004044610615109,0.0041210926070763,0.0048129541806485,0.0058941471612942,0.0072912412860552,0.008454736566572,0.008880594338382,0.0089813643179259,0.0090541024361606,0.0092129496502466,0.0092701145121984,0.0091789716365384,0.0094492856122617,0.010041321040004,0.0108821824959116,0.0120380012622202,0.0130783577041685,0.0131129964014766,0.012691260036885,0.0127408113068762,0.0134204974255362,0.014692785272167,0.0160940008041463,0.0176993361073654,0.0189398167578305,0.0199601010027918,0.0212083840119602,0.0232712584386599,0.0261902844274358,0.0288059307993705,0.0296498125231632,0.0292387100184173,0.0281097590518372,0.0267602026851439,0.0253460566312812,0.0239399646251123,0.0228302678663002,0.0222845117516735,0.0217615334906809,0.0213446736002788,0.0205405272758505,0.0192698124854099,0.0178926961742644,0.0163183186168683,0.0148295782384665,0.0135434474973619,0.0125028079052995,0.0117295564044465,0.0110003819380429,0.0104792598833547,0.009888577283936,0.0094044849719649,0.0088662480659274,0.00826540352352,0.0076168639174258,0.0068975682438966,0.0063853182261211,0.0058871313306859,0.0055131214909049,0.0051399925625903,0.0048323342329117,0.0046082995703039,0.0043792940501351,0.0041509492135662,0.0039270089343299,0.0037035405719506,0.0034236624145909,0.0032019244140208,0.0029927394018485,0.0027091802930037,0.0025942213466241,0.002453527200973,0.0022979204826388,0.0021669792853668,0.002049503449083,0.0019223375866675,0.00181732035541,0.0017108559124575,0.0015765169138147,0.0014375845910966,0.001351506956369,0.0012639191876989,0.0012006194066054,0.00111869464022,0.0010668467081911,0.0010022255598978,0.0009465393707649,0.00087512261973,0.0008562459454476,0.0007665188203588,0.0007197675903862,0.0006857895766779,0.000639415880191,0.0006243145407651,0.0005937972506753,0.0005578057250436,0.0005418234741512,0.00049740036734,0.000479278760029,0.0004576964290995,0.0004335972082657,0.0004143430004977,0.0004005315671477,0.000394396648006,0.0003721221723528,0.0003623692239736,0.0003664591700681,0.0003534971870609,0.0003399689038252,0.0003267552318275,0.0003215956075237,0.0003102066807067,0.0003006424990703,0.000305015595279,0.0003008941880607,0.0002921479956432,0.0002963008639853,0.0002882468162915,0.0002842827146922,0.0002817029025403,0.0002844085591874,0.0002814512135499,0.0002908895506911,0.0002785567901599,0.0002896311057389,0.0003595377228312,0.0002679858525618,0.0,0.0,0.0,0.0,0.0,0.0,0.0,0.0,0.0,0.0,0.0,0.0,0.0,0.0,0.0,0.0,0.0,0.0,0.0,0.0,0.0,0.0,0.0,0.0,0.0,0.0,0.0,0.0,0.0,0.0,0.0,0.0,0.0,0.0,0.0,0.0,0.0,0.0,0.0,0.0,0.0,0.0,0.0,0.0,0.0,0.0,0.0,0.0,0.0,0.0,0.0,0.0,0.0,0.0,0.0,0.0,0.0,0.0,0.0,0.0,0.0,0.0,0.0,0.0,0.0,0.0,0.0,0.0,0.0,0.0,0.0,0.0,0.0,0.0,0.0,0.0,0.0,0.0,0.0,0.0,0.0,0.0,0.0,0.0,0.0,0.0,0.0,0.0
HNGK033,0.0,0.0,0.0,0.0,0.0,0.0,0.0,0.0,0.0,0.0,0.0,0.0,0.0,0.0,0.0,0.0,0.0,0.0,0.0,0.0,0.0,0.0,0.0,0.0,1.5601271419289474e-05,1.5390443427136915e-05,1.524989143236854e-05,1.792037933296764e-05,1.637430739051553e-05,1.770955134081508e-05,1.7287895356509958e-05,1.6093203400978782e-05,1.7779827338199266e-05,2.0871971223103488e-05,2.572101504261238e-05,2.122335121002442e-05,2.1785559189097915e-05,1.799065533035183e-05,2.3331631131550028e-05,2.438577109231283e-05,2.818067495105892e-05,3.1764750817652445e-05,3.5735344669859e-05,0.0005832907782887,0.0004782984381967,0.0004272780640958,0.0004418954715517,0.0004739413263589,0.0005888425820821,0.0007067657056927,0.0008318569810366,0.000921388601704,0.0009240590896046,0.0008794338312657,0.0007871965846989,0.0007242644290414,0.0007396197344698,0.0008093686618736,0.0008796446592578,0.00105125864487,0.0012693953407505,0.001410509543498,0.0014074876756104,0.0012319382341447,0.0010813719097491,0.001058215968611,0.0010915267913711,0.0011934269875782,0.0012934297318559,0.0014698224852902,0.0018402472675023,0.0022850591929455,0.0026534459712334,0.0025394231654775,0.0020477722877778,0.0016324411432372,0.0015152910555978,0.0016228484695943,0.0017637869823483,0.0020150939489941,0.0024786344277402,0.0031294604395152,0.0040066805768633,0.0048628530529948,0.0050389998404383,0.0043510329640458,0.0038580468423957,0.0039846490516833,0.0045865278312802,0.0056446032478965,0.0069252778862273,0.0080038738940798,0.0084709281726951,0.0085087366592878,0.0085906081962403,0.0086320007586996,0.0084668521648468,0.008444117879693,0.0087466209104332,0.009300466045818,0.0100985554101115,0.0112437730634842,0.0121835388385043,0.0123470710844173,0.0119384512976269,0.0119685294245073,0.0125097600183617,0.0135116146370706,0.0148571891589857,0.0164283144945052,0.0178453948437587,0.0188633426658686,0.0201679462813087,0.0220974440654889,0.0248177576482334,0.027107033401022,0.0278477424134513,0.0277477045311749,0.0267716763415046,0.025780503674398,0.0245876037568002,0.0233165920681098,0.0223371554925664,0.0218213648097651,0.0213204023624119,0.0209051414938688,0.0201275375828127,0.0189359026331678,0.0176153815043202,0.0161100696403509,0.0147945732453163,0.0136488636599619,0.0126874177397489,0.0118895392034475,0.0111838627757142,0.0107099214493553,0.0102155298077575,0.0098201921844728,0.0092449480078845,0.0086464424761621,0.0080555267521571,0.0074778580536591,0.0069787579202366,0.0065033056599339,0.0059892016010699,0.005688490608263,0.0054213012662083,0.0051633883558083,0.0049359049522757,0.0047155194244789,0.0044524763662699,0.0042112891432473,0.0039715074401725,0.00372575227732,0.0035103563453375,0.0032855434297055,0.0031110481282005,0.0029536298940599,0.0028332471105408,0.002602249907139,0.0024634899503039,0.0023614843401008,0.0022184024094266,0.0020869160183208,0.0019556404552071,0.001846326141276,0.0017204266919622,0.0016465666187114,0.0015475477383971,0.0014646220614838,0.0013890753642958,0.0012913917279318,0.0012109959869243,0.0011530885650797,0.0011089552387224,0.0010350951654716,0.0009446499568382,0.0009174531458505,0.0008659408397679,0.0008286945611543,0.0007833665428415,0.0007273565729263,0.0006984731380014,0.0006720493629849,0.0006222939568369,0.0005901778260324,0.0005732413106628,0.0005586941792042,0.0005246805964703,0.0004867315578828,0.0004844124499691,0.0004659298626571,0.0004553884630495,0.0004459012034026,0.00042018018836,0.0004115362406817,0.0003940375173331,0.0003815283897987,0.0003725330621335,0.0003578453786802,0.0003527855068686,0.0003565101347299,0.0003384492034022,0.0003346542995434,0.0003416116232845,0.0003208099280588,0.0003130795683465,0.0003229182079803,0.0003185610961425,0.0003151175722706,0.0003098468724668,0.0003141337083073,0.0003078088685427,0.0003007109928069,0.0003111821164171,0.0003109010124276,0.0003125876363648,0.0003092846644878,0.0003058411406159,0.0003871504695894,0.0002924184251156,0.0,0.0,0.0,0.0,0.0,3.5137998692093415e-08,0.0,0.0,0.0,0.0,0.0,0.0,0.0,0.0,0.0,0.0,0.0,0.0,0.0,0.0,0.0,0.0,0.0,0.0,0.0,0.0,0.0,0.0,0.0,0.0,0.0,0.0,0.0,0.0,0.0,0.0,0.0,0.0,0.0,0.0,0.0,0.0,0.0,0.0,0.0,0.0,0.0,0.0,0.0,0.0,0.0,0.0,0.0,0.0,0.0,0.0,0.0,0.0,0.0,0.0,0.0,0.0,0.0,3.5137998692093415e-08,0.0,0.0,0.0,0.0,0.0,0.0,0.0,0.0,0.0,0.0,0.0,0.0,0.0,0.0,0.0,0.0
HNGK034,0.0,0.0,0.0,0.0,0.0,0.0,0.0,0.0,0.0,0.0,0.0,0.0,0.0,0.0,0.0,0.0,0.0,0.0,0.0,0.0,0.0,0.0,0.0,0.0,0.0,0.0,0.0,0.0,0.0,0.0,0.0,0.0,0.0,1.493614566971139e-05,1.669827521501442e-05,1.55235221848124e-05,2.047426709780662e-05,1.8879959413961024e-05,1.9467335929062035e-05,2.341114967331167e-05,1.846040476031745e-05,2.1229465474365062e-05,2.5257190149343417e-05,0.000356621455597,0.0002896605328755,0.0002785842900193,0.0002887375126375,0.000304344945753,0.0003489855609007,0.0004354138195513,0.0004975079082905,0.000545001495083,0.000546847535559,0.0005281353980065,0.0004881937949796,0.0004452313984465,0.0004679293052086,0.0005066961552053,0.0005513787258183,0.0006308843326838,0.0007538558016667,0.0008386477971681,0.0008513183477081,0.0007242352431195,0.0006631061300836,0.00068169240124,0.0006812728465864,0.0007322906924695,0.0007919513642176,0.0009351453675061,0.0011484049979532,0.0014524142999833,0.0016986089707413,0.0016701631652243,0.0013817612963097,0.0011556213379958,0.0011006596783685,0.0011828084795519,0.0012694884709947,0.0014425128101573,0.0017535706303687,0.002235974571128,0.0029447282475281,0.0036536917012551,0.0038269258177445,0.0034658570828188,0.0030932086394526,0.0031462403476731,0.0036469368713314,0.0044424124946396,0.0055117733958464,0.0064246404112441,0.0067508861099173,0.0068304336722481,0.0069561742019451,0.0071878522816871,0.0071880201035486,0.0072692878399593,0.0076044280972898,0.0082544441221798,0.0090182014136726,0.0101079526710464,0.011014358544778,0.0112220380983316,0.0109797452858524,0.0111208834713381,0.0118441117832889,0.0130530585177629,0.0144617132673712,0.0159447131016051,0.0171967900544737,0.0182777726195863,0.0196704423368908,0.021855063418413,0.0251193244901561,0.0278483177347807,0.0289511171418829,0.0288267611425429,0.0279292498274686,0.0267697685866592,0.0253585545536637,0.0241666417381276,0.0233405386251034,0.0231789681279853,0.0231986871967065,0.0230635486427679,0.0225778302202447,0.0214534657039453,0.0199406774893027,0.0183196022185546,0.0167488315507784,0.0154427998694513,0.0143601810411894,0.0134601523981932,0.0128802439559271,0.0123751421084056,0.0119000803740849,0.0114193546519401,0.0108542145334822,0.010178144164601,0.0094184985087139,0.008714947310019,0.0080283461193313,0.007490225320568,0.006882584315696,0.0064499815123241,0.0061715650441663,0.005870996090296,0.0055958941039019,0.0052869760124241,0.0049882111435645,0.0047118504932095,0.0043381112077438,0.0041131460024601,0.0038155978420961,0.0035819898109474,0.0033725900833139,0.0031885734122258,0.002945861045093,0.0028107644466197,0.0026599765041002,0.0025034826182912,0.0023215637204713,0.0021695171139909,0.0020625306773118,0.0019094351841972,0.0018177624923761,0.0016947490679278,0.0016100829388225,0.0015051103644809,0.0014185981948996,0.0013254570617907,0.0012499372241349,0.0011693827306353,0.0011105611681945,0.001023797265821,0.0009710172903926,0.0009092588453763,0.000845318716161,0.0008114187001466,0.0007702184331588,0.0007179419233148,0.0006818602231015,0.0006435968386892,0.0006126337052503,0.0005936278794402,0.0005353517380492,0.0005161361349123,0.0004967527099139,0.0004764462646776,0.0004628526938995,0.0004339873337289,0.0004300435199846,0.00042375020018,0.0003843959736682,0.0003765083461797,0.000366522945423,0.0003526776418527,0.0003405105568971,0.0003526776418527,0.000316092476055,0.0003086244032202,0.0003019954396926,0.0003070300955363,0.0003071979173978,0.0002904996421828,0.0002901639984598,0.0002814372616641,0.0002879823142609,0.00027866820095,0.0002780808244349,0.0002799268649109,0.0002758152293052,0.0002753956746516,0.0003515028888225,0.0002584456666444,0.0,0.0,0.0,0.0,0.0,0.0,0.0,0.0,0.0,0.0,0.0,0.0,0.0,0.0,0.0,0.0,0.0,0.0,0.0,0.0,0.0,0.0,0.0,0.0,0.0,0.0,0.0,0.0,0.0,0.0,0.0,0.0,0.0,0.0,0.0,0.0,0.0,0.0,0.0,0.0,0.0,0.0,0.0,0.0,0.0,0.0,0.0,0.0,0.0,0.0,0.0,0.0,0.0,0.0,0.0,0.0,0.0,0.0,0.0,0.0,0.0,0.0,0.0,0.0,0.0,0.0,0.0,0.0,0.0,0.0,0.0,0.0,0.0,0.0,0.0,0.0,0.0,0.0,0.0,0.0,0.0,0.0,0.0,0.0,0.0
HNGK035,0.0,0.0,0.0,0.0,0.0,0.0,0.0,0.0,0.0,0.0,0.0,0.0,0.0,0.0,0.0,0.0,0.0,0.0,0.0,0.0,0.0,0.0,0.0,0.0,0.0,0.0,0.0,0.0,0.0,0.0,0.0,0.0,0.0,0.0,0.0,0.0,1.418769036823059e-05,1.495806269591732e-05,1.829634278255981e-05,1.925930819216822e-05,2.1698820563176195e-05,1.9772889743959373e-05,2.307907098361492e-05,0.0004333344343237,0.0003498774321577,0.0003214378537272,0.0003183563644165,0.0003616898078489,0.0004347467835912,0.000553191528973,0.000649167081464,0.0006993375793046,0.0006985993058239,0.0006670140403887,0.0005914533545814,0.0005436902702649,0.0005535767151368,0.0006052558587858,0.0006770288806486,0.0008093403279288,0.0009759333437911,0.0011131880135073,0.0011129954204254,0.0009340764473201,0.0008239132044609,0.000806515629394,0.0008155033065503,0.0008992812971863,0.0009960914196989,0.0011739190320066,0.0014845074754523,0.0018981332177261,0.0021460326130063,0.0020627361050751,0.0016423054072401,0.001290887230427,0.0011824573253051,0.0012385019121443,0.0013645219854151,0.0015627002667125,0.001900893718567,0.0024261592506614,0.0032198032424136,0.003961447102047,0.004086857297225,0.0035599547239343,0.0030351385756977,0.0030658250734172,0.0036362215843753,0.0044748039619093,0.0056594761076565,0.0066207723772216,0.0070126992989322,0.0069954943169472,0.0070462746928806,0.0071713959984357,0.0070371907191833,0.0070268869893005,0.0073720137921041,0.0081815146142679,0.0089875166621102,0.0100860355025445,0.0109792822164972,0.0111928679443484,0.0107652792036353,0.010778215038971,0.0112746879053181,0.0124230241562761,0.0138806006991064,0.0154910319512885,0.0170509075194662,0.0181893252267053,0.0193501158302942,0.0212950170680804,0.0240545228447012,0.0265625662540263,0.0277858533126989,0.0279146338868105,0.0275349366258019,0.0268082187300174,0.0257742185720269,0.0247746283780064,0.0239726065871905,0.0237738826254943,0.0237043244240736,0.0237275960881391,0.0232761258052677,0.0222074909913783,0.0206980748106641,0.0191650017797205,0.0175783557731557,0.0162613400812813,0.0151302409111553,0.014206115106401,0.0134961528087438,0.0129358995334336,0.0123376412232909,0.0116895655026244,0.0111647493543878,0.0103062977905689,0.009600251552244,0.0088154989411071,0.0080662797535848,0.0073293865233055,0.0068443729453327,0.006366549509085,0.0059893238592944,0.0057041256038154,0.0054317668871311,0.0051186747336204,0.0048103974071578,0.0044421594345236,0.0041455660883642,0.0038772839252473,0.0035766461243675,0.0033623221230357,0.0031267486849985,0.0028454985876988,0.0026906858486808,0.0025691275151412,0.0023717838038655,0.0022415908804864,0.0020986226160065,0.0019439061735295,0.00182937748748,0.0016840018094762,0.0015615447082209,0.0014701271920021,0.0013388429078255,0.0012838896817839,0.0011970943995312,0.0011305855885742,0.001081827440001,0.0009930099303881,0.0009280418640866,0.0008686589971607,0.000796693382216,0.000735256189083,0.0006990486896817,0.0006646387257117,0.0006188015722143,0.0005933150877067,0.0005599322868403,0.0005462902768708,0.0005134531564032,0.0004676481017528,0.0004359665397767,0.0004210405759277,0.0004043812743415,0.0003849293730674,0.0003683021703282,0.0003661194487331,0.0003599564701116,0.0003402477780616,0.0003252255176717,0.0003107810365276,0.0003102674549758,0.0003008303939616,0.0002897883905981,0.0002735463740227,0.0002743809440444,0.0002714920478155,0.0002691167331385,0.0002736105717167,0.0002634031383748,0.0002662278369097,0.0002517191580716,0.0002553784266281,0.0002560846012618,0.000262953754517,0.000307185965665,0.0002280944066892,0.0,0.0,0.0,0.0,0.0,0.0,0.0,0.0,0.0,0.0,0.0,0.0,0.0,0.0,0.0,0.0,0.0,0.0,0.0,0.0,0.0,0.0,0.0,0.0,0.0,0.0,0.0,0.0,0.0,0.0,0.0,0.0,0.0,0.0,0.0,0.0,0.0,0.0,0.0,0.0,0.0,0.0,0.0,0.0,0.0,0.0,0.0,0.0,0.0,0.0,0.0,0.0,0.0,0.0,0.0,0.0,0.0,0.0,0.0,0.0,0.0,0.0,0.0,0.0,0.0,0.0,0.0,0.0,0.0,0.0,0.0,0.0,0.0,0.0,0.0,0.0,0.0,0.0,0.0,0.0,0.0,0.0,0.0,0.0,0.0,0.0,0.0,0.0,0.0
HNGK036,0.0,0.0,0.0,0.0,0.0,0.0,0.0,0.0,0.0,0.0,0.0,0.0,0.0,0.0,0.0,0.0,0.0,0.0,0.0,0.0,0.0,0.0,0.0,0.0,0.0,0.0,0.0,0.0,0.0,0.0,0.0,0.0,0.0,0.0,0.0,0.0,0.0,0.0,0.0,0.0,0.0,0.0,0.0,0.0,0.0003386184910577,0.0003232159704707,0.0003342346967368,0.0004052640128281,0.0004477986658336,0.0005444791027486,0.0006270603092802,0.0006749858444911,0.0006921063385282,0.0006855898875106,0.0006336360007615,0.0006075701966913,0.0006299038515424,0.0006668106604873,0.0007190015090915,0.0008057887885526,0.0009533567838683,0.0010691718905894,0.0010835080828281,0.0009634869031775,0.0008740930433093,0.0008650884928124,0.0009205375669254,0.0009753349959366,0.0010799536550003,0.001233919620406,0.0015162300506257,0.0019345565857208,0.002229781437048,0.0021663052800906,0.0017393592575132,0.0014608402169764,0.0014396617511694,0.0015412591465795,0.0017158407933862,0.001947589487756,0.0023557562833101,0.0029416444702522,0.0038222243443472,0.0046551748855503,0.0048414269037248,0.0044358666885777,0.0041225438755609,0.0043732198981135,0.005169470971995,0.0062099408578753,0.0074078422762934,0.0083095117554999,0.0087262387980726,0.0088116931670982,0.0090418127487136,0.0091506078604749,0.0091671655701059,0.0095823523606199,0.0100957894603395,0.0108422785446324,0.0117461695412311,0.0127596257756205,0.0136305790743487,0.0138316708287041,0.013520184470065,0.0138471325897549,0.0147397086577686,0.0161427894225441,0.0178530023718696,0.0194202680820556,0.0209131277697138,0.0222299247989704,0.024055390070611,0.0267756825478896,0.0304784781172243,0.0333441466926582,0.0337214195863427,0.0326314542929609,0.0308572912629675,0.0290408601620558,0.0272139434990522,0.0255805654312699,0.024419185758782,0.0236857295765242,0.0229722670507976,0.0221395238512178,0.0209425110397566,0.0192898798212407,0.0174807352973758,0.0157661385537293,0.0141880318386687,0.0128379712889907,0.0117864826768443,0.0108840726918404,0.0100922646527436,0.0094338068976515,0.0086657839047688,0.00800519349298,0.0074459338945142,0.0067983171442968,0.0061535439363416,0.0055577033514818,0.005043733087588,0.0046413126170221,0.0042540577051879,0.0039278797115273,0.0036546034520366,0.00338357833017,0.0031038448601255,0.0028500290929917,0.0026854294643346,0.0024569982359374,0.0022627487551505,0.0020860344516471,0.0019148295112768,0.001782664036548,0.0016545269133573,0.0015124090407108,0.0014192237911598,0.001319581331055,0.0012417393616271,0.0011432224703344,0.0010745627727949,0.0009810813209249,0.0009176940246632,0.0008484419224857,0.000773739697639,0.000729013147473,0.0006910992506436,0.0006381975164738,0.0006017646312393,0.0005582228903493,0.0004986269837706,0.0004855348412716,0.0004465546160939,0.0004142093228613,0.0003928827558948,0.000368120242028,0.0003369005176076,0.0003229197681517,0.0003018301630404,0.000289745108426,0.0002758828398977,0.0002650418350231,0.0002473881768119,0.0002404570425478,0.0002285497093248,0.0002060383330823,0.0001868444228124,0.0001794986053017,0.0002140357956948,0.0001596530499301,0.0,0.0,0.0,0.0,0.0,0.0,0.0,0.0,0.0,0.0,0.0,0.0,0.0,0.0,0.0,0.0,0.0,0.0,0.0,0.0,0.0,0.0,0.0,0.0,0.0,0.0,0.0,0.0,0.0,0.0,0.0,0.0,0.0,0.0,0.0,0.0,0.0,0.0,0.0,0.0,0.0,0.0,0.0,0.0,0.0,0.0,0.0,0.0,0.0,0.0,0.0,0.0,0.0,0.0,0.0,0.0,0.0,0.0,0.0,0.0,0.0,0.0,0.0,0.0,0.0,0.0,0.0,0.0,0.0,0.0,0.0,0.0,0.0,0.0,0.0,0.0,0.0,0.0,0.0,0.0,0.0,0.0,0.0,0.0,0.0,0.0,0.0,0.0,0.0,0.0,0.0,0.0,0.0,0.0,0.0,0.0,0.0,0.0,0.0,0.0,0.0,0.0,0.0,0.0,0.0,0.0,0.0,2.9620231897980345e-08,0.0
HNGK037,0.0,0.0,0.0,0.0,0.0,0.0,0.0,0.0,0.0,0.0,0.0,0.0,0.0,0.0,0.0,0.0,0.0,0.0,0.0,0.0,0.0,0.0,0.0,0.0,0.0,0.0,0.0,0.0,0.0,0.0,0.0,0.0,0.0,0.0,0.0,0.0,0.0,0.0,0.0,0.0,1.5469762689340053e-05,1.5694777419366817e-05,2.5932947635584595e-05,0.0002451535483641,0.0002154516040006,0.0002033570622616,0.0002111200704476,0.0002331715139902,0.0002625359362587,0.0003254838069837,0.0003678428299112,0.0003920319133891,0.0004030295083191,0.0003826375484105,0.0003731306760668,0.0003555795271247,0.000357604659695,0.0003960259248471,0.0004344471899991,0.000491938453521,0.000580763018199,0.0006546241033303,0.0006344009044692,0.0005788222661525,0.0005238342915023,0.0005153118586025,0.0005479671212976,0.0005834069412768,0.0006264410083945,0.0007535743308596,0.0009290014397567,0.0011951094848546,0.001357795134664,0.0013548418163324,0.0011283363637192,0.0009430086067009,0.0009246699062037,0.0010284298235873,0.0011290676615917,0.0012910220135285,0.001572627948157,0.0020132067895494,0.0026410822668478,0.0032650199863708,0.0034762525641834,0.0031111942915563,0.0027832634493835,0.0029136876122753,0.0033897344004881,0.0042051034015814,0.0052505780909682,0.006154265373597,0.0064919843565259,0.0066027478573816,0.0067871474286385,0.0070348323927155,0.0071004804402008,0.0072331828772341,0.0076642548462828,0.0082398425256913,0.0092711412870865,0.0104312328545807,0.0114053216208666,0.011637733710143,0.0112601308663168,0.0113284790905624,0.0120233808305676,0.0133798540036927,0.0148690577406923,0.0166071277691015,0.0180263800519041,0.0192154703927305,0.0204486073669597,0.0225933071393686,0.0258279220103446,0.0286396779499177,0.0298802966639203,0.0297540915272166,0.0290428762192845,0.0281465581690641,0.0269067551334579,0.0257635115438744,0.0248625525648472,0.0246310967881734,0.0244102448306522,0.0242032312790276,0.0235166550840334,0.0222516222718229,0.0206327537966454,0.0189708793811914,0.0173961700467816,0.0159690422484281,0.0148355867996008,0.0138667296257881,0.013073355814555,0.0124558028879965,0.011867558130024,0.0112801571772892,0.0105657916631367,0.0098658270917059,0.0091234472436651,0.0083859895928437,0.0075857528323447,0.0069958204638971,0.0065006192967907,0.0060896861460793,0.0057224902335169,0.0054414749625547,0.005157956402721,0.0049247848887307,0.0046369066685027,0.0043353588034256,0.0040362579735375,0.0037676466395681,0.0035197366607611,0.0032154042383999,0.0030152536360411,0.0028300665132291,0.0026475233134949,0.0025088017324334,0.0023726396939259,0.0022409216963365,0.0020926932429314,0.0019532403639973,0.0018294260088001,0.0016717188098925,0.0015455699268713,0.0014281403646386,0.0013454474513537,0.0012674517205582,0.0012078790707836,0.001135199312985,0.0010704513244198,0.0009994029234138,0.0009175538153666,0.0008631565043826,0.0007919393423291,0.0007643187842184,0.0007081213553942,0.0006693344413058,0.0006455672604467,0.0005884135190199,0.000555336353706,0.0005348600132736,0.0005177588937915,0.0004842316990175,0.0004631365680775,0.0004385537088221,0.000398022930576,0.0003883191703436,0.00037836226854,0.0003527668429994,0.0003525418282694,0.0003482102947164,0.0003225586154933,0.0003046699444562,0.0002984820393805,0.0003003384109032,0.0002785682357731,0.0002929691784948,0.0002702426907621,0.0002687800950169,0.0002579793879756,0.0002688926023819,0.0002702426907621,0.0002601170279109,0.000261242101561,0.0003151893830849,0.000235477914973,0.0,0.0,0.0,0.0,0.0,0.0,2.8126841253345546e-08,0.0,0.0,0.0,0.0,0.0,0.0,0.0,0.0,0.0,0.0,0.0,0.0,0.0,0.0,0.0,0.0,0.0,0.0,0.0,0.0,0.0,0.0,0.0,0.0,0.0,0.0,0.0,0.0,0.0,0.0,0.0,0.0,0.0,0.0,0.0,0.0,0.0,0.0,0.0,0.0,0.0,2.8126841253345546e-08,0.0,0.0,0.0,0.0,0.0,0.0,0.0,0.0,0.0,0.0,0.0,0.0,0.0,0.0,0.0,0.0,0.0,0.0,0.0,0.0,0.0,0.0,0.0,0.0,0.0,0.0,0.0,0.0,0.0,0.0,0.0,0.0,0.0,0.0,0.0,0.0,0.0,0.0,0.0,0.0,0.0,0.0,0.0
HNGK038,0.0,0.0,0.0,0.0,2.5971574527225145e-08,0.0,0.0,0.0,0.0,0.0,0.0,0.0,0.0,0.0,0.0,0.0,0.0,0.0,0.0,0.0,0.0,0.0,0.0,0.0,0.0,0.0,0.0,0.0,0.0,0.0,0.0,0.0,0.0,0.0,0.0,0.0,0.0,0.0,0.0,0.0,0.0,0.0,0.0,0.0,0.0,0.0003071398403589,0.0003083345327872,0.0003532653567193,0.000404533244836,0.0005152760386201,0.0005966449816139,0.0006561978020048,0.000655418654769,0.0006307456589681,0.0005871653569115,0.0005418969025105,0.0005604146351484,0.0005951126587168,0.0006685083283307,0.0007808094165864,0.0009370544089422,0.0010737687772535,0.0010679511445594,0.0009324314686764,0.0008417647020018,0.0008059499007288,0.0008584124812738,0.0009166407513638,0.0010354866764004,0.001189601999645,0.0014834963369951,0.0018591491909568,0.0021522643810711,0.0020731809366357,0.0016372740297708,0.0013523398856326,0.0013413798811821,0.0014537329125869,0.0015965765724866,0.0018635643586265,0.002270486988319,0.0028598859006399,0.0036734714442797,0.0044643318602083,0.0046150708787643,0.0041580750533832,0.0037873827701561,0.0039944281622872,0.0047199960398543,0.0057234337932881,0.006937215328818,0.0079480809525667,0.0083987656853376,0.0084780569023692,0.0086551830406449,0.0088074284105235,0.0087523686725258,0.0089005365052036,0.0095337494637519,0.0102112179852945,0.0110879404266101,0.0122576482001672,0.0131793793801385,0.0133605570840404,0.0130152130575519,0.0131925209968492,0.013881079380715,0.0152260433391819,0.0168833414529132,0.0186435649164959,0.0201744074338541,0.0215939098112141,0.0234221528284836,0.0261488305233734,0.0297431665800687,0.0326551254876357,0.0333125958967924,0.0325372924540057,0.0311212702676324,0.0294354553650702,0.0277908833228572,0.0262561190977454,0.0249789409487946,0.0242713454008003,0.0234953926686504,0.0225857902139834,0.0212538899575037,0.0195023409998131,0.0176285178692483,0.015815650024099,0.0142609915728993,0.0129159237281343,0.0117858485773057,0.0109187615901397,0.0101295373834064,0.0094122544381135,0.0088636308978004,0.0080822501065743,0.0074956041811533,0.0069370594993708,0.0063349864586807,0.0057901028250995,0.0053075509703837,0.0049176397220064,0.0046156162818293,0.004319540332219,0.0040355151931892,0.0038136919751522,0.0036047506580807,0.0033418663807161,0.0031485339799355,0.0029423196781893,0.0027630119276533,0.0025877557427436,0.0024313549209407,0.0022529302039386,0.0021287341345494,0.0020044861220112,0.0018741607610336,0.0017233697993285,0.001634131469253,0.0015476461260773,0.0014413964146864,0.0013691694659262,0.0012738537874113,0.0011824857882245,0.0011078434830333,0.0010104500785562,0.0009522737516152,0.0008828777044784,0.0008334797697277,0.0008072484794552,0.0007539028653762,0.000698375639037,0.0006396798806055,0.0006078906733842,0.0005658167226501,0.0005349624921117,0.0004943429495512,0.0004704491009861,0.0004387637800629,0.0004176229183977,0.0004009491675513,0.0003838598715123,0.0003711857431431,0.0003566936045569,0.0003286443040675,0.0003155026873567,0.0003008547193233,0.0002970628694424,0.0002870897848239,0.0003411626029896,0.00023950986029,0.0,0.0,0.0,0.0,0.0,0.0,0.0,0.0,0.0,0.0,0.0,0.0,0.0,0.0,0.0,0.0,0.0,0.0,0.0,0.0,0.0,0.0,0.0,0.0,0.0,0.0,0.0,0.0,0.0,0.0,0.0,0.0,0.0,0.0,0.0,0.0,0.0,0.0,0.0,0.0,0.0,0.0,0.0,0.0,0.0,0.0,0.0,0.0,0.0,0.0,0.0,0.0,0.0,0.0,0.0,0.0,0.0,0.0,0.0,0.0,0.0,0.0,0.0,0.0,0.0,0.0,0.0,0.0,0.0,0.0,0.0,0.0,0.0,0.0,0.0,0.0,0.0,0.0,0.0,0.0,0.0,0.0,0.0,0.0,0.0,0.0,0.0,0.0,0.0,0.0,0.0,0.0,0.0,0.0,0.0,0.0,0.0,0.0,0.0,0.0,0.0,0.0,0.0,0.0,0.0,0.0,0.0,0.0
HNGK039,0.0,0.0,0.0,0.0,0.0,0.0,0.0,0.0,0.0,0.0,0.0,0.0,0.0,0.0,0.0,0.0,0.0,0.0,0.0,0.0,0.0,0.0,0.0,0.0,0.0,0.0,0.0,0.0,0.0,0.0,0.0,0.0,0.0,0.0,1.7705879526879042e-05,1.7595562520481042e-05,1.9140000610053044e-05,1.6189020688906538e-05,1.660270946289904e-05,1.9967378158038046e-05,2.3662997872371056e-05,2.771714785749757e-05,3.055781077224607e-05,0.000484788084616,0.0003922596954996,0.0003692310204141,0.0003720441040772,0.0004189288317964,0.0004740873349954,0.0005942225549628,0.0006760777737101,0.0007427092455745,0.0007545131652591,0.0007157367375102,0.0006770154682645,0.0006141347746176,0.000603985610029,0.0006492431619038,0.0007295815218131,0.000869794436945,0.0010523690825337,0.0012158037275123,0.0012393012498751,0.0010864570375107,0.0009428242951805,0.000934385044191,0.0009628468318417,0.0010586019933952,0.0011658577028656,0.0013846990643076,0.00180941953894,0.0024564839399674,0.0029190983062974,0.0028294381593475,0.0022146966411946,0.001739175185116,0.0016076773134896,0.001698964636284,0.0018838007805038,0.0021735759770597,0.0026823580105673,0.0035064812068636,0.0046358791391147,0.0057457509612334,0.0059488445700121,0.0051551688674817,0.0045204323919192,0.0045790383015681,0.0053486097382006,0.0064496286205558,0.0079254771113999,0.0090828128255213,0.0095301758657168,0.0094765342213558,0.0093858812213482,0.009443880387462,0.0092176477865913,0.009322338625663,0.0098400011781856,0.0106410956993963,0.011617925211799,0.0128073631747822,0.0136934845286741,0.0137568616488498,0.0132840153801763,0.013327149329678,0.0139556804736306,0.0151269161305581,0.0166029576761634,0.018403110586566,0.0199481278404215,0.0211906007042306,0.0227659551348457,0.0252275136571074,0.0286625646023284,0.0312786220920506,0.0315155830217935,0.0303771390950177,0.0288523098533329,0.0271522144677334,0.0253457734879661,0.0237467836387303,0.0225216581241773,0.0218098927988974,0.0211913453440238,0.0204355083746879,0.0195290886916187,0.0181871374672903,0.0166345359192448,0.0151423880907055,0.0136997450187872,0.0125362315523075,0.0115288718083842,0.0106976331651752,0.0099954929987036,0.0094072827205894,0.0088126740561042,0.0083645112176123,0.0076480574195605,0.0071008299093232,0.0065419087964078,0.0060315271663074,0.0055667616183526,0.0051586162739316,0.0048117520265647,0.0044804148978483,0.0041568275388314,0.0039502865236027,0.0037210477843077,0.0035258969999896,0.0033389648326482,0.0031306311660656,0.0028698417629407,0.0027179904036339,0.0025392768532691,0.002371539845041,0.0022130694653502,0.0020884664066237,0.001981293434908,0.0018520570619128,0.0017536542922058,0.0016762117537144,0.0015388119222457,0.0014583908245815,0.0013584436167849,0.0012522634981269,0.0011801713344458,0.0011075000064811,0.0010368143846316,0.0009785670052534,0.0009129559656982,0.0008530814104757,0.0008097268269613,0.0007542373727431,0.0007144680919366,0.0006849582927251,0.000638073565006,0.0005970907971291,0.000560189758489,0.0005131395552602,0.0004868841077375,0.0004736460669698,0.0004461495531251,0.0004369656623424,0.0004200320018603,0.0004048082549774,0.000361453671463,0.0003429755728913,0.000339279953177,0.0003217395491597,0.0003209121716117,0.0003043094621488,0.0002925607009674,0.000293553554025,0.0002781091731293,0.0002685115935727,0.0002676842160247,0.0002596862330608,0.0002484890569114,0.0002370712467493,0.0002350303821309,0.000294105139057,0.0002165522835592,0.0,0.0,0.0,0.0,0.0,0.0,0.0,0.0,0.0,0.0,0.0,0.0,0.0,0.0,0.0,0.0,0.0,0.0,0.0,0.0,0.0,0.0,0.0,0.0,0.0,0.0,0.0,0.0,0.0,0.0,0.0,0.0,0.0,0.0,0.0,0.0,0.0,0.0,0.0,0.0,0.0,0.0,0.0,0.0,0.0,0.0,0.0,0.0,0.0,0.0,0.0,0.0,0.0,0.0,0.0,0.0,0.0,0.0,0.0,0.0,0.0,0.0,0.0,0.0,0.0,0.0,2.7579251599500064e-08,0.0,0.0,0.0,0.0,0.0,0.0,0.0,0.0,0.0,0.0,0.0,0.0,0.0,0.0,0.0,0.0,0.0,0.0,0.0,0.0,0.0,0.0,0.0,0.0,0.0,0.0,0.0,0.0,0.0,0.0,0.0
HNGK040,0.0,0.0,0.0,0.0,0.0,0.0,0.0,0.0,0.0,0.0,0.0,0.0,0.0,0.0,0.0,0.0,0.0,0.0,0.0,0.0,0.0,0.0,0.0,0.0,0.0,0.0,0.0,0.0,0.0,0.0,0.0,0.0,0.0,0.0,0.0,0.0,0.0,0.0,0.0,0.0,0.0,1.656258891069457e-05,2.0910268499751896e-05,0.0003478143671245,0.0002964703415014,0.0002685209727146,0.000281149946759,0.0003116872200631,0.000377212962441,0.0004666509425588,0.0005354892027188,0.0005522070659006,0.0005627139582408,0.0005514306945454,0.0005092996090038,0.0004777271738928,0.0004833170476502,0.0005208934212413,0.0005648877980353,0.0006596051033684,0.0007729553212259,0.0008490397140344,0.0008561823305022,0.0007601193148201,0.0006749254981108,0.0006752360466528,0.0007075330950287,0.0007807190347778,0.0008319595442203,0.0009735696794067,0.0012095865713841,0.0015639224578923,0.001841138789785,0.0017841013742238,0.001431007681884,0.0011617620959045,0.0010957187726231,0.0011920923368472,0.0013058566194275,0.0015024338465613,0.0018703303527401,0.0023870313686635,0.0032436795219788,0.0040443771796302,0.0042790483612586,0.0037440767394432,0.0033156232675596,0.0034324412774704,0.0040747074205729,0.0051037617728305,0.0064220403339411,0.0074134665545172,0.007797666859155,0.0078676437973026,0.0079729197530662,0.0081012280590338,0.0080862699709238,0.0081274694108392,0.0085275076911228,0.0092694081581412,0.010195256878249,0.0114333621574138,0.0124302229774762,0.0126101340995186,0.0120628440522009,0.0120960209881126,0.0128020530985213,0.0141407761053186,0.0157369438534964,0.0174602294715638,0.0190065024206482,0.0201402116315852,0.0213511439133184,0.0234897882064118,0.0266818131542254,0.0292269654888957,0.030346337708807,0.0301154966258642,0.0290505221589065,0.0278540303843799,0.0264531459110772,0.0249784544009412,0.0239805584190719,0.0235169094457531,0.0230516042135433,0.0226879518707728,0.0219905116033616,0.0207579961979542,0.0192705204395027,0.017661206136377,0.0161348600520758,0.0147907542038826,0.0136322528676699,0.0126490561834588,0.0119531686587579,0.0113653002686089,0.0107476192184207,0.0102071094809382,0.0096167567024527,0.0090538357118504,0.0082141124540782,0.0075096848444703,0.0068663317814705,0.0064127756357692,0.0058742327057199,0.005525486692969,0.0051694945475698,0.0049217803271742,0.0046802770776202,0.0044027501971853,0.0041773954718192,0.0038896204894959,0.0036816047243956,0.0033528890926087,0.0030798134079436,0.0028700896258619,0.0026835534682552,0.0024958786326609,0.0023892569665483,0.0022205255920206,0.0021048980181878,0.0019924794459565,0.0018390684661712,0.0017514420192156,0.0015993767497792,0.0014921857446728,0.0013685874249268,0.0012890869981554,0.0012045660366206,0.0011422492958441,0.0010586599799354,0.0010059702439633,0.0009368214352611,0.0008632214307892,0.000814568825864,0.000749767696751,0.0007029783830782,0.0006577935702063,0.0006290678300643,0.0005860050988965,0.0005465654340529,0.0005275184568056,0.000493461633358,0.0004715162030513,0.0004450160607942,0.0004193440479826,0.0004034025561561,0.0003763848329955,0.0003513339172681,0.0003461581082335,0.0003367381357905,0.0003213142248674,0.0003335291341891,0.0003132399627735,0.0002927437589965,0.000289224208853,0.0002828062056501,0.0002843589483604,0.0002773198480734,0.0002599291297172,0.0002648979063904,0.0003363240710677,0.0002351887625318,0.0,0.0,0.0,0.0,0.0,0.0,0.0,0.0,0.0,0.0,0.0,0.0,0.0,0.0,0.0,0.0,0.0,0.0,0.0,0.0,0.0,0.0,0.0,0.0,0.0,0.0,0.0,0.0,0.0,0.0,0.0,0.0,0.0,0.0,0.0,0.0,0.0,0.0,0.0,0.0,0.0,0.0,0.0,0.0,0.0,0.0,0.0,0.0,0.0,0.0,0.0,0.0,0.0,0.0,0.0,0.0,0.0,0.0,0.0,0.0,0.0,0.0,0.0,0.0,0.0,0.0,0.0,0.0,0.0,0.0,0.0,0.0,0.0,0.0,0.0,0.0,0.0,0.0,0.0,0.0,0.0,0.0,0.0,0.0,0.0,0.0,0.0,0.0,0.0,0.0,0.0,0.0,0.0,0.0,0.0,0.0,0.0,0.0
HNGK041,0.0,0.0,0.0,0.0,0.0,0.0,0.0,0.0,0.0,0.0,0.0,0.0,0.0,0.0,0.0,0.0,0.0,0.0,0.0,0.0,0.0,0.0,0.0,0.0,0.0,0.0,0.0,0.0,0.0,0.0,0.0,0.0,0.0,0.0,0.0,0.0,0.0,0.0,0.0,1.973157193035906e-05,2.008392142911548e-05,2.0671170593709493e-05,2.6073862907974475e-05,0.000404967023904,0.0003464770071104,0.0003144132027236,0.000318171597377,0.0003559904435768,0.0004143630105375,0.0005138430190197,0.0006047491896989,0.0006617123586645,0.0006807392315973,0.0006662929021483,0.0005950008535666,0.0005710410876512,0.0005796149254542,0.0006251854606267,0.0007044640978469,0.0007995984625112,0.0009798839560415,0.001122468053205,0.0010979797630414,0.000967669173418,0.0008768804525717,0.0008777026014022,0.0009218050136632,0.0009796490563757,0.0010693807287257,0.0012630555032088,0.0015651364734759,0.0019726873937042,0.0022556240412056,0.0021993655712375,0.0017825948391251,0.0014742890277132,0.0013881395752673,0.0015127538479941,0.0016682574267786,0.0019145497264094,0.0022879227452583,0.0028547356389244,0.0037226899041944,0.0045585803650775,0.0048729935678011,0.0042877410503667,0.0038480088759187,0.0039670442815819,0.0046826073886397,0.0057267364032879,0.0070923256106348,0.0081732751479031,0.0085684351107584,0.0087356836728348,0.0087408514654832,0.0088644086897138,0.0087918246929699,0.0089869088654481,0.0092472951450291,0.0099417760070779,0.0107753174713027,0.0118230287058549,0.0127404880757001,0.0129701024990564,0.0126829376575699,0.0127620988449572,0.0133812356391887,0.0147354322127425,0.0161401322144514,0.0178454450635159,0.0193719405419616,0.0206474457274598,0.0221590838020413,0.0245059076385084,0.0275463901881939,0.030249087018405,0.0312536354393595,0.0308589452758359,0.0297087003371456,0.0285290342153091,0.0270247367552851,0.0256484596131425,0.0243997329895498,0.0236264432896124,0.0228074656046696,0.0222225654367339,0.021240215034201,0.0196925198609135,0.0180838682243411,0.0163654597189061,0.0148911119662763,0.0135520664211691,0.0123965949649139,0.0114534728065759,0.010711189862529,0.010066037930306,0.0094545941001307,0.0088597694213135,0.0083694163688775,0.0076135679691285,0.0069798086706986,0.0064766535864745,0.005903146052332,0.0054317024229959,0.0051262741324905,0.0047528423887252,0.0044613319034207,0.0042148634290406,0.003934451952947,0.0037193425839562,0.0035284278805467,0.0032831926294122,0.0030802393181285,0.0028131583980711,0.002625356115234,0.0024578726534918,0.0023275033389519,0.0021835098437934,0.0020580734222362,0.0019368651946639,0.0018312777948699,0.0017407239736895,0.0015967304785311,0.0015291968246028,0.0014095154448585,0.0012856058711292,0.00124097493462,0.0011593473007415,0.0010827700096784,0.0010171155530768,0.000973424215231,0.0009029543154797,0.0008505716899979,0.0007949004691944,0.0007365279022338,0.000701527852024,0.0006541955693577,0.0006211921663075,0.0005659907448357,0.0005516618652196,0.0005077356277079,0.0004884738551093,0.0004638093901963,0.0004429033199368,0.0004239938968368,0.0003947488884401,0.0003703193231929,0.0003535239970855,0.0003492958031005,0.00032392663919,0.0003214601926987,0.0003027856692646,0.0002925675338007,0.0002962084786212,0.0002711916642095,0.0002851681943268,0.0002656715220623,0.0002594466809176,0.0002504030437828,0.0003179366977112,0.000227030527032,0.0,0.0,0.0,0.0,0.0,0.0,0.0,0.0,0.0,0.0,0.0,0.0,0.0,0.0,0.0,0.0,0.0,0.0,0.0,0.0,0.0,0.0,0.0,0.0,0.0,0.0,0.0,0.0,0.0,0.0,0.0,0.0,0.0,0.0,0.0,0.0,0.0,0.0,0.0,0.0,0.0,0.0,0.0,0.0,0.0,0.0,0.0,0.0,0.0,0.0,0.0,0.0,0.0,0.0,0.0,0.0,0.0,0.0,0.0,0.0,0.0,0.0,0.0,0.0,0.0,0.0,0.0,0.0,0.0,0.0,0.0,0.0,0.0,0.0,0.0,0.0,0.0,0.0,0.0,0.0,0.0,0.0,0.0,0.0,0.0,0.0,0.0,0.0,0.0,0.0,0.0,0.0,0.0,0.0,0.0,0.0,0.0,0.0,0.0,0.0
HNGK042,0.0,0.0,0.0,0.0,0.0,0.0,0.0,0.0,0.0,0.0,0.0,0.0,0.0,0.0,0.0,0.0,0.0,0.0,0.0,0.0,0.0,0.0,0.0,0.0,0.0,0.0,0.0,0.0,0.0,0.0,0.0,0.0,0.0,0.0,0.0,0.0,0.0,0.0,0.0,0.0,1.830721288168728e-05,1.9985374062508605e-05,2.288401610210909e-05,0.0003239613879521,0.0002669039078042,0.0002415789299845,0.0002586656620075,0.0002822361985926,0.0003271651502064,0.0003944441575466,0.0004828527397545,0.0005225946477184,0.000539528819634,0.0005184755248201,0.0004788098969097,0.0004489843959233,0.0004514253576409,0.0004807931783053,0.0005365538975407,0.0006319039646329,0.0007585288537312,0.0008522007596425,0.0008893491457816,0.0007803449490819,0.0007027681344957,0.0006930042876255,0.0007245079497927,0.0008038392056134,0.0008708130927389,0.0010062101880097,0.0012548068829323,0.001606686770529,0.0018833545252035,0.0018394934943412,0.0014920378498575,0.0012734573560555,0.0012422969541298,0.00132078912936,0.0014887578075495,0.0016798393420021,0.0020411779562544,0.0025750620519166,0.0033914111863325,0.0041470413980242,0.0044688288044467,0.0040714478648335,0.0036612900162301,0.0037382565903868,0.0043037969083236,0.0051675922361246,0.0063347533373858,0.0072631960106752,0.0077437603488195,0.0079898779419977,0.0082548367084333,0.0084958435380153,0.0085903163844902,0.0087234250781508,0.0091670317302902,0.0096498844700447,0.0103949117542757,0.0114359819268143,0.0123199151887851,0.012664739171417,0.0122982135135149,0.0125059622396952,0.0131675391452072,0.0144737587843156,0.0159119429162795,0.0173814018702496,0.0187432296684861,0.0197798374578848,0.0211227096627834,0.0233515365510751,0.0264944273225388,0.0291407349445867,0.0301971374079137,0.0300075814745346,0.0291331069392193,0.0279278820911749,0.0265700208557294,0.0252319161541854,0.0242696432770917,0.0237144770464546,0.0233986013441918,0.0230619011872761,0.022315272021918,0.020967098353289,0.0193347814847256,0.0175678303214281,0.0160699570474645,0.014601299034058,0.0135088161053433,0.0124791498008289,0.0118441183539954,0.0112620634044382,0.0107111688568068,0.01013815309361,0.0095138008542908,0.008832543694931,0.007935566543782,0.0072697179552643,0.0066828955023525,0.0061414596813766,0.0057048326541484,0.0053319757517914,0.0050396705861138,0.0047718513176654,0.0045002561865602,0.0042661145618088,0.0039976087728774,0.0037452743553248,0.0035160527940353,0.0031564686210175,0.0029578353612512,0.0027623295836855,0.0025722396899307,0.002423951265589,0.0022851215679029,0.0021290525780865,0.0020062416916719,0.0018758790799435,0.0017678665239416,0.0015680127833165,0.0014788414005719,0.0013585477559285,0.0012824202623621,0.0011837138729084,0.0011101799011669,0.0010422143733437,0.0009798935694923,0.0009043763163553,0.0008396145507863,0.0007818705501553,0.0007209227872701,0.0006703491116844,0.0006300732433447,0.0005872801332337,0.0005567681117643,0.0005101609989696,0.000474080533582,0.000456307281076,0.0004370084274966,0.0004170993334877,0.0003928422764195,0.0003768997452017,0.000341048119975,0.0003308265927828,0.0003093156176468,0.0003119091394717,0.000293373086429,0.0002858213611153,0.0002669801878579,0.0002762863544061,0.000253860018626,0.000249664615674,0.0002520292973378,0.0002464608534197,0.0002382226076229,0.0002253312785521,0.0002839143597735,0.0002000825807861,0.0,0.0,0.0,0.0,0.0,0.0,0.0,0.0,0.0,0.0,0.0,0.0,0.0,0.0,0.0,0.0,0.0,0.0,0.0,0.0,0.0,0.0,0.0,0.0,0.0,0.0,0.0,0.0,0.0,0.0,0.0,0.0,0.0,0.0,0.0,0.0,0.0,0.0,0.0,0.0,0.0,0.0,0.0,0.0,0.0,0.0,0.0,0.0,0.0,0.0,0.0,0.0,0.0,0.0,0.0,0.0,0.0,0.0,0.0,0.0,0.0,0.0,0.0,0.0,0.0,0.0,0.0,0.0,0.0,0.0,0.0,0.0,0.0,0.0,0.0,0.0,0.0,0.0,0.0,0.0,0.0,0.0,0.0,0.0,0.0,0.0,0.0,0.0,0.0,0.0,0.0,0.0,0.0,0.0,0.0,0.0,0.0,0.0,0.0
HNGK043,0.0,0.0,0.0,0.0,0.0,0.0,0.0,0.0,0.0,0.0,0.0,0.0,0.0,0.0,0.0,0.0,0.0,0.0,0.0,0.0,0.0,0.0,0.0,0.0,0.0,0.0,0.0,0.0,0.0,0.0,0.0,0.0,0.0,0.0,0.0,0.0,0.0,0.0,0.0,0.0,0.0,0.0,0.0,0.0,0.0,0.0,0.0003177354543865,0.0003645330471385,0.0004060280349564,0.0004999598937896,0.0005683466637735,0.0006403947562118,0.0006672023700455,0.0006555029718575,0.0006204047772935,0.0005879158010304,0.0006099679040898,0.0006491903469359,0.0007256993609856,0.0007994308200697,0.0009288817151284,0.0010538716885758,0.0010506732919488,0.0009749217928898,0.0008947093722195,0.0009022845221254,0.0009229057635359,0.001018268484018,0.0010785330099361,0.0012190099565245,0.0014890219665038,0.0018232123298526,0.0021166652203741,0.002044995885431,0.0016929618356372,0.0014733666566983,0.0014310299855575,0.0015687714613465,0.0017585710506556,0.001958428755673,0.0023457714208616,0.0029586431324153,0.0038398014031366,0.0046276590775167,0.0048289055600169,0.0043441380502052,0.0041507613067739,0.0044285588874899,0.0052444446165219,0.0063010517758971,0.0075325186456002,0.0085087450476405,0.0090088732780947,0.0092143702613754,0.0094342179453112,0.0095986828666016,0.0095899293600437,0.0099349353540915,0.0105029032603697,0.0111842459102396,0.0121235224144056,0.0133006165414508,0.0142096766143254,0.0144869691850476,0.0143796545613807,0.0147319832003375,0.0156045142169992,0.0171016584275689,0.0189550451045467,0.0206842414072339,0.0223484597573948,0.0238924015607165,0.0257836639872239,0.028858922344024,0.0328461866653289,0.0358882826992077,0.0363363528161419,0.0352022266227296,0.0330555553918949,0.0309046757444457,0.0286999704484985,0.0266593934005125,0.0249160989021671,0.0235711310363739,0.0223375178741974,0.0211530169339109,0.0196370611010749,0.0179026463617859,0.015893969111737,0.0141457507659528,0.0125601877223148,0.0112324322804744,0.010132183840808,0.0092808211597167,0.0083643963577669,0.0077066208409375,0.0071484164612047,0.0066260677910265,0.0061109155132589,0.0055856630356167,0.0050236710809309,0.0045950859329213,0.0041807252330684,0.003847250300544,0.0035354907977499,0.0032259196715953,0.0029881441328822,0.0028449737996606,0.0026369938505774,0.0024762323359077,0.00233945879594,0.0021700279430446,0.0020186932815911,0.0018998475964007,0.0016941401922892,0.0016143065291142,0.0014876752731872,0.0014106612491439,0.0013206011335959,0.0012243125614586,0.0011655630655217,0.0010767654749581,0.0009792143778365,0.0009171823169404,0.0008465650861509,0.0007919398384961,0.0007174508644213,0.0006765450549295,0.0006157755190177,0.0005778156011559,0.0005351422566859,0.0005115751236453,0.0004738677107804,0.0004327093962916,0.0003986212217151,0.0003752224253391,0.0003376833491387,0.0003210180193457,0.0002998075996092,0.0002896232314023,0.0002617635134151,0.0002579759384621,0.0002442985844654,0.0002373546970516,0.0002317154187883,0.0002607955775938,0.0001802885677605,0.0,0.0,0.0,0.0,0.0,0.0,0.0,0.0,0.0,0.0,0.0,0.0,0.0,0.0,0.0,0.0,0.0,0.0,0.0,0.0,0.0,0.0,0.0,0.0,0.0,0.0,0.0,0.0,0.0,0.0,0.0,0.0,0.0,0.0,0.0,0.0,0.0,0.0,0.0,0.0,0.0,0.0,0.0,0.0,0.0,0.0,0.0,0.0,0.0,0.0,0.0,0.0,0.0,0.0,0.0,8.416833228782238e-08,0.0,0.0,0.0,0.0,0.0,0.0,0.0,0.0,0.0,0.0,0.0,0.0,0.0,0.0,0.0,0.0,0.0,0.0,0.0,0.0,0.0,0.0,0.0,0.0,0.0,0.0,0.0,0.0,0.0,0.0,0.0,0.0,0.0,0.0,0.0,0.0,0.0,0.0,0.0,0.0,0.0,0.0,0.0,0.0,0.0,0.0,0.0,0.0,0.0,0.0,0.0,0.0,0.0,0.0,0.0,0.0,0.0,0.0
HNGK044,0.0,0.0,0.0,0.0,0.0,0.0,0.0,0.0,0.0,0.0,0.0,0.0,0.0,0.0,0.0,0.0,0.0,0.0,0.0,0.0,0.0,0.0,0.0,0.0,0.0,0.0,0.0,0.0,0.0,0.0,0.0,0.0,0.0,0.0,0.0,0.0,0.0,0.0,0.0,0.0,0.0,0.0,0.0,0.0,0.0,0.0,0.0,0.0,0.0002387482849887,0.0002984150060582,0.0003505928617274,0.0003904792100549,0.0003995146889617,0.0003873045823309,0.0003600353441886,0.0003415573828206,0.0003525057784329,0.0003812809297263,0.0004250745121757,0.0004892182723431,0.0005850269090399,0.0006432284173137,0.0006572293395838,0.0005856781147269,0.0005398902148612,0.000537814496734,0.0005405007201927,0.0006009814483709,0.0006405828942104,0.0007550729940524,0.0009241422705344,0.0012311043512342,0.0014330595149087,0.0014101859151535,0.0011526747663087,0.0009529581221832,0.0009170604086885,0.0009956934953912,0.0010995608024644,0.0013107956471783,0.0015953318320328,0.0020747413187159,0.0027782876627861,0.0034459362933616,0.0036886732131831,0.003252080500419,0.002884922594029,0.0029323792084676,0.0035472394780423,0.0043465130580985,0.0054901116451449,0.0064299235525223,0.0069153159914545,0.0070219509226974,0.0072862997312555,0.0074251286436484,0.0074287102749268,0.0074706723413815,0.0078724662502477,0.0085841119650497,0.0095401226138907,0.0108724487490949,0.0119971216708635,0.0122681453377132,0.0118600428737544,0.0119077436903256,0.012488334260623,0.0136915588683835,0.0151549401480923,0.0170216212498183,0.0186124353423978,0.0200988937236388,0.0214471336978185,0.0237058813234616,0.0268499023801974,0.0294774766268033,0.0305917709579357,0.0307464323085933,0.0301359269770502,0.0293436538581291,0.0282326155554316,0.0270426999638987,0.0259870141445945,0.0254738233628994,0.0249966116954099,0.0246351925391364,0.0238266799783962,0.0224853997649961,0.0208015853602449,0.0188967680254751,0.0172807197125252,0.0158479858004599,0.0146704431169797,0.0136054369162805,0.0126858937859104,0.0119778297023867,0.0112871039702789,0.0106737496138553,0.0099662960356632,0.0092886351176504,0.0083789007729404,0.0077012398549276,0.0071121836106994,0.0065329768524868,0.0060584921088115,0.0056100962929709,0.0052807083164257,0.0049617803312276,0.0046562020626126,0.0043965337949296,0.0041136256242925,0.0038678361778133,0.0035265229971253,0.0032779252261209,0.0030400723489518,0.0028476410684494,0.0026112127037205,0.0024481263794876,0.0022814177236209,0.0021734803810041,0.0020376225945581,0.0018665183003043,0.0017501966844676,0.0016399801219464,0.001532368382173,0.0014037552589946,0.0013055860016825,0.0012088005564552,0.0011296790654872,0.0010291491875598,0.0009707848778643,0.0009059899120099,0.0008477884037361,0.0007984595729474,0.0007341530113582,0.0006887314146914,0.0006205990196912,0.0005853525118834,0.0005370818903361,0.0005053356130959,0.0004785547792188,0.0004416802571936,0.0004179926503298,0.000398700681853,0.0003626401669365,0.0003510812659926,0.0003168929674262,0.0003024036408909,0.0002954031797559,0.0002719597750247,0.000266668728818,0.0002578774520437,0.0002507955901978,0.0002474581610521,0.0002847396866316,0.0002074090113028,0.0,0.0,0.0,0.0,0.0,0.0,0.0,0.0,0.0,0.0,0.0,0.0,0.0,0.0,0.0,0.0,0.0,0.0,0.0,0.0,0.0,0.0,0.0,0.0,0.0,0.0,0.0,0.0,0.0,0.0,0.0,0.0,0.0,0.0,0.0,0.0,0.0,0.0,0.0,0.0,0.0,0.0,0.0,0.0,0.0,0.0,0.0,0.0,0.0,0.0,0.0,0.0,0.0,0.0,0.0,0.0,0.0,0.0,0.0,0.0,0.0,0.0,0.0,0.0,0.0,0.0,0.0,0.0,0.0,0.0,0.0,0.0,0.0,0.0,0.0,0.0,0.0,0.0,0.0,0.0,0.0,0.0,0.0,0.0,0.0,0.0,0.0,0.0,0.0,0.0,0.0,0.0,0.0,0.0,0.0,0.0,0.0,0.0,0.0,0.0,0.0,0.0,0.0,0.0,0.0
HNGK045,0.0,0.0,0.0,0.0,0.0,0.0,0.0,0.0,0.0,0.0,0.0,0.0,0.0,0.0,0.0,0.0,0.0,0.0,0.0,0.0,0.0,0.0,0.0,0.0,0.0,5.8168893265257895e-08,0.0,0.0,0.0,0.0,0.0,0.0,0.0,0.0,0.0,0.0,0.0,0.0,0.0,0.0,0.0,0.0,0.0,0.0,0.0,0.0,0.0,0.0,0.0,0.0,0.0004000274789851,0.0004274250277131,0.0004317004413681,0.0004105560486661,0.0003868813091072,0.0003691979655545,0.0003685581077286,0.0004003764923447,0.00044429400676,0.0005394001472487,0.0006437551417666,0.0007403736734802,0.000737930579963,0.0006504445644921,0.0005889018754174,0.0006125766149764,0.0006265953182533,0.00067784211322,0.0007518329454534,0.000889460546919,0.0011135271237768,0.0014066401769404,0.0016334406917817,0.0016067411697729,0.0012834966298979,0.0010765026232134,0.0010358716512677,0.0011244919601573,0.0012286433635487,0.0014466022066136,0.0017623429592575,0.0022683541617719,0.0029838897178279,0.0036466660876922,0.0038297817636913,0.0034347568095269,0.0031272469552801,0.0032876767629057,0.0039508893994695,0.0048141739444192,0.0059255488191452,0.0068723638948238,0.0073732853191776,0.0075732408897769,0.0077240728300137,0.0078995102121018,0.0079642812747526,0.0081069986543789,0.0086242364532936,0.0093032710288256,0.0102967957257962,0.0113656491395453,0.0123910503900253,0.0126913473015072,0.0125562500468986,0.0127447463455247,0.0135170547414075,0.0148118361365989,0.0164052566298141,0.018104311833199,0.0197931583958159,0.0212582583104879,0.023281343333807,0.0261509602608153,0.029959335871785,0.0331383531420712,0.034094969676265,0.0335936701541051,0.0322772208461724,0.0309414012967824,0.0295205969943318,0.0280363304293288,0.0269252463990692,0.0262455719657112,0.025556183327178,0.0247243972379315,0.0234357526609796,0.0215874069930294,0.0195674340055001,0.0175363216749104,0.0157323007036283,0.0141832630759745,0.0130778214283616,0.0120857509537226,0.0111874196505806,0.0104266577800109,0.0096853534042385,0.0088300379976661,0.0081803496287864,0.0074246775363775,0.0067258946215819,0.0061262315009104,0.00560817933749,0.0051916900617107,0.0047911390626862,0.0044768816168206,0.0041584941795332,0.0038763750471967,0.0036516104436198,0.0033728069381994,0.0031289629376314,0.002891808359789,0.002705522479107,0.0025089407043171,0.0023373424691845,0.0021738878791092,0.0020417281536105,0.0019231799491359,0.0017493712960593,0.0016660152720102,0.0015353679377364,0.0014595738698118,0.0013737165833523,0.0012812862119538,0.0011841441602008,0.0010897942153246,0.0010223764680301,0.0009511777426734,0.0008935905383408,0.0008400751565368,0.0007719012136299,0.0007267621524561,0.0006697566370561,0.0006477106265086,0.0005922756712268,0.0005680774116285,0.0005158999143695,0.0004889095478944,0.0004449338645859,0.0004226551784653,0.0004136390000092,0.0003839728644439,0.0003671620542903,0.0003424984435458,0.0003294104425611,0.0003102147077836,0.0002983482535575,0.0002852020836795,0.0002786871676338,0.000324349748847,0.0002318612085553,0.0,0.0,0.0,0.0,0.0,0.0,0.0,0.0,0.0,0.0,0.0,0.0,0.0,0.0,0.0,0.0,0.0,0.0,0.0,0.0,0.0,0.0,0.0,0.0,0.0,0.0,0.0,0.0,0.0,0.0,0.0,0.0,2.9084446632628944e-08,0.0,0.0,0.0,0.0,0.0,0.0,0.0,0.0,0.0,0.0,0.0,0.0,0.0,0.0,0.0,0.0,0.0,0.0,0.0,0.0,0.0,0.0,0.0,0.0,0.0,0.0,0.0,0.0,0.0,0.0,0.0,0.0,0.0,0.0,0.0,0.0,0.0,0.0,0.0,0.0,0.0,0.0,0.0,0.0,0.0,0.0,0.0,0.0,0.0,0.0,0.0,0.0,0.0,0.0,0.0,0.0,0.0,0.0,0.0,0.0,0.0,0.0,0.0,0.0,0.0,0.0,0.0,0.0,0.0,0.0,0.0,0.0,0.0,0.0,0.0,0.0,0.0
HNGK046,0.0,0.0,0.0,0.0,0.0,0.0,0.0,0.0,0.0,0.0,0.0,0.0,0.0,0.0,0.0,0.0,0.0,0.0,0.0,0.0,0.0,0.0,0.0,0.0,0.0,0.0,0.0,0.0,0.0,0.0,0.0,0.0,0.0,1.5170627609173796e-05,2.1393680975385903e-05,2.031006471758777e-05,1.857627870511077e-05,1.8700120563144843e-05,2.185808794301368e-05,2.346803209745661e-05,2.89789947799728e-05,3.399459003035271e-05,3.808137134547709e-05,0.0005785272398061,0.0004814352231074,0.0004493601818766,0.0004678126187237,0.0005228603246198,0.0005935121046282,0.0007183446975266,0.0008720324433469,0.0009621893159957,0.0009956266176649,0.0009602388067316,0.0008704844201214,0.0008094303841106,0.000825096379152,0.0008826209222088,0.0009555637765908,0.001126775145323,0.0013854188658271,0.0016038139824702,0.0015924824524601,0.0013621985174457,0.0011817918907546,0.0011891914417721,0.0012510504498601,0.0013454798666111,0.0014367513159822,0.0017106895059536,0.0021940442778606,0.0029262283030225,0.0034212551700492,0.0032576600755862,0.0025936819537365,0.0021263956629095,0.0020912555356923,0.0022433023768936,0.0024997788648822,0.0029318631075631,0.0035905469899818,0.0044997319907389,0.0058170687951119,0.0069313049523089,0.0071629511477616,0.0063705490191306,0.0058236943345167,0.0061002641639713,0.0069996037370147,0.0082879305861432,0.0097372518507159,0.0108689806703603,0.0114214082385857,0.0112741912298477,0.0112062949311806,0.0113099505663551,0.0111783066712649,0.011329672382247,0.0118800255993504,0.0125901348133178,0.013404890397324,0.0143577296530381,0.01533685434312,0.0154581574430644,0.0150635972833678,0.0153056152344309,0.0160449820873588,0.0174298746252893,0.0189848329947651,0.0206065421257213,0.0219607528433239,0.023160842368603,0.0247969790760202,0.0272576239137637,0.0306159054990026,0.0327198238646789,0.0325142154198779,0.0310552344903785,0.0290686562851894,0.0269921998515321,0.0248007872131547,0.0227728148669178,0.0211846978399534,0.0200756630407937,0.0190183322173633,0.0179081209205524,0.0167956495098323,0.0152975964741232,0.0138780282159431,0.012427220849074,0.0111831984246572,0.0100074128640172,0.0091213553302479,0.0083917410236402,0.0075274177359559,0.0069961361649898,0.0065397169972052,0.0060667959018376,0.0056435973124706,0.0051711406240707,0.0047574468973078,0.0043277156499296,0.0039259107415381,0.0036337058775067,0.003369675036178,0.0031364188965709,0.002936971584207,0.002711703244443,0.0025414206896462,0.0023926556576827,0.0022912601364173,0.0021167050375183,0.0019968880398703,0.0018441600684498,0.00175028794006,0.0016566325349217,0.0015462275184844,0.0014124163908785,0.0013365013319037,0.0012647968961019,0.0012108018459991,0.0011436176380156,0.0010683217883309,0.0010054720453786,0.000945222981445,0.0008825590012798,0.0007954362541528,0.0007573548828073,0.000708808874458,0.0006667026427264,0.00062174804826,0.000592707132551,0.0005758336793939,0.0005083089063008,0.0004842216649132,0.0004524562283274,0.0004192666103743,0.0004084304477963,0.0003740024112628,0.0003714017322441,0.0003420821723546,0.0003320819423183,0.0003169113147091,0.0003118957194588,0.0002920810221733,0.0002798206782279,0.0002657646273411,0.0002407485720182,0.0002452687998364,0.0002469406649199,0.0002398816790119,0.0002372190790642,0.000236537948845,0.0002868796641359,0.0002043390657562,0.0,0.0,0.0,0.0,0.0,0.0,0.0,0.0,0.0,0.0,0.0,0.0,0.0,0.0,0.0,0.0,0.0,0.0,0.0,0.0,0.0,0.0,0.0,0.0,0.0,0.0,0.0,0.0,0.0,0.0,0.0,0.0,0.0,0.0,0.0,0.0,0.0,0.0,0.0,0.0,0.0,0.0,0.0,0.0,0.0,0.0,0.0,0.0,0.0,0.0,0.0,0.0,0.0,0.0,0.0,0.0,0.0,0.0,0.0,0.0,0.0,0.0,0.0,0.0,0.0,0.0,0.0,0.0,0.0,0.0,0.0,0.0,0.0,0.0,0.0,0.0,0.0,0.0,0.0,0.0,0.0,0.0,0.0,0.0,0.0,0.0,0.0,0.0,0.0,0.0,0.0,0.0,0.0,0.0,0.0,0.0,0.0,0.0,0.0,0.0,0.0,0.0,0.0,0.0,0.0,0.0
HNGK047,0.0,0.0,0.0,0.0,0.0,0.0,0.0,0.0,0.0,0.0,0.0,0.0,0.0,0.0,0.0,0.0,0.0,0.0,0.0,0.0,0.0,0.0,0.0,0.0,0.0,0.0,0.0,0.0,0.0,0.0,0.0,0.0,0.0,0.0,0.0,0.0,0.0,1.1052855380060774e-05,1.2512666467993328e-05,1.3659660894226052e-05,1.6579283070091162e-05,1.6162194187824717e-05,1.9603177466522884e-05,0.0002699607790469,0.0002310151046653,0.0002220998298068,0.0002320056907607,0.0002623489069455,0.0003005125396729,0.0003540041888236,0.0004129179934437,0.0004469107373484,0.0004671395481384,0.0004609874871249,0.0004261605654557,0.0004121880878998,0.0004159418878402,0.0004562952371994,0.000500193842058,0.0005617144521923,0.0006694276560376,0.0007488830881094,0.00077109307109,0.0006812104169616,0.0006098882180941,0.0006182299957394,0.0006555594507022,0.0007133262608961,0.0007813117487056,0.0008934043858147,0.0011298937820597,0.0014470898770234,0.0017038602201687,0.0016900441509436,0.0013785830281111,0.0011760342396605,0.001138965465249,0.00121091329744,0.001331451984415,0.0015351999034022,0.0019005176281573,0.0024494065972199,0.0032221680238391,0.0039936260477012,0.0042543065991177,0.003844725316732,0.0034822750780425,0.0035836276764332,0.004206706330429,0.0051788883788818,0.0063851094263964,0.0073387831556986,0.0077376765354762,0.007812179037071,0.0079978878619002,0.0083056994570128,0.0083017892487415,0.0084690940266407,0.009085655666851,0.0097750514531272,0.0107226252575263,0.0118115400569034,0.0128278813907661,0.0128922173508557,0.0125222595122854,0.0125785665113914,0.0132276089483082,0.0146103628652421,0.0161164708191062,0.0179639138869951,0.0193884288282659,0.0205868815953482,0.021791121470672,0.0240502834014682,0.0271961762959629,0.0299306110081017,0.0309768784692671,0.0307454462757195,0.029666593745627,0.0284410823373077,0.0268964979340544,0.0253992531189385,0.0241796852271914,0.0234805399882923,0.0230734612392002,0.0225500146919558,0.0217785045319835,0.0203878780623969,0.0188996527943599,0.0172703993480066,0.0156295716851704,0.0143899835270745,0.0131925213460876,0.0122042292395572,0.0114482556404493,0.0108584919609246,0.0102060606768393,0.0096739595352879,0.0091103681831253,0.00855730832524,0.007719793849649,0.0070871742874714,0.0065538218792732,0.006024536087677,0.0056343494383168,0.0052580309942919,0.0049331187550063,0.0046977763531875,0.0044350103573596,0.0041591060617404,0.0039489975372986,0.0037670425124099,0.0035022953443913,0.0031915641271028,0.0029655019529144,0.0027554977006932,0.0025919988588448,0.0024206796004538,0.0023036861689781,0.0021770996932102,0.002049887584119,0.001974081679767,0.0018369637097219,0.0016770101233728,0.0015361383533873,0.0014446916159503,0.001337708317649,0.001272746724236,0.0011793188146083,0.001089644704921,0.0010422008445632,0.000976822162268,0.0009095665800025,0.0008734883916865,0.0007963269484672,0.0007678606322525,0.0007087382831912,0.0006486774841448,0.0006093668569912,0.0005895551350836,0.0005451351691222,0.0004981083976467,0.0004742300591369,0.0004638028370802,0.0004387775041442,0.0004263691098968,0.0003873712994049,0.0003692279330263,0.0003462880445017,0.0003434726945464,0.0003263720503734,0.0003129209339203,0.0003145892894494,0.0002893554120723,0.0002845588899262,0.0002805965455447,0.0002630788124895,0.0002568224792555,0.0002518174126683,0.0002405560128471,0.0002479593405074,0.000244205540567,0.000242745729479,0.0002359680351422,0.0002894596842929,0.0002132366910587,0.0,0.0,0.0,0.0,0.0,0.0,0.0,0.0,0.0,0.0,0.0,0.0,0.0,0.0,0.0,0.0,0.0,0.0,0.0,0.0,0.0,0.0,0.0,0.0,0.0,0.0,0.0,0.0,0.0,0.0,0.0,0.0,0.0,0.0,0.0,0.0,0.0,0.0,0.0,0.0,0.0,0.0,0.0,0.0,0.0,0.0,0.0,0.0,0.0,0.0,0.0,0.0,0.0,0.0,0.0,0.0,0.0,0.0,0.0,0.0,0.0,0.0,0.0,0.0,0.0,0.0,0.0,0.0,0.0,0.0,0.0,0.0,0.0,0.0,0.0,0.0,0.0,0.0,0.0,0.0,0.0,0.0,0.0,0.0,0.0,0.0,0.0,0.0,0.0,0.0,0.0,0.0,0.0,0.0,0.0
HNGK048,0.0,0.0,0.0,0.0,0.0,0.0,0.0,0.0,0.0,0.0,0.0,0.0,0.0,0.0,0.0,0.0,0.0,0.0,0.0,0.0,0.0,0.0,0.0,0.0,0.0,0.0,0.0,0.0,0.0,0.0,0.0,0.0,0.0,0.0,0.0,0.0,0.0,0.0,0.0,0.0,1.4954022071161314e-05,1.1486422750312314e-05,1.8529983870786845e-05,0.000299188803902,0.0002776246706254,0.000253568200337,0.0002590946867546,0.0002847765942247,0.0003306139227471,0.0004023498836972,0.0004507879117103,0.0004958667028814,0.0004982506774144,0.0004900151290274,0.0004484039371772,0.0004239140169737,0.0004270565288583,0.0004480788497409,0.0004977088650206,0.0005743211375156,0.0007146505475312,0.0007915879074625,0.0008084924541516,0.0007146505475312,0.0006570017088221,0.0006307779889581,0.0006604693081429,0.0007082571612834,0.0007980896561891,0.0009269868246938,0.0011894949295299,0.0015091642419207,0.0017996840475206,0.0017329327605942,0.0013660715886963,0.0011321711782571,0.0010970617351336,0.0011805008437915,0.0013219680598342,0.0015291029380156,0.0019099970509151,0.002422118125613,0.0031983185610893,0.0039873057690612,0.0041562428734738,0.0036740298429182,0.0033883863488633,0.0035108359498808,0.0040802807758515,0.0050945535771998,0.0063395300958634,0.0073548323407601,0.0078449558322663,0.0079593866098543,0.0080566419345563,0.0082188605652847,0.0082039065432136,0.0082014683874411,0.0086752291446521,0.0094664377834389,0.0103631914765541,0.0115242954366447,0.0124692704328154,0.0126461179981787,0.0122937773984368,0.01243963329487,0.0131111013946088,0.0144505699947655,0.0160130485762443,0.0177163983801326,0.0192849452604229,0.0204944330672871,0.0217682881865447,0.0239954622128387,0.0270567022382757,0.0297191683418151,0.0306953517318735,0.0305707890625198,0.0297764920930879,0.0287009944912308,0.0273103246198522,0.0260476308359087,0.0247509654148687,0.0241750730214108,0.0236754678130116,0.0232395255608936,0.0223621687514794,0.0210711923605752,0.0193934161016782,0.0177673287451576,0.016127154266396,0.0147204467481585,0.0136232224693067,0.0126574960584502,0.0118212628097317,0.0110822307044758,0.0105510378335132,0.0099683186038924,0.0093855451930323,0.0086839523241936,0.0078925811416886,0.0072323285585032,0.0065863798225163,0.0061281148997703,0.0056345238089432,0.0052523293462984,0.0049466387936698,0.0046510259515674,0.0043828288165955,0.004156134510995,0.0038851199515749,0.0035941125148206,0.0032763395458084,0.0030794449218714,0.0028314032079519,0.0026618159286667,0.0024561439439488,0.0023197155831692,0.0021746182240874,0.0020169508174675,0.0019064210891155,0.0017898230619519,0.0016276044312234,0.0015134987410718,0.0014061115246042,0.0013116194431111,0.0012046656765586,0.0011230687300399,0.0010364871094975,0.0009944424677322,0.0009371187164594,0.0008416513726573,0.0008037245050855,0.000751602152794,0.0006897271774126,0.0006365212003333,0.0006088887682453,0.0005693364634918,0.0005203566230849,0.000507678213068,0.0004754945568714,0.0004400600263114,0.0004192544303863,0.0004057091205393,0.0003790519507603,0.0003584630797927,0.0003273630483839,0.0003094832393857,0.000318585687603,0.0002900863556847,0.0002844515067883,0.0002634291859057,0.0002602866740212,0.0002587695993183,0.0002479333514407,0.0002376389159569,0.0002354716663814,0.0002323291544968,0.0002283197427821,0.0002104941150234,0.0002718814592503,0.0001836744015262,0.0,0.0,0.0,0.0,0.0,0.0,0.0,0.0,0.0,0.0,0.0,0.0,0.0,0.0,0.0,0.0,0.0,0.0,0.0,0.0,0.0,0.0,0.0,0.0,0.0,0.0,0.0,0.0,0.0,0.0,0.0,0.0,0.0,0.0,0.0,0.0,0.0,0.0,0.0,0.0,0.0,0.0,0.0,0.0,0.0,0.0,0.0,0.0,0.0,0.0,0.0,0.0,0.0,0.0,0.0,0.0,0.0,0.0,0.0,0.0,0.0,0.0,0.0,0.0,0.0,0.0,0.0,0.0,0.0,0.0,0.0,0.0,0.0,0.0,0.0,5.418123938826564e-08,0.0,0.0,0.0,0.0,0.0,0.0,0.0,0.0,0.0,0.0,0.0,0.0,0.0,0.0,0.0,0.0,0.0,0.0,0.0,0.0,0.0,0.0,0.0
HNGK049,0.0,0.0,0.0,0.0,0.0,0.0,0.0,0.0,0.0,0.0,0.0,0.0,0.0,0.0,0.0,0.0,0.0,0.0,0.0,0.0,0.0,0.0,0.0,0.0,0.0,0.0,0.0,1.3398497640742204e-05,1.5982979419159484e-05,1.5336858974555164e-05,2.203610779492627e-05,1.788733441378274e-05,2.101591761923524e-05,1.6935156916471112e-05,1.9995727443544205e-05,2.278424725709969e-05,2.3906456450359824e-05,2.31243106489967e-05,2.2988285292237897e-05,2.9687534112609e-05,2.836128688421066e-05,3.067371794911033e-05,4.067158167088243e-05,0.0005562076837867,0.0004462651891864,0.0004139931732954,0.000409980425271,0.0004342609514524,0.0005262821052998,0.0006607431704558,0.0007874507902767,0.0008564836588318,0.0008477100233208,0.0007858184859956,0.0007365092941705,0.0006812829993264,0.0006825072275372,0.0007543286159059,0.0008139757348446,0.0009784984038444,0.0012427956720268,0.0014352035391621,0.0014300345756053,0.0012481686736187,0.0011009552312665,0.0011195566988033,0.0011507065055011,0.0012634035135757,0.0013897030573263,0.0016031948547592,0.0021230837682914,0.0028151127708018,0.0033108911898484,0.0031974800486508,0.0024965753916119,0.0019410138282697,0.0018752455682768,0.0020318107539062,0.0023065139618806,0.0027125496518056,0.0033657094086222,0.004390694478139,0.0057461531519013,0.0070219689792813,0.0072125405041004,0.0061934045249243,0.0053264809199612,0.0053476668692764,0.0060843461951429,0.007252804009701,0.0088058055078163,0.0100862121909869,0.0105489704546803,0.0104465773673802,0.0103584329362005,0.010249714669811,0.0100668285776488,0.0100341144793483,0.0103080015351821,0.0107482816086712,0.0116538024086145,0.0128075014719643,0.0136150500087022,0.0136806142306599,0.0132884191207851,0.0132459452031372,0.0138949221802334,0.0150825595700945,0.0165302094294001,0.0180816466359126,0.019603838390722,0.020854013438353,0.0223188705052886,0.0244472932688328,0.0272992689113162,0.0295249157986038,0.0298593341381953,0.0291752626190553,0.0279275020215068,0.0264074186597272,0.0248707402044229,0.0232218408297927,0.0219975105999459,0.0212318578730898,0.0205366322746955,0.0199145203055592,0.0186891358791975,0.0171528314936243,0.0155172626039565,0.014001872116985,0.0125161691641262,0.0113574371625763,0.0104073680582944,0.0096869777688998,0.0090112037965221,0.0085626941889491,0.0081295554466899,0.0076370076298662,0.00716765213637,0.0065223478439062,0.0060727840398184,0.0055860853133354,0.0051352972810367,0.0048106047544534,0.0045167899838544,0.0042567435080708,0.0040306353587985,0.0038284336659765,0.003637794128479,0.0034909547558579,0.0032588954972274,0.0030865853765532,0.0028890425522002,0.0026385518577289,0.0025098038575566,0.0023566393058462,0.0022434662090229,0.0021113175749317,0.0020056258727301,0.001903062753734,0.0018164146014786,0.0017316708042179,0.0016361810037732,0.0015275647564013,0.0014238454218727,0.0013276074819659,0.0012591867275162,0.0011713823597284,0.0011287384103845,0.0010629701503916,0.0009969298396852,0.0009574144735468,0.0009230680709652,0.0008696781184374,0.0008113912530662,0.000764394492306,0.0007151533131594,0.0006691087298965,0.0006489089644178,0.0006258526664472,0.0005959951006387,0.0005655254207247,0.0005282544729728,0.0005215892304916,0.0004934999943209,0.000472007987953,0.0004456190687418,0.0004278677596848,0.0004059676772466,0.0004016148658303,0.0003746818451921,0.0003634597532595,0.0003621675123703,0.0003575426502405,0.0003513534965079,0.0003419677468916,0.0003242164378346,0.0003168030558912,0.0003157148530371,0.0003009561018288,0.0002928625931017,0.0002906181747151,0.0003006840511153,0.0003006160384369,0.0003154428023236,0.0002949709861314,0.0002233536357979,0.0002254620288277,0.0002970113664828,0.0001988010589029,0.0,0.0,0.0,0.0,0.0,0.0,0.0,0.0,0.0,0.0,0.0,0.0,0.0,0.0,0.0,0.0,0.0,0.0,0.0,0.0,0.0,0.0,0.0,0.0,0.0,0.0,0.0,0.0,0.0,0.0,0.0,0.0,0.0,0.0,0.0,0.0,0.0,0.0,0.0,0.0,0.0,0.0,0.0,0.0,0.0,0.0,0.0,0.0,0.0,0.0,0.0,0.0,0.0,0.0,0.0,0.0,0.0,0.0,0.0,0.0,0.0,0.0,0.0,0.0,0.0,0.0,0.0,0.0,0.0,0.0,0.0,0.0,0.0,0.0,0.0,0.0,0.0,0.0,0.0,0.0,0.0,0.0,0.0,0.0,0.0,0.0,0.0,0.0,0.0,0.0,0.0
HNGK050,0.0,0.0,0.0,0.0,0.0,0.0,0.0,0.0,0.0,0.0,0.0,0.0,0.0,0.0,0.0,0.0,0.0,0.0,0.0,0.0,0.0,0.0,0.0,0.0,0.0,0.0,0.0,0.0,0.0,0.0,0.0,0.0,0.0,0.0,1.9402584869609857e-05,1.8589726122795603e-05,1.7600158952760856e-05,1.7600158952760856e-05,1.943792655425396e-05,2.311346175724016e-05,2.9262914885313228e-05,3.201956628755288e-05,3.336255030402861e-05,0.0006581328514423,0.000541788025594,0.0005082841085514,0.000507329883066,0.0005542282985887,0.0006449150613855,0.0008192202500501,0.0009612231389501,0.0010755888304584,0.0010811021332629,0.0010463965989424,0.000930051773094,0.0008576720029429,0.0008667901575811,0.0009176821834686,0.0010089344132197,0.0012108061159068,0.0015039300483449,0.0017127287212222,0.0017127994045915,0.0014776358349697,0.0012651616268894,0.0012382312631906,0.0012955554756833,0.0013613616924906,0.0015132602530909,0.0017816450062782,0.0023141028271262,0.0030129492992786,0.0035207032825604,0.0033347706796478,0.0026249682852557,0.002085230077371,0.0019773672558372,0.0021354152695656,0.0023414219493561,0.002801888758584,0.0034187778640468,0.0043712009235206,0.0056016923577741,0.006770194477162,0.0070017885366347,0.0060671070028523,0.0054447752779543,0.0056251945780625,0.0064729002259358,0.0077564395288402,0.0092113860022684,0.0104432557622231,0.0108994108859244,0.0109536957135378,0.0109501262033887,0.0109181773204705,0.0107331989430433,0.0105765999383853,0.0110497897540851,0.0117440418072337,0.0126140833998022,0.0137037735624336,0.0147058163471477,0.0147915552740943,0.014334304558169,0.0143831114246625,0.0151509095235555,0.0163759936800585,0.0179190823149891,0.0195828274612947,0.0208797966043638,0.0221068598952069,0.0237659752808241,0.0260608168898193,0.0291424704240461,0.0312177341463475,0.031238939157134,0.030071249896493,0.0285552683336844,0.0268292157973513,0.0250476414744423,0.0234469458935418,0.0220751230623965,0.0212223282119344,0.0203292438409781,0.0193542374450167,0.0180953666379939,0.0167186666543677,0.0152148779727613,0.0137489048937241,0.0124744484037733,0.011299443414411,0.0103871331670082,0.0095427496374915,0.0088386019126424,0.0080510478120334,0.007498869331154,0.0069387389712297,0.0063819307296619,0.0058854507437816,0.0054287301531259,0.0048987815918877,0.0044973353960154,0.0040903052139693,0.0038007861333648,0.0035053296497402,0.0032298058762548,0.002978455815066,0.0027268937037693,0.0025236083336964,0.0024068394076323,0.0022335237861377,0.0021243179805874,0.0019558088282043,0.0018087167367156,0.0016806384715654,0.0015724929165545,0.0014509528630634,0.0013428426497371,0.0012304560925689,0.0011624586913136,0.00110124689351,0.0010338503008938,0.0009831349834295,0.0009127343476184,0.0008525828003542,0.0008061438267318,0.0007182843987066,0.000664918454894,0.0006224377499518,0.0005720405076493,0.0005578331504224,0.0005353558389887,0.0005018519219461,0.0004791625604046,0.0004223331314969,0.0003934943168273,0.0003756821077667,0.0003441573250642,0.0003242246149249,0.0003055642054328,0.0002949617000396,0.0002758065069625,0.0002773615410868,0.0002660522020007,0.0002519862115124,0.0002335378521282,0.0002228646633656,0.0002066781717986,0.0002103537070016,0.0001963583998826,0.0001974893337912,0.0002021544361642,0.0001989030011769,0.0002374961208083,0.0001689332525987,0.0,0.0,0.0,0.0,0.0,0.0,0.0,0.0,0.0,0.0,0.0,0.0,0.0,0.0,0.0,0.0,0.0,0.0,0.0,0.0,0.0,0.0,0.0,0.0,0.0,0.0,0.0,0.0,0.0,0.0,0.0,0.0,0.0,0.0,0.0,0.0,0.0,0.0,0.0,0.0,0.0,0.0,0.0,0.0,0.0,0.0,0.0,0.0,0.0,0.0,0.0,0.0,0.0,0.0,0.0,0.0,0.0,0.0,0.0,0.0,0.0,0.0,0.0,0.0,0.0,0.0,0.0,0.0,0.0,0.0,0.0,0.0,0.0,0.0,0.0,0.0,0.0,0.0,0.0,0.0,0.0,0.0,0.0,0.0,0.0,0.0,0.0,0.0,0.0,0.0,0.0,0.0,0.0,0.0,0.0,0.0,0.0,0.0,0.0,0.0,0.0,0.0,0.0,0.0,0.0
HNGK051,0.0,0.0,0.0,0.0,0.0,0.0,0.0,0.0,0.0,0.0,0.0,0.0,0.0,0.0,0.0,0.0,0.0,0.0,0.0,0.0,0.0,0.0,0.0,0.0,0.0,0.0,0.0,0.0,0.0,0.0,1.2863717135436004e-05,1.1791740707483002e-05,1.2220531278664205e-05,1.2649321849845403e-05,1.4078623753782737e-05,1.2220531278664205e-05,1.615111151449187e-05,1.3006647325829736e-05,1.4507414324963935e-05,1.5793786038507537e-05,1.636550680008247e-05,1.5364995467326338e-05,1.765187851362607e-05,0.0001952426400778,0.0001834508993703,0.0001665851369038,0.0001759470643746,0.0001931701523171,0.0002262584913932,0.0002759981976502,0.00032673841524,0.0003491069900366,0.0003504648268454,0.0003431039220401,0.0003196633708155,0.0003125168612958,0.0003127312565814,0.0003570396156035,0.0003864832348246,0.0004590203064494,0.0005348447724533,0.0006158861904065,0.0006027366128903,0.0005374175158804,0.0005108325004672,0.0005130479184183,0.0005279841233144,0.0005772593064526,0.0006325375575874,0.0007310879238639,0.0009461621278589,0.0012405625875224,0.0014132937226132,0.0014013590517153,0.0011512312185263,0.0009519865331174,0.0008943856663887,0.0009322978993907,0.0010716905675722,0.0012570710245128,0.0015542228903414,0.0020233197752136,0.0027171029193848,0.0033950208124223,0.0035591761360895,0.0031163069411545,0.002744045260274,0.0028289100608203,0.0033718661215785,0.0043107388097274,0.0055421538650646,0.0066664427427017,0.0071276427345546,0.0072273365423543,0.0072930129648402,0.0074340135976636,0.0072803993755379,0.0072797561896812,0.0076132480564174,0.0084107270537192,0.0095094314272758,0.0108817756503413,0.0120412610873628,0.012277846285012,0.0117656559477361,0.0115598007410215,0.0119535376830087,0.0130372701191215,0.0145021616404669,0.0162380845353464,0.0180382188182603,0.0195497413142216,0.0209086143668424,0.0227034245001641,0.0250837481584338,0.0270208095637449,0.0277225253334829,0.0277586866716525,0.0271962921050008,0.026693427962648,0.0260198694404175,0.0251832275709478,0.0244193014358409,0.023901322425854,0.0232845071892099,0.0225291568655266,0.0215498706660439,0.0203596909706353,0.0191253101138474,0.0178320420186173,0.0165484574437864,0.0154563278589879,0.0145377869904226,0.013689031787317,0.0128412770955441,0.0120593060239,0.011385175780908,0.0107894427473469,0.0102552768932979,0.0096615091498548,0.0092100641434961,0.0086256225949762,0.0081139682459142,0.0076856421978518,0.007023053567734,0.0065415932213927,0.0061700819240118,0.005832909604873,0.0054916280427604,0.0052591163555374,0.005044435209566,0.0047933783301394,0.0045304582449101,0.0043150981805344,0.0040442097371906,0.0037589568097123,0.0035156538931146,0.0032868226582942,0.0030312277453226,0.0029054849103238,0.0027370416809447,0.0026276286201983,0.0024864850571845,0.0023699254869184,0.0022149176954364,0.0020777047126585,0.0019041874615205,0.0017774798477364,0.0016911500127386,0.0015337838731151,0.0014751110299585,0.00139578477429,0.001343543789701,0.0012611445349391,0.0011796028613194,0.0011203582974012,0.0010301693472628,0.000973997782438,0.0009093933363801,0.0008217771296687,0.0007802559093593,0.0007318025748159,0.0007150082774446,0.0006929255630288,0.0006532624351945,0.0006148142139786,0.0005891582448029,0.0005446354904953,0.0005017564333772,0.000491715587502,0.0004749570226783,0.0004503015648354,0.0004415828232214,0.0004244312003741,0.0004027058114343,0.0003977747198657,0.0003783362139722,0.0003676879147878,0.0003487496645607,0.0003385301559475,0.0003295255539527,0.0003221646491474,0.0003225219746234,0.0003133744424382,0.0003110875593919,0.0003208782774339,0.0003106587688207,0.0002975806563997,0.0002952937733534,0.0002880043336433,0.0002841452185027,0.0002782136156014,0.0002902912166896,0.0002724964079856,0.0002868608921202,0.0002887904496905,0.0002930783554023,0.0002939359365447,0.0003594694288402,0.0002631344805148,0.0,0.0,0.0,0.0,0.0,0.0,0.0,0.0,0.0,0.0,0.0,0.0,0.0,0.0,0.0,0.0,0.0,0.0,0.0,0.0,0.0,0.0,0.0,0.0,0.0,0.0,0.0,0.0,0.0,0.0,0.0,0.0,0.0,0.0,0.0,0.0,0.0,0.0,0.0,0.0,0.0,0.0,0.0,0.0,0.0,0.0,0.0,0.0,0.0,0.0,0.0,0.0,0.0,0.0,0.0,0.0,0.0,0.0,0.0,0.0,0.0,0.0,0.0,0.0,0.0,0.0,0.0,0.0,0.0,0.0,0.0,0.0,0.0,0.0,0.0,0.0,0.0,0.0,0.0,0.0,0.0
HNGK052,0.0,0.0,0.0,0.0,0.0,0.0,0.0,0.0,0.0,0.0,0.0,0.0,0.0,0.0,0.0,0.0,0.0,0.0,0.0,0.0,0.0,0.0,0.0,0.0,0.0,0.0,0.0,0.0,0.0,0.0,0.0,0.0,0.0,0.0,0.0,0.0,0.0,0.0,0.0,0.0,0.0,0.0,0.0,0.0,0.0002764917266662,0.000266345241284,0.000266508894274,0.0002931025051549,0.0003486626952722,0.0004214882758384,0.0004817125761717,0.0005166524895445,0.0005033147708565,0.0004984051811554,0.0004518459054901,0.0004430904705232,0.0004477545807392,0.000478603169361,0.0005341633594783,0.0006128395344383,0.0007113177211926,0.0008162192878059,0.0008298024859789,0.000717782014299,0.0006351372543307,0.000645365566208,0.0006739230129693,0.0007067354374716,0.0007937170016759,0.0009485327302502,0.0012005583349061,0.0015401382892313,0.0017894636195516,0.0017398767635706,0.0013935870366538,0.0010971705584506,0.0010298273530507,0.0011470438071642,0.0012697835496914,0.0014724677778513,0.0018416689233732,0.0023917475361326,0.0032009706586145,0.0039243987010698,0.0040905883124516,0.0034970189175901,0.0030598608679557,0.0031951609774682,0.0037547723768972,0.0047032641938999,0.0060406773417239,0.0071880075416207,0.0076579780157574,0.0077245847827021,0.0076524956405911,0.0076096185572016,0.0075041442051233,0.0074661357981873,0.0079231367728636,0.008734651037206,0.0098345218699923,0.0111963193133316,0.0123075231156779,0.0124734263343272,0.0120000600606473,0.01186549638959,0.0124393455991522,0.0135720697696882,0.0151196133567188,0.017047200099861,0.0189404606283432,0.0205791998440714,0.0223385513134563,0.0246053907049438,0.0277590656494378,0.0301323613109439,0.0309662551216737,0.0305954992727465,0.0298358220929981,0.0289491092797341,0.0281092830481154,0.0269847415270812,0.026162876211119,0.0256188936722384,0.0249665728539539,0.0241341110068868,0.0230402135082369,0.021263105689433,0.0193645673520222,0.0176378646541494,0.0162141654673289,0.0148668104003602,0.013791855735307,0.0127731976988262,0.0119010090884278,0.0110655605742927,0.0103107929842454,0.0096241050380532,0.0089219518843025,0.0083112807519822,0.0075506216542936,0.0070173174730129,0.0064887592284432,0.0060288124999463,0.0055859675089081,0.0051634564018819,0.0048028061250895,0.0045304875496691,0.0042536685170228,0.0040166989874503,0.0038166332071309,0.0036144399379411,0.003388598811691,0.0031565388718196,0.0029668650563676,0.002765653705118,0.0025530684710608,0.0023922794083502,0.0022273171943936,0.0020994223826803,0.0020147319603365,0.001877017969221,0.0017640155796009,0.001678506892307,0.0015759782940493,0.0014745134402268,0.0013640476719523,0.0012440900302557,0.001159563260902,0.0011085035280107,0.0010119482638893,0.0009588428686225,0.0009321674312466,0.0008788983829898,0.000843712990132,0.000776369784732,0.0007249009193656,0.0006645129660422,0.000609280081905,0.0005773677488479,0.000555274595193,0.0005322813500929,0.0005020055469362,0.0005006144965209,0.0004682930309887,0.0004443996944435,0.0004298345783302,0.0004099507400408,0.0003893304632962,0.0003749290001731,0.0003444895440263,0.0003398254338103,0.0003324610492586,0.0003359795885444,0.000320350727996,0.0003300062544081,0.0003133136494244,0.0003677282686115,0.0002699865203123,0.0,0.0,0.0,0.0,0.0,0.0,0.0,0.0,0.0,0.0,0.0,0.0,0.0,0.0,0.0,0.0,0.0,0.0,0.0,0.0,0.0,0.0,0.0,0.0,0.0,0.0,0.0,0.0,0.0,0.0,0.0,0.0,0.0,0.0,0.0,0.0,0.0,0.0,0.0,0.0,0.0,0.0,0.0,0.0,0.0,0.0,0.0,0.0,0.0,0.0,0.0,0.0,0.0,0.0,0.0,0.0,0.0,0.0,0.0,0.0,0.0,0.0,0.0,0.0,0.0,0.0,0.0,0.0,0.0,0.0,0.0,0.0,0.0,0.0,0.0,0.0,0.0,0.0,0.0,0.0,0.0,0.0,0.0,0.0,0.0,0.0,0.0,0.0,0.0,0.0,0.0,0.0,0.0,0.0,0.0,0.0,0.0,0.0,0.0,0.0,0.0,0.0
HNGK053,0.0,0.0,0.0,0.0,0.0,0.0,0.0,0.0,0.0,0.0,0.0,0.0,0.0,0.0,0.0,0.0,0.0,0.0,0.0,0.0,0.0,0.0,0.0,0.0,0.0,0.0,0.0,0.0,0.0,0.0,0.0,0.0,0.0,0.0,0.0,0.0,0.0,0.0,0.0,0.0,0.0,0.0,0.0,0.0003066198011315,0.0002532149174749,0.00022779565935,0.0002314618985026,0.000264091426961,0.0003094305844819,0.000391920965416,0.0004458146809597,0.0004868154554833,0.0004972642370683,0.0004858377917092,0.000448136632423,0.0004167291836822,0.0004130934965225,0.0004468534487196,0.0005016942760444,0.0005859872245619,0.0007432077802238,0.0008748868697891,0.0008679210153991,0.0007722016215225,0.000692369263974,0.0006718383247193,0.0007103338358219,0.0007576894248767,0.0008534393707462,0.0010091323267612,0.0013260175975202,0.001746413020355,0.0020598153639189,0.0019886903243579,0.0015568073521782,0.0012550147659309,0.0012063454411797,0.0012792119443383,0.001425067158627,0.0016554291853839,0.0020740831446213,0.0027242601063472,0.003662450705505,0.0045805686453023,0.0048202490299054,0.0041786877301882,0.0037268543066196,0.0037628140023083,0.0044168405151444,0.0054454650134005,0.0069428181873203,0.0082121618379394,0.0087748378918892,0.0088084756361146,0.0088464517633372,0.0089103359805718,0.0087487770419126,0.0086036856274473,0.009091784266634,0.0096457224506034,0.0106069798044299,0.0119012844332799,0.0130686149794771,0.0133096090997766,0.0128008573133634,0.0128047679684595,0.0134390273418644,0.0146734195125618,0.0161601711449319,0.0177860260011513,0.0193770515854208,0.0207694892155894,0.0224086341887371,0.0247540801346389,0.0280169107725074,0.030530575991529,0.0313376068850016,0.0307629544498198,0.0297884680830509,0.0284198915593673,0.0271269617701995,0.0258116679222008,0.0248609510059381,0.0243246107699013,0.0236735172483873,0.0229331813554996,0.0218573845801464,0.020225052701424,0.0186463090183158,0.0169738012688792,0.0155556388606563,0.0141764913474159,0.0131488445129338,0.0122562374872403,0.0114010872048895,0.0106579405286515,0.009995634425729,0.0093729237056548,0.0085428871614995,0.0078824141781533,0.0072644084649918,0.0066394980014261,0.0061053575088809,0.0056778129196984,0.0052329453505198,0.004861738636316,0.0045257278179775,0.0042291901745157,0.0039784499684688,0.0037208661160036,0.0034959423439898,0.0031877949432113,0.0029937592360584,0.002803939703931,0.0026041907740985,0.0024207260565024,0.0022396443943554,0.0020760995761552,0.0019442066226394,0.0017833809318107,0.0016982630794838,0.0015585793677686,0.0014667706289882,0.0013551947507765,0.0012880720222904,0.0012071092410032,0.0010875287406416,0.0010158537652077,0.0009475089570041,0.0008710984226647,0.0008030285823976,0.000756528449145,0.0007055677249235,0.0006775209954059,0.0006305320302663,0.000592891974966,0.0005368596199167,0.0005129679614387,0.0004694619234942,0.0004517417675898,0.0004174624315127,0.0003961982444274,0.000377011592862,0.0003497592151608,0.0003349720505785,0.0003305725635954,0.000309369480496,0.0003049699935128,0.0002731959208567,0.0002653135066786,0.0002589586921473,0.0002535815413902,0.0002398331445678,0.0002423995119746,0.0002292010510252,0.0002266957876042,0.0002938490680832,0.0001960215866939,0.0,0.0,0.0,0.0,0.0,0.0,0.0,0.0,0.0,0.0,0.0,0.0,0.0,0.0,0.0,0.0,0.0,0.0,0.0,0.0,0.0,0.0,0.0,0.0,0.0,0.0,0.0,0.0,0.0,0.0,0.0,0.0,0.0,0.0,0.0,0.0,0.0,0.0,0.0,0.0,0.0,0.0,0.0,0.0,0.0,0.0,0.0,0.0,0.0,0.0,0.0,0.0,0.0,0.0,0.0,0.0,0.0,0.0,0.0,0.0,0.0,0.0,0.0,0.0,0.0,0.0,0.0,0.0,0.0,0.0,0.0,0.0,0.0,0.0,0.0,0.0,0.0,0.0,0.0,0.0,0.0,0.0,0.0,0.0,0.0,0.0,0.0,0.0,0.0,0.0,0.0,0.0,0.0,0.0,0.0,0.0,0.0,0.0,0.0,0.0,0.0,0.0,0.0
HNGK054,0.0,0.0,0.0,0.0,0.0,0.0,0.0,0.0,0.0,0.0,0.0,0.0,0.0,0.0,0.0,0.0,0.0,0.0,0.0,0.0,0.0,0.0,0.0,0.0,0.0,1.41073245382343e-05,1.2451247309832882e-05,1.901422002979405e-05,1.932090099801654e-05,1.6990125639525657e-05,1.938223719166104e-05,1.8860879545682813e-05,1.932090099801654e-05,1.80941771251266e-05,2.2817064035752868e-05,2.3062408810330854e-05,2.392111552135381e-05,2.373710694042032e-05,2.496383081331026e-05,2.796930430189061e-05,2.6681244235356177e-05,3.7721759091365625e-05,3.83351210278106e-05,0.000520008249718,0.0004457607873113,0.0004061069381202,0.0004061682743138,0.0004473248602493,0.0005390531378446,0.000654763867155,0.0007898261655601,0.0008801130426048,0.0009063649334847,0.0008691952001361,0.0007890287950428,0.0007262205327508,0.0007436400117458,0.0008024614214509,0.0008883934287468,0.0010327174923923,0.0012828464900746,0.0014985658831223,0.0015092997170101,0.0013349209184788,0.0011905355186396,0.001187714053732,0.0012793503270369,0.0013844192267499,0.0014730193584694,0.0017019260331506,0.0021769748529273,0.0028814517050311,0.0033867392682745,0.0032553878095848,0.0026325494312218,0.0022455793855186,0.0022354589135673,0.0025161946718781,0.0027940782971845,0.0032176353823966,0.0039491921639945,0.0050170246272484,0.0063837483621319,0.0075330046224488,0.0076775740308689,0.0066249529436389,0.0059316392787783,0.0059174092818528,0.0065732772004934,0.0076881238561758,0.0091712330184997,0.0105236040840704,0.0110474765139881,0.01100383581221,0.0108993802744334,0.0108252248163172,0.0104716216599567,0.0102488486046399,0.0105877924107194,0.0112826394804211,0.0120789979506044,0.0132945279681542,0.014151026576206,0.0141804066129617,0.0136131081579437,0.0135741290068826,0.0141114340632084,0.0152540660146118,0.0166174469269416,0.0180317982161901,0.0193544825640369,0.0206112918399094,0.0221106550935491,0.0244999758488737,0.0275690243021666,0.0298658807455721,0.0301141389893482,0.0290816668417303,0.027461808635676,0.0257301038805109,0.023859472646741,0.0223276625466634,0.0212662703837422,0.0205408778896055,0.0197948764344043,0.0190682572163948,0.0179754302542308,0.0166087371874441,0.0151620003879514,0.0136941639378449,0.0124137095593224,0.0112024117391341,0.0103956261160312,0.0096945534226746,0.0090904532514699,0.0085335819493715,0.0080252582445428,0.007594402152287,0.0069308978775376,0.006486394482196,0.0060020532290822,0.0054908160550553,0.005071951188657,0.004756560480937,0.0044113603831058,0.0041263310912398,0.0039023926482438,0.0036253370615516,0.0034746340337671,0.0032670110182804,0.0031110637459393,0.0029189894555416,0.0026910641599586,0.0025059515275395,0.0023618114724749,0.0022080416350082,0.0020418205502316,0.0019515336731869,0.0018313147336437,0.0017202348869535,0.001634916241594,0.0015326688067886,0.0014499262815622,0.0013267632047241,0.0012369670172285,0.0011593767322682,0.0010742420954897,0.0010016813784082,0.0009384437627608,0.0008926562942051,0.0008251558130994,0.0008014187061589,0.0007575633277031,0.0007134626044727,0.0006596707626465,0.0006298613725353,0.0005698132389573,0.0005424572965919,0.0005082930367319,0.0005004420039454,0.0004777476122969,0.0004354256386822,0.0004320521480318,0.0004133446089702,0.0003906502173218,0.0003766042289772,0.0003658703950894,0.0003529284582304,0.0003250204901221,0.0003189482069513,0.0003117718722949,0.0003110971741648,0.0003101771312602,0.0003071103215779,0.000290028191648,0.0002803984092458,0.0002719646826196,0.0002703699415849,0.0002615988658937,0.0002633162793158,0.0002625189087984,0.000272762053137,0.000272946061718,0.0002760742075938,0.0002884027825164,0.000272946061718,0.0003530511306177,0.0002416646029593,0.0,0.0,0.0,0.0,0.0,0.0,0.0,0.0,0.0,0.0,0.0,0.0,0.0,0.0,0.0,0.0,0.0,0.0,0.0,0.0,0.0,0.0,0.0,0.0,0.0,0.0,0.0,0.0,0.0,0.0,0.0,0.0,0.0,0.0,0.0,0.0,0.0,0.0,0.0,0.0,0.0,0.0,0.0,0.0,0.0,0.0,0.0,0.0,0.0,0.0,0.0,0.0,0.0,0.0,0.0,0.0,0.0,0.0,0.0,0.0,0.0,0.0,0.0,0.0,0.0,0.0,0.0,0.0,0.0,0.0,0.0,0.0,0.0,0.0,0.0,0.0,0.0,0.0,0.0,0.0,0.0,0.0,0.0,0.0,0.0,0.0,0.0,0.0,0.0,0.0,0.0,0.0,0.0
HNGK055,0.0,0.0,0.0,0.0,0.0,0.0,0.0,0.0,0.0,0.0,0.0,0.0,0.0,0.0,0.0,0.0,0.0,0.0,0.0,0.0,0.0,0.0,0.0,0.0,0.0,0.0,0.0,0.0,0.0,0.0,2.7297750624401925e-08,0.0,0.0,0.0,0.0,0.0,0.0,0.0,0.0,0.0,0.0,0.0,1.0427740738521536e-05,0.0001384541911669,0.0001171619456799,0.0001077715194651,0.0002878820780849,0.000305243447482,0.0003664450043819,0.0004595849295124,0.0005324699236795,0.0005807869422847,0.0005847724138759,0.0005817423635566,0.0005170739923274,0.0004964914883566,0.0005071376111001,0.000533015878692,0.0006072111648891,0.0007126896733018,0.0008492330219251,0.0009435194525818,0.0009425913290605,0.0008334003265629,0.00076638434878,0.0007587136808546,0.000795893217205,0.0008676863013472,0.0009612083949864,0.0011411005716012,0.0014016030058099,0.001751178000306,0.0020152291420958,0.0019374305528163,0.0016019957931436,0.0013384906063662,0.0013180445911486,0.0014198924987282,0.0016013406471286,0.0017999044851705,0.0022407631577546,0.0028498578674369,0.0036727758577601,0.004453491525618,0.0046749035809325,0.0041658278295381,0.0037793735739484,0.0039213764726965,0.0045799074087596,0.0055531268140208,0.0067326626185012,0.0077951729660548,0.0082946399092295,0.0084158419220018,0.0085016114544637,0.0085366617662654,0.0084691271312206,0.0085922126887861,0.009204091769032,0.0098693652494993,0.0107231569957788,0.0118346122102019,0.0128015531328195,0.0129794798713893,0.0127084678031903,0.0128673953073255,0.0134707301916261,0.0147387653036308,0.0163298965920259,0.0179562419787265,0.0195529966037503,0.0212160028695395,0.0232378107695358,0.0260970317654369,0.0297615637025085,0.032472421423766,0.0330166839757153,0.0321117089470152,0.0307038547563122,0.0292636527311194,0.0276984816035681,0.026238461411422,0.0252157784820294,0.0245824706675432,0.0238020825726928,0.0229071258184718,0.0215657416505393,0.0197864469670902,0.0178906727817267,0.0160472283843102,0.0145272623317929,0.0131290169493098,0.0121917213838703,0.0113535712486987,0.0106273418910871,0.0099123592067328,0.0092943381325963,0.008688955916999,0.0079042274797993,0.0072892091582315,0.0067284041694038,0.0061241957570833,0.0056486962389568,0.0052497396135812,0.0049076169050056,0.004557932719507,0.0042867841625548,0.0040246711610593,0.0037771897538984,0.0035654138045543,0.0033035191850638,0.0031192593683491,0.0029032795654088,0.0027173272881554,0.0025633133791325,0.0023827114610015,0.0022144481261527,0.0020905163383179,0.0019468482767817,0.0018262741122737,0.0017033250434614,0.0015884561088339,0.0015116402385768,0.0014224857850375,0.0013481267123367,0.0012457055519939,0.001149180705786,0.001083993677295,0.0009869774715758,0.000921626656581,0.0008614078187036,0.0008049560704123,0.0007710522641368,0.0007299964471977,0.0006982218654709,0.0006416609261771,0.0005850999868834,0.0005528340456453,0.000509103049145,0.0004845896690843,0.0004655358391485,0.0004287384713068,0.0004067910798048,0.0004032969677249,0.0003772549136292,0.0003601665217383,0.0003408943097975,0.0003235329404004,0.0003059531889982,0.0002895199431224,0.000281767381945,0.0002822587414563,0.0003111943571181,0.0002640238440392,0.0001046595758939,0.0001286815964434,9.6579441709134e-05,0.0,0.0,0.0,0.0,0.0,0.0,0.0,0.0,0.0,0.0,0.0,0.0,0.0,0.0,0.0,0.0,0.0,0.0,0.0,0.0,0.0,0.0,0.0,0.0,0.0,0.0,0.0,0.0,0.0,0.0,0.0,0.0,0.0,0.0,0.0,0.0,0.0,0.0,0.0,0.0,0.0,0.0,0.0,0.0,0.0,0.0,0.0,0.0,0.0,0.0,0.0,0.0,0.0,0.0,0.0,0.0,0.0,0.0,0.0,0.0,0.0,0.0,0.0,0.0,0.0,0.0,0.0,0.0,0.0,0.0,0.0,0.0,0.0,0.0,0.0,0.0,0.0,0.0,0.0,0.0,0.0,0.0,0.0,0.0,0.0,0.0,0.0,0.0,0.0,0.0,0.0,0.0,0.0,0.0,0.0,0.0,0.0,0.0,0.0,0.0,0.0,2.7297750624401925e-08,0.0,0.0
HNGK056,0.0,0.0,0.0,0.0,0.0,0.0,0.0,0.0,0.0,0.0,0.0,0.0,0.0,0.0,0.0,0.0,0.0,0.0,0.0,0.0,0.0,0.0,0.0,0.0,0.0,0.0,0.0,0.0,0.0,0.0,0.0,0.0,0.0,0.0,0.0,0.0,0.0,1.2282751733419937e-05,1.3345043775229229e-05,1.892207699472801e-05,1.892207699472801e-05,1.9254043257793414e-05,2.1810183483397024e-05,0.0003457096663563,0.0002910680194557,0.0002734738075132,0.000278320514954,0.0003105212424713,0.0003548719352169,0.0004309586027115,0.0005128214831834,0.0005546492323296,0.0005512631764464,0.0005247058754011,0.0004828117330023,0.0004447020060024,0.0004451667587707,0.0004745457730519,0.0005350632228088,0.0006366117026805,0.0007530654677638,0.0008576016440031,0.0008381484209875,0.0007242175995034,0.0006527120664391,0.0006384707137536,0.0006778751091795,0.000721893835662,0.0007989100086932,0.0009328251992137,0.0011535163708996,0.0015050022502333,0.0017171950855847,0.0016813427291736,0.001319897861948,0.0010715207039225,0.0010130282483703,0.0010711555410331,0.0011859826714274,0.0013865234909452,0.0017189213101526,0.0022085715481741,0.0029200084465495,0.0035768036980244,0.0036903693566191,0.0031770499240411,0.0028422619477396,0.002890065089621,0.0034108869597444,0.0042953114778032,0.0053695211084565,0.0063799932166013,0.0068213423633468,0.0068616762643092,0.0069083175242699,0.0069388584204719,0.0068415923053938,0.0068732950835165,0.0072483837641541,0.0078062198726092,0.008905924512266,0.0100791596791917,0.0110180598610196,0.0112994676622202,0.0109197314538996,0.0108538029540549,0.0113311040470903,0.0124709102113254,0.0139104155178559,0.0156428810515416,0.0172033880609594,0.018604451674227,0.0200342303692497,0.0221026457611576,0.0248164699617173,0.0270235144650813,0.0279563064676688,0.0279561736811636,0.027524019999905,0.0269776367275257,0.0260669536780583,0.0251729353349969,0.0245565403777371,0.0243081632197115,0.0240124476725729,0.023573654666053,0.022869521025465,0.0216965182349234,0.0202479502494112,0.0187213701920786,0.0173429466779521,0.0161060071851441,0.0152459489907943,0.0143174061563741,0.0135387128931015,0.0128385628476703,0.0121887388877198,0.0116036151524407,0.010928329380113,0.0101885425628718,0.00954313375422,0.0088222358173472,0.0082927164311316,0.0077777703638645,0.0070839940706841,0.0066356736324143,0.0062369821504728,0.0058779938335938,0.0055848012300545,0.0052665451736537,0.0049966566017815,0.0046612046929539,0.0043815563129476,0.0041192697684996,0.0038532652019053,0.0035797250011394,0.0033393814266801,0.0030507035643184,0.0028784794670401,0.0027093094593819,0.0025703483816628,0.0024267397762607,0.0022645410601269,0.0021412487900244,0.0019852910396363,0.0018688040779266,0.0017272204667292,0.0016213232288114,0.0014562032095626,0.0013667051050402,0.0012899545050195,0.0012260841960057,0.0011566368537724,0.0011013976675983,0.0010523330539173,0.0009739558192075,0.0009004252919386,0.0008199566697715,0.0007714232021113,0.0007249479252822,0.0006936767033014,0.0006380391576117,0.0006091248960987,0.0006015892619271,0.0005712475454829,0.0005226476845701,0.0005001403719343,0.0004673421051434,0.0004581134430302,0.000431556141985,0.0004138955367899,0.0003996209874781,0.0003847488988928,0.0003745243379903,0.0003523489916176,0.0003444481945566,0.000339070341095,0.0003315679035497,0.0003153015566595,0.0003019565128842,0.0002862877052676,0.0002863540985202,0.0002861549187623,0.0002822377168582,0.0002925286710132,0.0002781213351961,0.0002722123357136,0.0002724115154714,0.000270419717893,0.0002677639877885,0.0002668344822519,0.0003273851286351,0.0002360944062921,0.0,0.0,0.0,0.0,0.0,0.0,0.0,0.0,0.0,0.0,0.0,0.0,0.0,0.0,0.0,0.0,0.0,0.0,0.0,0.0,0.0,0.0,0.0,0.0,0.0,0.0,0.0,0.0,0.0,0.0,0.0,0.0,0.0,0.0,0.0,0.0,0.0,0.0,0.0,0.0,0.0,0.0,0.0,0.0,0.0,0.0,0.0,0.0,0.0,0.0,0.0,0.0,0.0,0.0,0.0,0.0,0.0,0.0,0.0,0.0,0.0,0.0,0.0,0.0,0.0,0.0,0.0,0.0,0.0,0.0,0.0,0.0,0.0,0.0,0.0,0.0,0.0,0.0,0.0,0.0,0.0,0.0,0.0,0.0,0.0,0.0,0.0,0.0
HNGK057,0.0,0.0,0.0,0.0,0.0,0.0,0.0,0.0,0.0,0.0,0.0,0.0,0.0,0.0,0.0,0.0,0.0,0.0,0.0,0.0,0.0,0.0,0.0,0.0,0.0,0.0,0.0,0.0,0.0,0.0,0.0,0.0,0.0,0.0,0.0,1.3581225449187762e-05,1.3750286346895492e-05,1.194697010467969e-05,1.5835370751957513e-05,2.180885580429736e-05,2.062542952034324e-05,2.1696148539158872e-05,2.41757083722056e-05,0.000341841135165,0.0002950394433162,0.0002765836286498,0.0002814863946833,0.0003068455293395,0.000355704128777,0.000441136235752,0.0005031252315782,0.000566072239158,0.0005776810874673,0.0005630291429993,0.0005068445713277,0.00047816057235,0.0004961937347721,0.0005222854666517,0.0005908678374885,0.0006735386164676,0.0008149862342164,0.0009255520613172,0.0009192404544695,0.0008140845760952,0.0007473900519495,0.0007660994579625,0.0007923038971072,0.0008781023026939,0.0009471918562238,0.0010781013446822,0.0013342567815257,0.0016970051143739,0.0019723489631072,0.0019169251654753,0.0015716464587236,0.0012913998439567,0.0012339191387361,0.0012976832739882,0.0014396662512464,0.0016417503776397,0.0019783506249758,0.0024775311022742,0.0032370935388587,0.0039281863118717,0.0041985710409389,0.0037383872773784,0.0034091693559089,0.0035245815954107,0.0041163792678367,0.0049810975827954,0.0061263724575002,0.0071081654441215,0.0075762950698742,0.0077060211320486,0.0078302808918638,0.0079658959086417,0.0080264760636536,0.0081333225510049,0.0087201329269485,0.0092950245096036,0.0101131947240602,0.0112277005153821,0.0120123966720925,0.0122936294754293,0.0120200889429382,0.0120837685477415,0.0126618722874531,0.0138582317300818,0.015286880846161,0.0168242642962826,0.0183424029808817,0.0195505121559011,0.0210013927800289,0.0232140336324114,0.0263028325871642,0.0290037776657592,0.029865621945457,0.0296734278815796,0.0289691483585454,0.0279557973376853,0.0266749356230189,0.0254398330579988,0.0244979384432365,0.0239416153825129,0.0235333896681813,0.0231208810777744,0.0223681092539145,0.0210036187485154,0.0193909186684651,0.0177320086097079,0.0160699145707107,0.0147833893159711,0.0136891426555578,0.0127649430814222,0.0119568883440118,0.0113170491998206,0.0107814642758825,0.0101953864971624,0.0095829915720324,0.0089628761992405,0.0082518624171143,0.0074147010284819,0.0068141685430078,0.0063495328424744,0.0058612849698944,0.0054656261156258,0.0051370844377471,0.0048697991584712,0.0045883127637878,0.0043502186661827,0.0040912173708945,0.0038193674473805,0.0035516876926765,0.0032962084994239,0.003089418844711,0.0028115954361447,0.0026163019224759,0.002496127801022,0.0023553564268641,0.0022203331232282,0.0021017087266699,0.0019586832072092,0.0018401151642835,0.0017278305513893,0.0016056840527954,0.001464574556842,0.0013621800064637,0.0012808617146663,0.0012009522636831,0.0011281997240362,0.0010800173681895,0.0010366250711112,0.0009570537419234,0.0009088150324441,0.000826538728893,0.0007680436582862,0.0007316392116464,0.0006871198419167,0.000644178373899,0.0005967849689082,0.0005873175586366,0.0005586335596589,0.0005165937497622,0.0004964191493024,0.0004678478575898,0.0004413616502823,0.000422821305167,0.0004020268147489,0.0003853461395084,0.0003664113189652,0.0003506323018458,0.000338572624476,0.000338572624476,0.0003257803498827,0.0003167074150391,0.0003031825432225,0.0002906156831595,0.0002852620880655,0.0002756256168961,0.0002716245089837,0.0002603537824699,0.0002552256019061,0.0002650311339731,0.0002558454918643,0.0002546620655804,0.0002613681478561,0.0002580432835345,0.00022592171297,0.0002236675676673,0.0002853747953306,0.0002101990494832,0.0,0.0,0.0,0.0,0.0,0.0,0.0,0.0,0.0,0.0,0.0,0.0,0.0,0.0,0.0,0.0,0.0,0.0,0.0,0.0,0.0,0.0,0.0,2.8176816284621912e-08,0.0,0.0,0.0,0.0,0.0,0.0,0.0,0.0,0.0,0.0,0.0,0.0,0.0,0.0,0.0,0.0,0.0,0.0,0.0,0.0,0.0,0.0,0.0,0.0,0.0,0.0,0.0,0.0,0.0,0.0,0.0,0.0,0.0,0.0,0.0,0.0,0.0,0.0,0.0,0.0,0.0,0.0,0.0,0.0,0.0,0.0,0.0,0.0,0.0,0.0,0.0,0.0,0.0,0.0,0.0,0.0,0.0,0.0,0.0,0.0,0.0,0.0,0.0,0.0,0.0,0.0
HNGK058,0.0,0.0,0.0,0.0,0.0,0.0,0.0,0.0,0.0,0.0,0.0,0.0,0.0,0.0,0.0,0.0,0.0,0.0,0.0,0.0,0.0,0.0,0.0,0.0,0.0,0.0,0.0,0.0,0.0,0.0,0.0,0.0,0.0,0.0,0.0,0.0,0.0,0.0,0.0,1.8856122186340747e-05,1.5916785492587632e-05,2.0298060941766805e-05,2.146270378268785e-05,0.0002449632108737,0.0002023705584057,0.0001888939769608,0.0001924988238493,0.0002226131601646,0.0002443531598618,0.0003045818324923,0.0003619266276119,0.0003887134129531,0.0003996943311675,0.0004022454535809,0.000370855556059,0.0003420999697248,0.000346730811497,0.0003746822396791,0.0004160547901233,0.0004714585138414,0.0005996801447085,0.0006814824394875,0.0006710561131021,0.0006094409608991,0.0005434999924298,0.0005448032832279,0.0005697044563505,0.0006252190984344,0.0006939607556402,0.0008266191211394,0.0010413016181492,0.0013399493180711,0.0015765381923267,0.0015508328610521,0.001231304778768,0.0010151803430028,0.0010039498584653,0.001060740061756,0.0011871038099959,0.0013504311036394,0.0016872624509886,0.0021893344337914,0.0029181790154763,0.0036387879085005,0.0038223855334943,0.0033725838305757,0.003071606844972,0.0031667193436472,0.0037840909677011,0.0046570462361544,0.0058008918834875,0.0068102212826943,0.0072291876799199,0.0072942135718714,0.0074397384678036,0.0075760294097828,0.0075779704811843,0.0076858663215182,0.0080735814691791,0.0089068002330838,0.0097556030273836,0.0109114278582234,0.0118732564672755,0.0121313357749053,0.011740209887496,0.0118520433298159,0.0125608671464736,0.0139477626628704,0.0155781517217941,0.017192124862579,0.0187653077743403,0.0198942071718817,0.0212973522288685,0.0234429848265339,0.0264613231263295,0.0292076895931786,0.0302560622571477,0.0302928594250025,0.0294816024975266,0.0284229976143123,0.0270263135521334,0.0256606311731963,0.0245377768265911,0.0239000516824125,0.0234458687040447,0.0230142298835262,0.0223855445861605,0.0211327771036097,0.0196760307463491,0.0181188755384462,0.0165699560192041,0.0151306238453744,0.0140413777636073,0.0130647970119035,0.0122755019208565,0.0116841406535831,0.0111087793605766,0.0106397610507829,0.0100415505744212,0.0094502447663307,0.0087273897763991,0.0078307811664386,0.0072461027307047,0.0067334103143764,0.0062765652952294,0.0058464516022407,0.005498140204031,0.0052384803096885,0.0049536696759004,0.0047098156486847,0.0044312441729729,0.0041402221106999,0.003845206987258,0.0036013529600423,0.0032751975054015,0.0030535826105291,0.0028524321541472,0.0027038570031554,0.0025551709337978,0.0024126408337422,0.002281147111084,0.0021402253273325,0.0019972515538137,0.0018445446936958,0.001738312628849,0.0015750962535713,0.0014567463572606,0.0013614674810367,0.0012819390127566,0.0011997485036973,0.001142237331029,0.0010799289390397,0.0010136829450645,0.0009121371811727,0.0008658842226333,0.0007940645807765,0.0007562136884466,0.0006945708066521,0.0006641237152395,0.0006315691748766,0.0005930805019433,0.0005514861147675,0.0005278050436688,0.0004981343808168,0.000472234942402,0.0004440062183054,0.0004243182083755,0.000396034025096,0.0003705228009615,0.0003582663215404,0.000346730811497,0.0003316459137479,0.000333864281064,0.000332200505577,0.0003041936182119,0.0002947655571188,0.0002774068328708,0.0002762421900298,0.0002718054553978,0.0002511746393586,0.0002460169353488,0.0002536148434062,0.000259881731074,0.0002507864250783,0.0002571642311119,0.0002442977006789,0.0003024189243591,0.0002207275479459,0.0,0.0,0.0,0.0,0.0,0.0,0.0,0.0,0.0,0.0,0.0,0.0,0.0,0.0,0.0,0.0,0.0,0.0,0.0,0.0,0.0,0.0,0.0,0.0,0.0,0.0,0.0,0.0,0.0,0.0,0.0,0.0,0.0,0.0,0.0,0.0,0.0,0.0,0.0,0.0,0.0,0.0,0.0,0.0,0.0,0.0,0.0,0.0,0.0,0.0,0.0,0.0,0.0,0.0,0.0,0.0,0.0,0.0,0.0,0.0,0.0,0.0,0.0,0.0,0.0,0.0,0.0,0.0,0.0,0.0,0.0,0.0,0.0,0.0,0.0,0.0,0.0,0.0,0.0,0.0,0.0,0.0,0.0,0.0,0.0,0.0,0.0,0.0,0.0,0.0,0.0,0.0,0.0
HNGK059,0.0,0.0,0.0,0.0,0.0,0.0,0.0,0.0,0.0,0.0,0.0,0.0,0.0,0.0,0.0,0.0,0.0,0.0,0.0,0.0,0.0,0.0,8.99161278415945e-07,1.3487419176239177e-06,6.422580560113893e-07,1.68271610674984e-05,1.4193903037851705e-05,1.573532237227904e-05,1.4771935288261952e-05,1.4065451426649424e-05,1.560687076107676e-05,1.8368580401925733e-05,1.8946612652335986e-05,1.6120677205885873e-05,1.8946612652335986e-05,1.4579257871458537e-05,1.6506032039492706e-05,1.8561257818729152e-05,2.06164835979656e-05,2.697483835247835e-05,2.29286125996066e-05,2.286438679400546e-05,2.6075677074062405e-05,0.0003786753498243,0.0003145137700287,0.0003023750927701,0.0003002556411853,0.0003217712860617,0.0003831069304107,0.0004757205420876,0.0005484241540281,0.000589014863168,0.0006105305080444,0.0005798947987726,0.000532335589725,0.0004970435095472,0.0004944423644203,0.0005211924124532,0.0005918086857116,0.0006933817972698,0.0008518910854935,0.000983682438587,0.0009742412451636,0.00086274524664,0.0007688471188512,0.0007432852482219,0.0007524695384229,0.0008045566667654,0.0008913257301326,0.001051151647371,0.0013274189501643,0.001728091638407,0.0020122587152892,0.0019340959098726,0.0015529799794355,0.0012410994674364,0.0011566104201681,0.0012051972421053,0.0013156656277393,0.0015010855285098,0.0018395555240278,0.0023238502111632,0.0030534874756949,0.0038306839492743,0.0039768618828225,0.0034412828899146,0.0029690626542322,0.0029234302193526,0.0033943017131173,0.0042343431374774,0.0053113456716029,0.0063174429163448,0.006678745185754,0.0067085780724557,0.006768757652304,0.0068906903442377,0.0067809605553682,0.0067199460400471,0.0071190773089554,0.0076381502698238,0.0084585064847671,0.009488270938873,0.0104422810552723,0.0106196406174399,0.0101860843167294,0.010042507528308,0.0104701550549032,0.0114660403965545,0.0127421108151407,0.0143185011007179,0.0157104027597057,0.0168726971636696,0.017925069101347,0.0195603223377576,0.0218870627101729,0.0240670792296923,0.0252552887462162,0.0255227250007394,0.0253608438577217,0.02479334463943,0.0240205155206315,0.023290685578683,0.0227160894088724,0.0226340088293141,0.0225008045084974,0.0224546261542701,0.0222740874147253,0.0212501353960264,0.0200780786696112,0.0187476411065836,0.0174698687041489,0.0162515693977009,0.0152735388300068,0.0144058160834326,0.0137465703018397,0.0132519673729054,0.012756401056887,0.012318894869132,0.011857400342985,0.0112067287064399,0.0105223706348569,0.0097472936128624,0.0090386260738594,0.0084932847585002,0.0079304419111146,0.0075533079806247,0.0071847481951826,0.0067817312650354,0.0064798378658073,0.0062225171756663,0.0059347213407676,0.0056165466998195,0.0052148142857844,0.0048900886126651,0.0045798779716116,0.0042728786208381,0.0040245816563841,0.0038030026270602,0.0036112885973408,0.0034478981478915,0.00327198366635,0.0030812330237146,0.0029326787353592,0.0026595906099431,0.0024724044995186,0.002303908098524,0.0021641527455359,0.0020162407152365,0.0019385274904591,0.0018194528468746,0.0017354454931483,0.0016184903011487,0.0015515027859067,0.0014385295938543,0.0013486776918183,0.0012232125805764,0.0011456920332159,0.0010847096307976,0.0010242731477269,0.0009752046322476,0.0009293474070484,0.0008672410530321,0.0008253016019746,0.0007767468929401,0.0007325595386865,0.0006809862167888,0.0006504789591283,0.0006117507983508,0.000587409218028,0.0005533053152538,0.0005384691541599,0.0005164397028387,0.0005127467190166,0.0004716100905291,0.0004576730907137,0.0004470758327895,0.0004197156396034,0.0004078338655672,0.0004041087688423,0.000396594349587,0.0003942822205853,0.0003597287371719,0.0003701975434849,0.0003588938016991,0.000365509059676,0.0003595360597551,0.0003508013501934,0.0003486818986085,0.0003471404792741,0.0003369285761835,0.000328643447261,0.0003288361246778,0.0003287076730666,0.0003360294149051,0.0003421950922428,0.0003339099633203,0.0003374423826283,0.0003314693827074,0.000327680060177,0.0003365753342527,0.0003425804470764,0.0003411032535476,0.0003319510762494,0.0003418097374092,0.0003497737373038,0.0003673716080385,0.0003702617692905,0.0004571592842689,0.0003409748019364,3.230558021737288e-05,3.5516870497429826e-05,4.489383811519611e-05,3.423235438540705e-05,0.0,0.0,3.2112902800569464e-08,0.0,0.0,0.0,0.0,0.0,0.0,0.0,0.0,0.0,0.0,0.0,0.0,0.0,0.0,0.0,0.0,0.0,0.0,0.0,0.0,0.0,0.0,0.0,0.0,0.0,0.0,0.0,0.0,0.0,0.0,0.0,0.0,0.0,0.0,0.0,0.0,0.0,0.0,0.0,0.0,0.0,0.0,0.0,0.0,0.0,0.0,0.0,0.0,0.0,0.0,0.0,0.0,0.0,0.0,0.0,0.0,0.0,0.0,0.0,0.0,0.0,0.0,0.0,0.0,0.0
HNGK060,0.0,0.0,0.0,0.0,0.0,0.0,0.0,0.0,0.0,0.0,0.0,0.0,0.0,0.0,0.0,0.0,0.0,0.0,0.0,0.0,0.0,0.0,0.0,0.0,0.0,0.0,0.0,0.0,0.0,0.0,0.0,0.0,0.0,0.0,0.0,0.0,0.0,0.0,0.0,0.0,0.0,0.0,0.0,0.0,0.0001599963535714,0.0001501470568399,0.0001635530440578,0.000174551425408,0.0002061238932639,0.0002419643897035,0.0002784615059251,0.0003047262972091,0.0003166001716021,0.0003238229892051,0.0002962723175146,0.0002868881264621,0.000308775452532,0.0003323043280573,0.0003520576398354,0.000403219264524,0.0004694831442008,0.0005173069516637,0.0005093180776481,0.0004851325823408,0.0004718907500685,0.0004749823348759,0.0004854061739167,0.0005270468117648,0.0005744055135487,0.0006631586207624,0.0008700759295964,0.0010915209511093,0.0012740065322177,0.0012694649120582,0.0010676911248506,0.0008999521296819,0.0009063541725574,0.0009958733361836,0.0011124233475061,0.00129507308356,0.001580182864779,0.0020511707626471,0.0027499236474309,0.0034010715980125,0.0036205467601791,0.0032879141222308,0.0030543489939066,0.0032639475001841,0.0038632772062951,0.0047424363762106,0.0058180069384465,0.0067232120263852,0.0071825175639635,0.0073043205335429,0.0075634391150538,0.0078678644615295,0.007931228270502,0.008145505192727,0.0086545223196417,0.0092844395639355,0.0104169445331109,0.0115193817880976,0.0125968401322071,0.0127441691958155,0.0125727367143725,0.0128630720946907,0.0137089898881374,0.0151884089755218,0.0167955679696821,0.0186000138492055,0.0200523473705783,0.0213630698922785,0.0231350404517456,0.025917959243227,0.0296527031271763,0.0326968471553028,0.0335181690660784,0.0328555849876253,0.0314668615076433,0.0298103739523528,0.0281283603030333,0.0265341695495695,0.0251822441365426,0.0245509589343695,0.0238524249228464,0.0230717587202458,0.0220573905935331,0.0204891089623046,0.0188691185232358,0.0171372291296343,0.0155116027041025,0.0141297737318325,0.0129701284783304,0.0119789609172518,0.0112003466514702,0.0105756276471181,0.0099454368112485,0.0094079661604429,0.0088464468101178,0.0080783384608498,0.00746527445763,0.006835904396488,0.006284726807731,0.0058091699305457,0.0054029685178447,0.0050527439415676,0.0047593443355996,0.0044983653313728,0.0042579604136518,0.0040579102533723,0.00385074671212,0.003532286117802,0.0032914434535595,0.0030515310006751,0.0028800438009169,0.0026582157511977,0.0024949910170309,0.0023364720579692,0.0022261599345765,0.0020840017517521,0.0019931693485617,0.0018099724293561,0.0017175531950256,0.0016095939591855,0.0014958345819368,0.0013877659094664,0.0012998335769803,0.0012105332866148,0.0011185517988057,0.0010299081282224,0.0009723444606583,0.0009273112872694,0.0008714438874758,0.0008206105726783,0.0007605298626162,0.0007136362665113,0.0006450194992819,0.0006089054112665,0.0005599872375001,0.0005487152645741,0.0005173616699789,0.0004979913864069,0.000454545044158,0.0004427806063954,0.0004100043356057,0.0004025626447419,0.0003800186988898,0.0003566539783101,0.0003400743288121,0.0003234946793141,0.0003172567913842,0.0003046715788939,0.0003083377060106,0.0002863956616255,0.0002757255901664,0.0002776954495127,0.0002635781241976,0.0003389252441934,0.000228065937649,0.0,0.0,0.0,0.0,0.0,0.0,0.0,0.0,0.0,0.0,0.0,0.0,0.0,0.0,0.0,0.0,0.0,0.0,0.0,0.0,0.0,0.0,0.0,0.0,0.0,0.0,0.0,0.0,0.0,0.0,0.0,0.0,0.0,0.0,0.0,0.0,0.0,0.0,0.0,0.0,0.0,0.0,0.0,0.0,0.0,0.0,0.0,0.0,0.0,0.0,0.0,0.0,0.0,0.0,0.0,0.0,0.0,0.0,0.0,0.0,0.0,0.0,0.0,0.0,0.0,0.0,0.0,0.0,0.0,0.0,0.0,0.0,0.0,0.0,0.0,0.0,0.0,0.0,0.0,0.0,0.0,0.0,0.0,0.0,0.0,0.0,0.0,0.0,0.0,0.0,0.0,0.0,0.0,0.0,0.0,0.0,0.0,0.0,0.0,0.0,0.0,0.0
HNGK061,0.0,0.0,0.0,0.0,0.0,0.0,0.0,0.0,0.0,0.0,0.0,0.0,0.0,0.0,0.0,0.0,0.0,0.0,0.0,0.0,1.7220145137123265e-05,1.3051776671391044e-05,1.1958434123002267e-05,1.1616764576630774e-05,1.2710107125019552e-05,1.5785133042362994e-05,1.277844103429385e-05,1.4555122675425616e-05,1.3940117491956928e-05,1.4486788766151317e-05,1.3188444489939645e-05,1.6605139953654576e-05,1.961183196172372e-05,1.53751295867172e-05,1.6263470407283083e-05,1.5716799133088692e-05,1.3120110580665343e-05,1.2641773215745254e-05,2.1183511875032585e-05,2.466854124802182e-05,2.159351533067838e-05,2.002183541736951e-05,2.617188725205639e-05,0.0002315836185305,0.0001974166638934,0.0001981341699408,0.0002006966915386,0.0002216752016858,0.000249623770579,0.0003157026608472,0.0003465212539299,0.0003806198746578,0.000376929843557,0.0003841049040308,0.0003616230478795,0.0003261577489662,0.0003344261519884,0.0003639805677495,0.0003907332932304,0.0004598188755067,0.0005460562690109,0.0006142535104666,0.0006147318478315,0.0005536413329403,0.0005120943161015,0.0004997258785229,0.0005212510599443,0.0005499513018395,0.0006123743279616,0.0007101259851785,0.0009187494101929,0.0012206827883214,0.0014564347753177,0.00142373699973,0.0011387845980561,0.0009113693479913,0.0008514405095577,0.0008950717106294,0.0009936433747575,0.0011527930494574,0.0014348754269417,0.0018845125499666,0.0025989435714294,0.0032682742127711,0.0034645975341162,0.0029185412651052,0.0025106219936923,0.0025396297381793,0.0030340255717788,0.003856800006396,0.0049524659077001,0.0059439909312702,0.0062928013711608,0.006379414601166,0.0064601852819282,0.0065291000294314,0.0063746995614261,0.0063205107713716,0.0066895480484074,0.0074220875558279,0.0082924223913,0.009565688122808,0.01071239945434,0.0109444614102355,0.0104328112645442,0.0102219669874784,0.0106075752375132,0.0116190195956368,0.0130361282061672,0.0148253149526961,0.0164978557160939,0.0177100992666199,0.0188390779486953,0.0204295838540092,0.0226258015311305,0.0246258325547253,0.0256412744465414,0.0259548587562012,0.0258525628940175,0.0254151575407528,0.0246151724648785,0.0236475643095545,0.0228455975503113,0.0223815419724295,0.0221138097158928,0.0218357248721011,0.0213298831086981,0.020588733528709,0.0196406005375281,0.0184168085563347,0.0173357661116153,0.016215636670791,0.015251786880477,0.0143702111169293,0.0136514408922276,0.0130844402800241,0.0125263914099356,0.0121363072888432,0.0117105187001551,0.0111986293857813,0.0105685907422723,0.0099855658283439,0.0093273736142139,0.0087615005115134,0.0082081325142102,0.0077410019104111,0.0073013073711856,0.0070386318239352,0.0068156241110185,0.0064066114970572,0.0061333441938693,0.0058140540027851,0.0055000596896697,0.0051355666176006,0.0048410474686284,0.0044740943758254,0.0042233089287887,0.0040150955072299,0.0038202071979796,0.0036195788403503,0.0034807243367049,0.0032770892870675,0.0031201262974644,0.0029311147044117,0.0026701475048932,0.0024778558841953,0.0023180228704027,0.0021778358555265,0.0020575340082491,0.0019444413884001,0.0018452205521338,0.0017558397988031,0.001666390711563,0.0015673065431153,0.0014835975042542,0.0013939434152864,0.0012731290636894,0.0011874383414594,0.00110263596005,0.0010459871492616,0.0010082668313422,0.0009281111557635,0.000888135818838,0.0008521921825597,0.0008131051864548,0.0007680731402431,0.0007116293311825,0.0006674856257913,0.0006460971121884,0.0006117251558235,0.0005881499571238,0.0005627297428738,0.0005564430232206,0.0005270594422326,0.0005137343299241,0.0004790207040128,0.0004564705139523,0.0004363803446256,0.0004327586474341,0.0004167001787546,0.0004233285679542,0.0004061084228171,0.0004014617169865,0.0003859499195812,0.0003813032137505,0.0003914166323231,0.0003716681325429,0.0003760415027364,0.0003611447105146,0.0003717364664521,0.0003553363282263,0.0003437878975589,0.0003519196327626,0.0003643564042505,0.0003568396742303,0.0003532179770388,0.0003569763420489,0.0003397903638664,0.0003516462971255,0.0003469312573856,0.0003623747208816,0.0003551996604078,0.0003591630271457,0.0003641514025227,0.0003666797571658,0.000365723082436,0.0003636047312485,0.0003785698573796,0.0003815765493876,0.0003726248072727,0.000376178170555,0.0004107551286478,0.0004229185644986,0.0004322119761599,0.0004510038012103,0.0004425303964603,0.0005542563381238,0.0004451270850127,0.0,0.0,0.0,0.0,0.0,0.0,0.0,0.0,0.0,0.0,0.0,0.0,0.0,0.0,0.0,0.0,0.0,0.0,0.0,0.0,0.0,0.0,0.0,0.0,0.0,0.0,0.0,0.0,0.0,0.0,0.0,0.0,0.0,0.0,0.0,0.0,0.0,0.0,0.0,0.0,0.0,0.0,0.0,0.0,0.0,0.0,0.0,0.0,0.0,0.0,0.0,0.0,0.0,0.0,0.0,0.0,0.0,0.0,0.0,0.0,0.0,0.0,3.4166954637149336e-08
HNGK062,0.0,0.0,0.0,0.0,0.0,0.0,0.0,0.0,0.0,0.0,0.0,0.0,0.0,0.0,0.0,0.0,0.0,0.0,0.0,0.0,0.0,0.0,0.0,0.0,0.0,0.0,0.0,0.0,0.0,0.0,0.0,0.0,4.90746786959757e-06,3.912710869003468e-06,5.835907736818732e-06,1.3860280874944487e-05,1.3296585241274495e-05,1.2136035407248043e-05,1.3163950974528615e-05,1.8635114477796177e-05,2.009409141200086e-05,1.7905626010693836e-05,2.062462847898438e-05,0.0002250803506677,0.0001877438045787,0.0001747456464376,0.0001825710681757,0.0002041904536552,0.0002468986875474,0.0002862910647709,0.0003368910375345,0.0003625889267165,0.0003825835424284,0.0003696517014207,0.0003296624699968,0.0003085073044509,0.0003138126751207,0.0003529066252441,0.000384639373563,0.0004390194229288,0.0005611755826018,0.0006217894425046,0.0006232484194388,0.0005413467597233,0.0004807328998204,0.0004819929253545,0.0004937973750949,0.0005287465043824,0.0006035522308271,0.0007062111532884,0.0008997577070373,0.0012128740522577,0.0014156055289787,0.0013593685998785,0.0010594162056327,0.0008474003302394,0.0007889417771711,0.0008570163145785,0.0009662406332437,0.001116913160267,0.0013828117065258,0.0017968958873064,0.0023846314818241,0.0029809219865469,0.003101586010719,0.0026545753732187,0.0023066425329776,0.0023868199472254,0.0028809489079872,0.0036485034096456,0.0046519479547116,0.0055053499855213,0.0057927352829929,0.0057827545544203,0.0059213905217364,0.0060460335739108,0.0060032590228853,0.0061108585717829,0.0065770680193947,0.0071837039969236,0.0079815985871002,0.0092480237245565,0.0101969887445566,0.0103765755417305,0.0099546327806452,0.0098818165682017,0.0104071477402154,0.0115679628427754,0.013125619671439,0.0148040068414081,0.0163423985428268,0.0175274193990679,0.018626460091891,0.0203601225925264,0.0230416227218945,0.0254906812987905,0.0268219314341189,0.0273229573767515,0.0273052175435742,0.0268157639407152,0.0258668320792818,0.0249416749101626,0.0242755856225648,0.0241981603693519,0.0242247866984011,0.0243132205957539,0.0240080623065384,0.023105552438466,0.0218431394875787,0.0203540877333894,0.0189116569239613,0.0175103427372244,0.0163417685300598,0.0155080626878619,0.0147345728027666,0.0141160328997972,0.0135777698867757,0.013056351425631,0.0124629125576432,0.0116956233245183,0.0108319421380358,0.0100568274831729,0.0092718647340041,0.0086540874780685,0.0080505020886746,0.0074468835407141,0.0070354188867017,0.0067030705728032,0.00638507991828,0.0060888412835031,0.0057147131755796,0.0053810385190137,0.0050146363571282,0.0046402098221046,0.0043151895514438,0.0040332091003421,0.0037432705932356,0.0035362948199786,0.0033696398638124,0.0031101077623574,0.0029628505677028,0.0027968587828703,0.0025983716026851,0.0024258144216487,0.0022328315635335,0.0020758589088397,0.0019456120588953,0.0018001785854084,0.0016942038062785,0.0015793425312765,0.0014759541203481,0.0013765447374221,0.0013100949697824,0.0012165878117265,0.0011633683121948,0.0010749344148419,0.0009809630368525,0.0009312251868228,0.0008595363656466,0.0007902018027052,0.0007433487479772,0.0006959319976156,0.0006696040956665,0.0006282885215752,0.0006039169750606,0.0005652540863042,0.0005331897523184,0.0004981743058975,0.0004656125934114,0.000448303821601,0.000434244589326,0.0003948522121024,0.0003987649229714,0.0003955817005695,0.0003575156660135,0.0003475017788742,0.0003336414979992,0.0003300935313638,0.0003129505523869,0.0003075125474503,0.0002852963077703,0.0002827099395688,0.0002741550293637,0.0002756140062979,0.0002728950038296,0.0002740887122303,0.0002677222674265,0.0002596978942884,0.0002597642114218,0.0002490871529487,0.0002508777155498,0.0002464344676138,0.0002512093012166,0.0002416596340109,0.0002492197872155,0.0002572441603536,0.0002921932896411,0.0002405322427436,8.700807898529746e-05,9.741986892484906e-05,0.0001153254949355,8.846705591950215e-05,0.0,0.0,0.0,0.0,0.0,0.0,0.0,0.0,0.0,0.0,0.0,0.0,0.0,0.0,0.0,0.0,0.0,0.0,0.0,0.0,0.0,0.0,0.0,0.0,0.0,0.0,0.0,0.0,0.0,0.0,0.0,0.0,0.0,0.0,0.0,0.0,0.0,0.0,0.0,0.0,0.0,0.0,0.0,0.0,0.0,0.0,0.0,0.0,0.0,0.0,0.0,0.0,0.0,0.0,0.0,0.0,0.0,0.0,0.0,0.0,0.0,0.0,0.0,0.0,0.0,0.0,0.0,0.0,0.0,0.0,0.0,6.631713337294014e-08,0.0,0.0,0.0,0.0,0.0,0.0,0.0
HNGK063,0.0,0.0,0.0,0.0,0.0,0.0,0.0,0.0,0.0,0.0,0.0,0.0,0.0,0.0,0.0,0.0,0.0,0.0,0.0,0.0,0.0,0.0,0.0,0.0,0.0,0.0,0.0,0.0,0.0,1.2187676001088342e-05,1.2476483489265792e-05,1.490246638995636e-05,1.3631713441975586e-05,1.3862759432517544e-05,1.4469255157690188e-05,1.2303198996359322e-05,1.2620887233354517e-05,1.3920520930153035e-05,1.6635311319021055e-05,1.917681721498261e-05,1.790606426700183e-05,1.6288742333208115e-05,1.819487175517928e-05,0.0002240279685792,0.0002048222706154,0.0001899775657231,0.0001881291977987,0.0002077681069948,0.0002378040857653,0.0002863526245279,0.0003319553269111,0.0003597386072738,0.0003723306137583,0.0003516519976048,0.0003225402027965,0.0003048651845201,0.0003094283428333,0.0003351033285322,0.0003820345453611,0.0004379476750722,0.0005280556113836,0.000594539095162,0.0005877232384411,0.0005174852573163,0.0004696876180229,0.0004629584035484,0.0004916081063756,0.0005255718669853,0.000585355017038,0.0006883148865733,0.0008760108731398,0.0011530061350508,0.0013504638147177,0.0013225938921086,0.0010525877714115,0.0008641697661245,0.000808314397911,0.0008513178329006,0.0009650213409961,0.0011004720529513,0.0013917344047783,0.0018021009647296,0.0024515134826454,0.0031034675064572,0.0032684921052018,0.0028198585530669,0.0025030367385363,0.0025382712520939,0.0030593088415148,0.0038481864954715,0.004915041356799,0.005866142176865,0.0062455774548326,0.0062428626644437,0.0063812014512807,0.0065020962658318,0.0064780097213178,0.0065012009626184,0.0069181523333002,0.0074914351973324,0.0086006869979244,0.0098170286151325,0.0109082588284622,0.0111124168418548,0.0106028737904634,0.0105505129928568,0.0111313048515816,0.01232003647292,0.0138747738240257,0.015661712395626,0.0172553521153892,0.0183880262032723,0.0195669383700127,0.02139523417392,0.0240596565368499,0.0264394591201809,0.0276666598989445,0.0279462833089979,0.0275782848075622,0.0268159774425178,0.0257588265127931,0.0246709753470751,0.0238891445958299,0.0235011028547147,0.0232472121918579,0.0231664904989123,0.0227465355303535,0.0218110880761467,0.0206402047575777,0.0192628240849618,0.0179199559071831,0.0165679325320292,0.0154349696366579,0.0145795218566763,0.0137784854074673,0.0131574915463882,0.0126356164152515,0.0121667374581954,0.0116194183873503,0.0110011970781577,0.0102440304864029,0.0095226760231821,0.0088401084056235,0.0081650209020087,0.0076260772483208,0.0071901801064145,0.0066653013774008,0.0063319886552952,0.0060847116839177,0.0058303011675822,0.0055243673953558,0.0051578706928586,0.0047995761230257,0.0044988986470842,0.0041724595431972,0.0039276085547203,0.0036234942696695,0.003473198852822,0.0032848963705303,0.0031501387965467,0.0028821832090156,0.0027058373567345,0.0025631664575748,0.002380582363549,0.0021993556647177,0.0020561360313305,0.0019115590027488,0.0017880649208042,0.0016979569844928,0.0015946216652229,0.0015218421782022,0.0013880087881808,0.0013096553166382,0.0012269119712754,0.0011329917761201,0.0010669126228251,0.0009973388989231,0.0009352741697138,0.0008862924197189,0.000850307006692,0.0007770654276902,0.0007349572959139,0.0006880549598339,0.0006648925992821,0.0006221490910318,0.0005833911261184,0.0005503515494709,0.0005297884563127,0.0004882001780151,0.0004746839875684,0.0004627851190555,0.0004411823189398,0.0004317671948252,0.000414207699544,0.0003999406096281,0.0003720418062701,0.0003675941709522,0.000350670052145,0.0003545978339842,0.000340215221073,0.0003364607237267,0.0003318398039158,0.0003178037599904,0.0003188434669479,0.0003193633204266,0.0003147135198669,0.0003139915011465,0.0003202297428911,0.0002936016924811,0.0002966630518558,0.0002941793074575,0.0003022659171265,0.0002982803737896,0.0003034789085768,0.0003003597877045,0.00029631648287,0.0002958543908889,0.0002983381352873,0.0002960854368795,0.0003072334059231,0.0002962009598747,0.0003108146187765,0.0003223669183036,0.0003290672520293,0.0004010958395808,0.0003029012936005,0.0,0.0,0.0,0.0,0.0,0.0,0.0,0.0,0.0,0.0,0.0,0.0,0.0,0.0,0.0,0.0,0.0,0.0,0.0,0.0,0.0,0.0,0.0,0.0,0.0,0.0,0.0,0.0,0.0,0.0,0.0,0.0,0.0,0.0,0.0,0.0,0.0,0.0,0.0,0.0,0.0,0.0,0.0,0.0,0.0,0.0,0.0,0.0,0.0,0.0,0.0,0.0,0.0,0.0,0.0,0.0,0.0,0.0,0.0,0.0,0.0,0.0,0.0,0.0,0.0,0.0,0.0,0.0,0.0,0.0,0.0,0.0,0.0,0.0,0.0
HNGK064,0.0,0.0,0.0,0.0,0.0,0.0,0.0,0.0,0.0,0.0,0.0,0.0,0.0,0.0,0.0,1.5860053156667447e-05,1.8904616932277715e-05,1.2744685572322055e-05,1.996667406330455e-05,1.3594331277143523e-05,1.4302369364494753e-05,1.401915412955426e-05,1.3806742703348893e-05,1.5293622686786466e-05,1.6143268391607937e-05,1.6072464582872814e-05,1.3311116042203036e-05,1.543523030425671e-05,1.982506644583431e-05,1.6922110287694282e-05,1.6426483626548427e-05,1.536442649552159e-05,1.9258635975953328e-05,1.4160761747024506e-05,1.6143268391607937e-05,2.1949180707887984e-05,2.131194642927188e-05,1.819657884492649e-05,2.124114262053676e-05,2.725946636302217e-05,2.180757309041774e-05,2.1382750238007003e-05,2.2940434030179697e-05,0.000264098206582,0.0002252269155864,0.0002129778566752,0.0002113847709787,0.0002292627326843,0.0002640274027732,0.0003288836915746,0.0003833318204919,0.0004319032332842,0.0004321156447104,0.0004166096105974,0.0003795084148202,0.0003643563997509,0.0003483547389768,0.0003809952948036,0.0004201498010342,0.0004801914308416,0.0005862909382311,0.0006985503769807,0.0006843896152336,0.0006098686065399,0.0005436670453726,0.0005479506758011,0.0005483046948447,0.000593689936244,0.0006580505983842,0.0007716199075953,0.0009889167966034,0.0013417321755305,0.0015626400587841,0.0015200869697343,0.001198071247607,0.0009470009418322,0.0008685149198493,0.0009149268164752,0.0010038209983421,0.00115367725953,0.0014297767116926,0.0018468819489513,0.0025106322539387,0.0031616024714494,0.0033150697268828,0.0028571814957927,0.0024147992988157,0.0023890621143405,0.0028214255723815,0.0035750613125581,0.0046432429730406,0.0055178116185368,0.0059231634235454,0.0058955499381387,0.0059535382574927,0.0060668243514689,0.0059701771525455,0.0059584945241042,0.0062617118350123,0.006853631676038,0.0077583627440554,0.0088501220728466,0.0098394636923025,0.0100379975719957,0.0095164567168528,0.0093786017012455,0.0097316294915989,0.0106772143572564,0.0119830490017583,0.013659683192606,0.0151438726313116,0.0162354195486767,0.0172186366386769,0.0186620784854555,0.0206125110046819,0.0225738119085492,0.0235863771772702,0.0241048380667331,0.0241653753232016,0.0239569643121898,0.0233509899151303,0.0227466440056716,0.0221482810180511,0.0220504301543792,0.0219647575458097,0.02190372466268,0.0216637705548767,0.0211075712353579,0.0201269030824721,0.0190120971139376,0.0179568371485493,0.0169052235793109,0.0159644533726473,0.0151740350538328,0.0144743518159123,0.0140159325562568,0.0134847269812215,0.0131510286306529,0.0126311870669196,0.0121428531980735,0.0114729075598217,0.0107794550570699,0.0101225373196255,0.009459353445108,0.008897064998038,0.0084110676548801,0.0079650390617532,0.0076316593283239,0.0073945373728699,0.0071230047663707,0.0068446041904242,0.006303769297401,0.0059145961626884,0.0055656749932417,0.0052238342046686,0.0048776035799538,0.0045835553622768,0.0043448757230307,0.0041372789558194,0.0039466751027044,0.0037487784572897,0.0035722645621131,0.0033586494711592,0.0031601863952747,0.0029262152093095,0.0027243181487013,0.0025496451525517,0.0023170546408568,0.0021961217355372,0.0020879689176943,0.0019776919855894,0.0018860010532774,0.0017646433251054,0.0016643851319365,0.0015741456777036,0.0014684001893577,0.0013682127999975,0.0012755306143632,0.0012162678264519,0.0011163636523266,0.0010521445978039,0.0009971300384167,0.0009402037761936,0.0009161304812237,0.0008554516171377,0.0008135357623665,0.0007720447304477,0.000723331710038,0.0006915407999159,0.0006736982401146,0.0006269677263495,0.0006033192542319,0.0005849102639608,0.0005764138069126,0.000551703277664,0.0005405162758839,0.0005160181580615,0.0005074508972046,0.0004828465736691,0.0004525071416261,0.0004540648254183,0.0004464888178836,0.0004407537093761,0.0004447187226653,0.0004450019379002,0.0004431610388731,0.0004411077284198,0.0004115471382728,0.0004112993249423,0.000412715401117,0.0004104496792375,0.0004083963687841,0.0004098832487676,0.0004133526353956,0.000404431355495,0.0004161139839363,0.0004037233174076,0.0004079715459317,0.0004085379764016,0.0004057058240522,0.0004020948298067,0.0004111577173248,0.0004156183572751,0.0004195125667556,0.0004317970275711,0.000434098151355,0.0004331068980327,0.0004326112713715,0.0004372135189393,0.0004309473818663,0.0004498874007029,0.0004512326730689,0.0004591626996472,0.0004775008861096,0.0005001581049049,0.0004920156669003,0.0005116991257287,0.0005081589352919,0.0005477382643749,0.0005511368471941,0.0005757057688252,0.0005745729078855,0.0005848394601521,0.0006266137073058,0.0006523862936854,0.000821678200371,0.000655430857461,0.0,0.0,0.0,0.0,0.0,0.0,0.0,0.0,0.0,0.0,0.0,0.0,0.0,0.0,0.0,0.0,0.0,0.0,0.0,0.0,0.0,0.0,0.0,0.0,0.0,0.0,0.0,0.0,0.0,0.0,0.0,0.0,0.0,0.0,0.0,0.0,0.0,0.0,0.0,0.0,0.0,0.0,0.0,0.0,0.0,0.0,0.0,0.0,0.0,0.0,0.0,0.0,0.0,0.0
HNGK065,0.0,0.0,0.0,0.0,0.0,0.0,0.0,0.0,0.0,0.0,0.0,0.0,0.0,0.0,0.0,0.0,0.0,0.0,0.0,0.0,0.0,0.0,0.0,0.0,0.0,1.769173065846063e-05,1.5425434582376828e-05,1.666824210797117e-05,2.149325956027861e-05,2.193189751048838e-05,2.2005003835523343e-05,2.2662960760838e-05,2.2005003835523343e-05,1.900764450908993e-05,2.748797821314544e-05,2.8986657876362145e-05,2.536789478713156e-05,2.646448966265598e-05,2.94618489890894e-05,3.43599727664318e-05,3.0046699589369084e-05,4.225545587020762e-05,4.481417724643126e-05,0.0005923805517582,0.0005172272496223,0.0004792119606041,0.0004656141841476,0.0005026059846153,0.000570887292198,0.0007051836112872,0.0008502265601565,0.0009407321905498,0.0009579852832581,0.0009189465056894,0.0008378715912256,0.0007529951478601,0.0007600133550634,0.0008026343425588,0.0009089309391596,0.0011134458834449,0.0013580962001744,0.0016137490188217,0.0016040989839171,0.0014061270557224,0.0012846243435143,0.0012884258724161,0.0013813440115355,0.0014854474183853,0.0015818746611064,0.0018907488843792,0.0024207697408826,0.0031016820522583,0.0035206544010336,0.0033873084641698,0.0027293515388552,0.0023618094897419,0.002310744721705,0.0025163928140284,0.002716338612999,0.0030016725996104,0.0036274261887472,0.0045033496221536,0.0057445488085971,0.0068107680060695,0.006934134929566,0.0059920868251655,0.0053559155847113,0.0054591051624981,0.0062750083030508,0.0074770224992756,0.0090984476822261,0.0107274759229801,0.0115781776742494,0.0117605414020491,0.01180425898442,0.0116145115177918,0.0110465850317577,0.0106589021900973,0.0108037989263166,0.0112307398645208,0.0118882947050477,0.012931339197484,0.0137574772235416,0.0138474345564971,0.0133915800667416,0.0133593767305637,0.0137924220469083,0.0148415709174851,0.0160914697566078,0.0175344789533104,0.0189700313048594,0.0201376489751553,0.0216243757542288,0.0238105107449117,0.0266943725017284,0.0289859268131117,0.0293460120170714,0.0287183211103213,0.0274493780735269,0.0261756465724428,0.024701823059738,0.0231864751544133,0.0220237190547322,0.0212623897858182,0.0206065529439295,0.0198447119307402,0.0188899433257836,0.0173585851352763,0.015844187612177,0.0143716800133228,0.0129397464248631,0.0117719459887546,0.0108665241531966,0.0099782091976968,0.0092724407358093,0.0086840810319279,0.0081822061105629,0.0076354804587889,0.0069687142213076,0.0064178580621691,0.0059433614595297,0.0054191525558665,0.0049800028613815,0.004619296253659,0.0043143697719382,0.0040160959657955,0.0037271066629323,0.0035058138170515,0.0033242908119897,0.0031573159656099,0.0029805448716753,0.0028029696081654,0.0025363508407629,0.0023843993441777,0.0022343486120435,0.00210158752578,0.0019622834234259,0.001848566534834,0.0017269176099758,0.0016488400548385,0.001570543180726,0.0014568262921341,0.001392821704566,0.0012599144056525,0.001173283410486,0.0011069028673543,0.0010291177375171,0.0009748728443412,0.0009272075204184,0.0008725239892922,0.0008057048082103,0.0007687861140676,0.0007212670027949,0.0006654868767932,0.0006390954934556,0.0005964013996352,0.0005425220380844,0.0005219791607496,0.0004993893063138,0.0004627630374713,0.0004512853444408,0.0004059594229191,0.0004059594229191,0.0003914112642371,0.0003653123061997,0.0003572706104458,0.0003333648421594,0.0003236417009297,0.0002987855504178,0.0002896472597885,0.0002951302341661,0.0002691774887787,0.0002693237014287,0.0002723941670802,0.0002612820056749,0.0002397887461146,0.0002348906223373,0.0002382535132889,0.00023013871121,0.0002299924985599,0.0002304311365101,0.0002294076479597,0.000225898544358,0.0002243633115322,0.0002286765847093,0.0002267758202584,0.0002895010471384,0.0001968022269941,0.0,0.0,0.0,0.0,0.0,0.0,0.0,0.0,0.0,0.0,0.0,0.0,0.0,0.0,0.0,0.0,0.0,0.0,0.0,0.0,0.0,0.0,0.0,0.0,0.0,0.0,0.0,0.0,0.0,0.0,0.0,0.0,0.0,0.0,0.0,0.0,0.0,0.0,0.0,0.0,0.0,0.0,0.0,0.0,0.0,7.310632503496129e-08,0.0,0.0,0.0,0.0,0.0,0.0,0.0,0.0,0.0,0.0,0.0,0.0,0.0,0.0,0.0,0.0,0.0,0.0,0.0,0.0,0.0,0.0,0.0,0.0,0.0,0.0,0.0,0.0,0.0,0.0,0.0,0.0,0.0,0.0,0.0,0.0,0.0,0.0,0.0,0.0,0.0,0.0,0.0,0.0,0.0,0.0,0.0
HNGK066,0.0,0.0,0.0,0.0,0.0,0.0,0.0,0.0,0.0,0.0,0.0,0.0,0.0,0.0,0.0,0.0,0.0,0.0,0.0,0.0,0.0,0.0,0.0,0.0,0.0,0.0,0.0,0.0,0.0,0.0,0.0,0.0,0.0,0.0,1.4376222698518444e-05,1.3753875395552276e-05,1.3971696951590436e-05,1.350493647436581e-05,1.7799132864832357e-05,2.352472805212109e-05,1.6927846640679726e-05,1.9355001122247776e-05,2.3835901703604173e-05,0.0003215046167123,0.0002913830072487,0.0002769445498199,0.0002836659006919,0.0003005315126023,0.0003519373998273,0.0004296685779678,0.000500429466315,0.0005404463978958,0.0005380192434142,0.000514681219553,0.000471054673615,0.0004567406856468,0.0004727972460633,0.0005094535022081,0.0005669583930021,0.0006843953290718,0.0008259793404966,0.0009447854406329,0.0009346722969597,0.0008251080542725,0.0007594504138096,0.0007735154628566,0.0008028902555566,0.0008689213044013,0.0009582903771073,0.0011316141009833,0.001432830195619,0.0017838340744919,0.0020606541548512,0.0020398677549322,0.0016676418330281,0.001406816078355,0.0013683550150317,0.0014546745859531,0.0016037267650135,0.0018380405245802,0.0022273187625856,0.0028098358381619,0.0035913173464965,0.0044498143335732,0.0046507080429707,0.0040825049553626,0.0036767656311938,0.0037523808285042,0.0043395966262179,0.0052506508430301,0.0064494473353686,0.0074203713627261,0.0078832421693072,0.0080410694453395,0.0082264667068931,0.0084061383732594,0.0084312500869341,0.0086228397041522,0.0090468760390282,0.0096337184283602,0.0106571374507229,0.0117918944055862,0.0127228948534585,0.0129236952107605,0.012580750729461,0.0126659500752371,0.0133321728630624,0.0145899056449918,0.0160123737580164,0.0176384427912064,0.0189982716481875,0.020099701904977,0.0215557456549967,0.023700541165209,0.0267436016551575,0.02934479556,0.0302975781634761,0.0300174907597762,0.0290668863718605,0.0278786697836723,0.0265066429195531,0.0251257164890015,0.024071709096698,0.0234301623794353,0.0230222448397062,0.0224449554814747,0.0215712421028405,0.0202183835356527,0.0186129764329212,0.0169618890381519,0.0153749656503185,0.0140250943501849,0.0129287051065494,0.0120698035937258,0.0113121891044599,0.0106749054662226,0.0100661875691914,0.0095405841544713,0.0089397078334574,0.0083849785649586,0.0075624532519933,0.0069518683130532,0.006376508231461,0.0059294139290101,0.005554449678973,0.0051377881596371,0.0048540600242149,0.0045937321473841,0.0043248158777724,0.0040817270212338,0.0038767258196368,0.0036010259644228,0.0033800926718698,0.0031402400213066,0.0028955019444152,0.0027012051164292,0.0025177682488799,0.0023755618901521,0.0022208463506347,0.0021180345761847,0.0020008465790362,0.0018837208166179,0.0017662838805482,0.0016510873947692,0.0015146066312287,0.0014529320135048,0.0013320099325384,0.0012296960359308,0.0011670878972524,0.0011143750806912,0.0010414982115138,0.0009856114237075,0.0009434162765664,0.0008727176229494,0.0008183244686702,0.0007550939826888,0.0007153259900293,0.000681283592557,0.0006325537987348,0.0006075354371555,0.0005752978468619,0.0005435581344106,0.0005064662351538,0.0005034789680996,0.0004874846424133,0.0004606614736555,0.0004306643336525,0.0004137987217422,0.0003855441541875,0.0003734706165099,0.0003587832201599,0.0003432867723161,0.0003398638621498,0.0003414197304072,0.0003283504370449,0.0003137252754252,0.0003017762072082,0.0003001581042205,0.0002956149689089,0.0002840393090737,0.0002816121545921,0.0002615725714366,0.0002630039702335,0.0002673604013542,0.0002734594049233,0.0002722769450476,0.0002635640828061,0.0002627239139471,0.0003235583628121,0.0002404127631358,0.0,0.0,0.0,0.0,0.0,0.0,0.0,0.0,0.0,0.0,0.0,0.0,0.0,0.0,0.0,0.0,0.0,0.0,0.0,0.0,0.0,0.0,0.0,0.0,0.0,0.0,0.0,0.0,0.0,0.0,0.0,0.0,0.0,0.0,0.0,0.0,0.0,0.0,0.0,0.0,0.0,0.0,0.0,0.0,0.0,0.0,0.0,0.0,0.0,0.0,0.0,0.0,0.0,0.0,0.0,0.0,0.0,0.0,0.0,0.0,0.0,0.0,0.0,0.0,0.0,0.0,0.0,0.0,0.0,0.0,0.0,0.0,0.0,0.0,0.0,0.0,0.0,0.0,0.0,0.0,0.0,0.0,0.0,0.0,0.0,0.0,0.0,0.0,0.0,0.0,0.0
HNGK067,0.0,0.0,0.0,0.0,0.0,0.0,0.0,0.0,0.0,0.0,0.0,0.0,0.0,0.0,0.0,0.0,0.0,0.0,0.0,0.0,0.0,0.0,0.0,0.0,0.0,0.0,0.0,0.0,0.0,0.0,0.0,0.0,0.0,0.0,0.0,0.0,0.0,0.0,0.0,0.0,0.0,2.120004104327946e-08,0.0,0.0,0.0,0.0,0.0,0.0002923909660689,0.0003320350428198,0.0003955503657855,0.0004521120752889,0.0005074441824119,0.0005348346354398,0.0005279234220597,0.0005058753793747,0.0004677153054968,0.0004831065352942,0.0005236198137279,0.0005715955066089,0.0006589396757072,0.000781306312609,0.0008958501343658,0.0008966769359665,0.0008371048206349,0.0007630530772707,0.0007687134882293,0.0008090359662936,0.0008634776716927,0.0009358970118966,0.0010701356717826,0.0013843838801671,0.0017465441813095,0.0020278475259128,0.0019901326528968,0.0016091891153901,0.0013650494427357,0.0013370229884765,0.0014693112445865,0.0016160579286881,0.0018578019967046,0.0022369435307226,0.0028354842894975,0.0036986651606157,0.0045159903429573,0.0047332695636098,0.0042428490141556,0.004024530991492,0.0042771294805226,0.0050509521786434,0.006148499503495,0.0073516442327832,0.008368970602327,0.0088647759622062,0.0090754831701354,0.0092938223928401,0.0094982755886615,0.0095226768359023,0.0098800459277689,0.0103822961001252,0.0111084399059396,0.0120428529149632,0.0130649704937828,0.0140560936125972,0.0144087138952701,0.0142585116044784,0.0145564145812186,0.0154827079745226,0.0170689798455449,0.0187823459626217,0.020511103309496,0.0221812849429676,0.0237059282946771,0.025728921011191,0.0288040717646829,0.0327769806562345,0.035806869322099,0.0363982232669602,0.035124546001121,0.0333833018300723,0.0312384088775595,0.0291356616066408,0.0271431757491882,0.0253029273864674,0.0240704630004163,0.0228230737854708,0.0216080782332394,0.0200861696868245,0.0182567969451588,0.0162690386968589,0.0144524071798603,0.0127870803557875,0.0114070636840752,0.0102665014759468,0.009389307377699,0.0083849978333558,0.0077500778041506,0.007133559410571,0.0066237832236443,0.0060738541589816,0.0055692507820695,0.005039037755577,0.004565344038506,0.0041663168659894,0.0038143537845889,0.0035568580860772,0.0033193964263514,0.0030175290419362,0.0028419927020978,0.0026753603794976,0.002541800120925,0.002380637408914,0.0022128602840975,0.0020561919807876,0.0019429413615344,0.0017816938493592,0.0016675740284233,0.0015608742218524,0.0014770492595673,0.0013939026985956,0.0013253417658616,0.0012505480210609,0.0011758814765065,0.0010719164752302,0.0010072139499662,0.0009325898054938,0.000887136917497,0.0008136151751589,0.0007687134882293,0.0007261438058144,0.0006605084787444,0.0006269700138139,0.0005892339407569,0.0005630306900274,0.0005171538012097,0.0004775521245409,0.0004452008619088,0.000421287215612,0.000384568744525,0.0003743503247422,0.0003587470945343,0.0003339854465958,0.0003094781991497,0.0003004893817474,0.000288532558599,0.0002857765532634,0.0002655941141902,0.0003097325996423,0.0002139932142908,0.0,0.0,0.0,0.0,0.0,0.0,0.0,0.0,0.0,0.0,0.0,0.0,0.0,0.0,0.0,0.0,0.0,0.0,0.0,0.0,0.0,0.0,0.0,0.0,0.0,0.0,0.0,0.0,0.0,0.0,0.0,0.0,0.0,0.0,0.0,0.0,0.0,0.0,0.0,0.0,0.0,0.0,0.0,0.0,0.0,0.0,0.0,0.0,0.0,0.0,0.0,0.0,0.0,0.0,0.0,0.0,0.0,0.0,0.0,0.0,0.0,0.0,0.0,0.0,0.0,0.0,0.0,0.0,0.0,0.0,0.0,0.0,0.0,0.0,0.0,0.0,0.0,0.0,0.0,0.0,0.0,0.0,0.0,0.0,0.0,0.0,0.0,0.0,0.0,0.0,0.0,0.0,0.0,0.0,0.0,0.0,0.0,0.0,0.0,0.0,0.0,0.0,0.0,0.0,0.0,0.0,0.0,0.0,0.0,0.0,0.0,0.0,0.0
HNGK068,0.0,0.0,0.0,0.0,0.0,0.0,0.0,0.0,0.0,0.0,0.0,0.0,0.0,0.0,0.0,0.0,0.0,0.0,0.0,0.0,0.0,0.0,0.0,0.0,0.0,0.0,0.0,0.0,0.0,0.0,0.0,0.0,0.0,0.0,0.0,0.0,0.0,0.0,2.9976959109689113e-08,0.0,0.0,0.0,0.0,0.0,0.0,0.0,0.0,0.0001684105562782,0.0001945504646218,0.0002323813870183,0.0002748887150358,0.0003018679782345,0.0003034867340264,0.000303906411454,0.0002964121716766,0.0002832822635865,0.0002898172406724,0.0003091523792982,0.0003381400987572,0.0003951562749839,0.0004606859075977,0.0005211194571628,0.0005418035589485,0.0004961186732653,0.000451213188519,0.0004786121291452,0.0004972278207524,0.0005320310702787,0.0005784653799396,0.0006747213956408,0.0008525447170795,0.0010945786849311,0.0013071153250188,0.0012845426748092,0.0010649614493308,0.0008976300635805,0.0008799436577058,0.0009399275528843,0.0010737147213908,0.00127408071608,0.0015722015744258,0.0020339366755924,0.0026907318496856,0.0033313394658597,0.0034567330858155,0.0031386775496617,0.0029093538124726,0.0031308535633341,0.0038348624480251,0.0047517976732723,0.0057922679470105,0.0066919963977287,0.0071950997024666,0.007413002218235,0.0076240100334081,0.0077919409583406,0.007791791073545,0.0080048073449785,0.0085450820790124,0.0092462731295471,0.0104021846728167,0.011567838727797,0.0125703881482614,0.0128757034767936,0.0127405073912089,0.0129680624878106,0.0138873059389092,0.0153553375804289,0.017168643836974,0.0189779032040393,0.020730446164469,0.0221676015381057,0.0240743759531548,0.026881388427227,0.030517503636355,0.0335704171060039,0.0345336667330756,0.0340222598106643,0.0327786656619988,0.0312519391345424,0.029529283202345,0.0277645396195576,0.0264173151232499,0.0254342507262068,0.0246848267484645,0.02388093463602,0.0227280207886614,0.0210729628992563,0.0193284837408271,0.0174315717453251,0.0157112240389791,0.0142303622589605,0.0130459726045367,0.0119931818006044,0.0110839806308075,0.0104151347191521,0.009744730005623,0.008897521187265,0.0082635684560133,0.00761249888111,0.0069518366792915,0.0063060130722324,0.0057250895816457,0.0052960293659087,0.0048955971461215,0.0045238828531614,0.0042115529161975,0.0039673905842491,0.0037600999120056,0.0034224094676349,0.0031997406153682,0.0029791101963209,0.0027927134645768,0.00257004461231,0.0024009745629314,0.0022230013566972,0.002075664602673,0.0019907099005562,0.0018047928001579,0.0016842854245369,0.0015993606993792,0.0014897949138333,0.0014029216863334,0.0012742905547937,0.0012214411758833,0.001123776243104,0.0010126216787252,0.0009535071153609,0.0008982895566809,0.0008374363296882,0.0008078790480061,0.0007568582636014,0.0006842540686377,0.0006398282152372,0.0005973208872196,0.0005608988819013,0.0005254361392746,0.0005047520374889,0.000447376137753,0.0004300494553875,0.0003993530492592,0.0003849641088866,0.0003721939243059,0.0003642200531827,0.0003308257207345,0.0003179955822355,0.0002952130933122,0.0002937741992749,0.0002796250745751,0.0002660155351393,0.0002591208345441,0.0002600800972356,0.0002465904656363,0.0003122999600047,0.0002169132761177,0.0,0.0,0.0,0.0,0.0,0.0,0.0,0.0,0.0,0.0,0.0,0.0,0.0,0.0,0.0,0.0,0.0,0.0,0.0,0.0,0.0,0.0,0.0,0.0,0.0,0.0,0.0,0.0,0.0,0.0,0.0,0.0,0.0,0.0,0.0,0.0,0.0,0.0,0.0,0.0,0.0,0.0,0.0,0.0,0.0,0.0,0.0,0.0,0.0,0.0,0.0,0.0,0.0,0.0,0.0,0.0,0.0,0.0,0.0,0.0,0.0,0.0,0.0,0.0,0.0,0.0,0.0,0.0,0.0,0.0,0.0,0.0,0.0,0.0,0.0,0.0,0.0,0.0,0.0,0.0,0.0,0.0,0.0,0.0,0.0,0.0,0.0,0.0,0.0,0.0,0.0,0.0,0.0,0.0,0.0,0.0,0.0,0.0,0.0,0.0,0.0,0.0,0.0,0.0,0.0,0.0
HNGK069,0.0,0.0,0.0,0.0,0.0,0.0,0.0,0.0,0.0,0.0,0.0,0.0,0.0,0.0,0.0,0.0,0.0,0.0,0.0,0.0,0.0,0.0,0.0,0.0,0.0,0.0,0.0,0.0,0.0,0.0,0.0,0.0,0.0,8.778011228173611e-06,8.92431141530984e-06,8.997461508877952e-06,1.3971667871509669e-05,1.3971667871509669e-05,1.806807311132402e-05,2.187187797686592e-05,1.8433823579164584e-05,2.0262575918367422e-05,2.487103181315857e-05,0.0002974282804479,0.0002387619054063,0.0002251559880026,0.0002331293482015,0.0002667052411493,0.000316886205337,0.0004018866140632,0.0004790599627775,0.0005146840583452,0.0005131479063803,0.0005007855405673,0.0004397052124379,0.0003998384114433,0.0004062024695837,0.0004490684244146,0.0005083931502983,0.0006038540224047,0.0007295990332483,0.0008341305169571,0.0008200125488985,0.0006924387857157,0.0006156311874692,0.0006034882719369,0.0006424772718087,0.0006824903729904,0.0007492032583246,0.0009043546067825,0.00116425688923,0.0015234238486495,0.0017472265599211,0.0016931320657275,0.0013411338154777,0.0010773545780711,0.0010040581843159,0.0010712465452582,0.0011804962100022,0.0013688577009401,0.0017088593358446,0.0022292491014882,0.0029928629282457,0.0037147080515759,0.0038725659534959,0.0033469093811154,0.002955556380526,0.0029836460164562,0.0035046209828483,0.0043934311947476,0.0055857777199079,0.0065687686772762,0.0070197755791704,0.0069996227283924,0.0071167726032417,0.0072191095841435,0.007124343637926,0.0071439112879555,0.0075036634481235,0.0082527204062609,0.0091424815693767,0.0104556720491115,0.0115642617171362,0.0117767993139984,0.0112191761507286,0.011214713995021,0.0117906246816827,0.0129967234244338,0.0144725997122641,0.0161099182565991,0.0176582862871554,0.0188614590261637,0.0201553013061497,0.0220241033215811,0.0247293035068703,0.0270838587186407,0.0282125280873499,0.0283637293307552,0.0279167822590541,0.0270251923435991,0.026030314496026,0.0249656148841421,0.0241337885951323,0.0238750932892287,0.0235958428070324,0.0233261749870935,0.022572729023342,0.0215238664067156,0.0200348596770898,0.0185706874042305,0.0171538432419097,0.0159757609849952,0.0148957730035556,0.0139958439774339,0.0131708206471259,0.0125462651482414,0.0119369614438658,0.0113026404074899,0.0107078569966875,0.010027231951083,0.0093603591230693,0.0086343810194526,0.0080189327072173,0.0073155214074663,0.0068377049962794,0.0063541828777941,0.0059851772307898,0.0056772519119148,0.0053779583040809,0.0051529120412186,0.0048530698076829,0.0045259425892463,0.0042548483424828,0.0039632720695203,0.0037266315168275,0.0034779211986959,0.0032221153214882,0.0029742462294327,0.002807866341612,0.0026518371920312,0.002522800426977,0.0023574080654195,0.0022239822947513,0.0020803886610771,0.0019330277975841,0.0018189502266647,0.0016773316455168,0.0015509282838311,0.0014388623404847,0.0013553980837235,0.0012821016899683,0.0012044894406925,0.0011355089024578,0.0010559947507492,0.0010107879929241,0.0009498173899351,0.0008820438282443,0.0008048704795299,0.0007611998736697,0.0007114578100434,0.0006836607744875,0.0006397707183467,0.0006274449275804,0.0006003428179135,0.0005625973696323,0.0005397013903455,0.0004914223285905,0.0004694041504265,0.0004441307930988,0.0004337800548589,0.000421051938578,0.0003966929574198,0.0003814045878641,0.0003714927501856,0.0003545585035246,0.0003581428581094,0.00034482954108,0.0003277855692787,0.0003202511096412,0.0003037191884948,0.0003039386387755,0.0002926003742724,0.0002874798677226,0.0002905521716525,0.0002957824033426,0.000289454920249,0.0002908447720268,0.0002836760628571,0.000279799107898,0.0002770194043424,0.0002964773292315,0.0002555864269269,0.0001916532451484,0.0001877762901893,0.0002408832581197,0.0001845576860723,0.0,0.0,0.0,0.0,0.0,0.0,0.0,0.0,0.0,0.0,3.6575046784056726e-08,0.0,0.0,0.0,0.0,0.0,0.0,0.0,0.0,0.0,0.0,0.0,0.0,0.0,0.0,0.0,0.0,0.0,0.0,0.0,0.0,0.0,0.0,0.0,0.0,0.0,0.0,0.0,0.0,0.0,0.0,0.0,0.0,0.0,0.0,0.0,0.0,0.0,0.0,0.0,0.0,0.0,0.0,0.0,0.0,0.0,0.0,0.0,0.0,0.0,0.0,0.0,0.0,0.0,0.0,0.0,0.0,0.0,0.0,0.0,0.0,0.0,0.0,0.0,0.0,0.0,0.0,0.0,0.0,0.0,0.0,0.0,0.0,0.0,0.0
HNGK070,0.0,0.0,0.0,0.0,0.0,0.0,0.0,0.0,0.0,0.0,0.0,0.0,0.0,0.0,0.0,0.0,0.0,0.0,0.0,0.0,0.0,0.0,0.0,0.0,0.0,0.0,0.0,0.0,0.0,0.0,0.0,0.0,0.0,0.0,0.0,0.0,1.70501636471428e-06,1.9673265746703222e-06,1.7705939172032906e-06,2.754257204538452e-06,2.203405763630761e-05,2.373907400102189e-05,2.977220883001089e-05,0.0005258663934093,0.0004625184777049,0.0004433042548257,0.0004711747146335,0.0005298666241112,0.0005972147705174,0.0007046963790469,0.0008331628043728,0.0009379557332503,0.001000942972416,0.0009868765874071,0.0009045767590334,0.0008389336289919,0.0008578855416612,0.0009199219063158,0.0010086155460572,0.0011168512964403,0.0012651221426179,0.0014131962561381,0.0014036219334747,0.0012624334629659,0.0011590832402432,0.0011354753213472,0.0011578372667459,0.0012346285807106,0.0013372246615796,0.0014716914329583,0.0018028580730278,0.0023442663463771,0.0027295672560263,0.0025943135540177,0.0021517306522694,0.0018090879405143,0.0018009235352294,0.0019487681273159,0.0021997006319151,0.0025362118425124,0.0030308961097133,0.0039331448656333,0.0050363232423797,0.0059780168961219,0.0061697000820473,0.0056022903091361,0.0053475870952688,0.0057943997491527,0.0068268855243159,0.0080612845835928,0.0093366696131753,0.0103862055519857,0.0108781683507583,0.01133809651514,0.0114547589810179,0.0114861050511077,0.0113970835236038,0.011594373590267,0.0123597947829187,0.0132191886082872,0.0144481447307075,0.0158149448684597,0.0169505185561357,0.0173014240395044,0.0171290862315633,0.0174380876588915,0.018266233780499,0.0197668121253288,0.0214945839007567,0.0231974689950151,0.0246100750531809,0.0259898267575497,0.0277027452173389,0.0300124849823306,0.0327810708820879,0.0341235417478667,0.0331762412133867,0.0308381063681672,0.0284292789213646,0.0259509392689237,0.0235664083053183,0.0215464885335518,0.0197972073209074,0.0185554307869755,0.017276832457321,0.0160924690705932,0.0148875143323839,0.0134776953201989,0.0122161799429678,0.0110500799046082,0.0100202172315445,0.0090843927687501,0.0083610723647963,0.007597454554838,0.0070686043827904,0.0065764776401366,0.0061596995052927,0.0057883338255475,0.0054237554224848,0.0050843587995779,0.0046486615408409,0.0043142488119232,0.0039816066769227,0.0037227720772486,0.0035003985967584,0.0031569033768209,0.0029821391994377,0.0028465248208904,0.0026528743083904,0.0025256538565617,0.0024205002511456,0.0022677373426224,0.0021447466429293,0.0020304777577172,0.0019077165794578,0.0017195090038143,0.0016118962401798,0.0015351705037677,0.0014176555297074,0.0013248632929354,0.0012568593710043,0.0011687887180116,0.0010966534102737,0.0009904177752415,0.0009135608837244,0.0008624103927829,0.0007787990133594,0.0007135493486329,0.00067131740483,0.0006181995873139,0.0005558353348968,0.0005197676810278,0.0004890118089105,0.0004525506897266,0.000426188513626,0.0003911045230444,0.0003456592791695,0.0003181167071241,0.0003000173026372,0.0002850656206697,0.0002685400774424,0.0002527358872926,0.0002323412684685,0.0002221111702802,0.0002158813027938,0.0002088645046774,0.0002451288912039,0.0001682064221343,1.816498203945598e-05,2.1378282111417507e-05,1.560745749238456e-05,0.0,0.0,0.0,0.0,0.0,0.0,0.0,0.0,0.0,0.0,0.0,0.0,0.0,0.0,0.0,0.0,0.0,0.0,0.0,0.0,0.0,0.0,0.0,0.0,0.0,0.0,0.0,0.0,0.0,0.0,0.0,0.0,0.0,0.0,0.0,0.0,0.0,0.0,0.0,0.0,0.0,0.0,0.0,0.0,0.0,0.0,0.0,0.0,0.0,0.0,0.0,0.0,0.0,0.0,0.0,0.0,0.0,0.0,0.0,0.0,0.0,0.0,0.0,0.0,0.0,0.0,0.0,0.0,0.0,0.0,0.0,0.0,0.0,0.0,0.0,0.0,0.0,0.0,0.0,0.0,0.0,0.0,0.0,0.0,0.0,0.0,0.0,0.0,0.0,0.0,0.0,0.0,0.0,0.0,0.0,0.0,0.0,0.0,0.0,0.0,0.0,0.0,0.0,0.0,0.0,0.0,0.0,0.0,0.0,0.0
HNGK071,3.919623110991536e-08,0.0,0.0,0.0,0.0,0.0,0.0,0.0,0.0,0.0,0.0,0.0,0.0,0.0,0.0,0.0,0.0,0.0,0.0,0.0,0.0,0.0,0.0,0.0,0.0,0.0,0.0,0.0,1.6619201990604115e-05,1.497296028398767e-05,1.4659390435108346e-05,1.4306624355119109e-05,1.850062108388005e-05,1.732473415058259e-05,1.920615324385853e-05,1.536492259508682e-05,1.732473415058259e-05,1.5521707519526486e-05,1.8422228621660222e-05,2.6339867305863124e-05,2.375291605260871e-05,2.383130851482854e-05,2.6261474843643296e-05,0.0003491600267271,0.0002804882298225,0.0002476417881524,0.0002630459069786,0.0002907968386044,0.0003500223438115,0.0004377435090355,0.0005179389978864,0.0005411431667034,0.0005470226013699,0.0005144897295487,0.0004799186537098,0.0004600069683059,0.0004597717909193,0.0004876795074695,0.0005473361712188,0.0006582223090288,0.0007862763960649,0.0009011997456791,0.000917191807972,0.0007934885025891,0.0006988688006897,0.0006817008514636,0.0006877762672856,0.0007381042280308,0.0008300193899835,0.0009792786380501,0.0012640784532947,0.0016556096058517,0.0019741573760819,0.001907837353044,0.0015221464389224,0.0012092821222031,0.0011337901810854,0.0011966609357857,0.0013139360592665,0.0015144639776249,0.0018486902402991,0.0023421315937418,0.0030330043632852,0.0037470029091834,0.0039871190209628,0.0034446039861704,0.0030410787868938,0.0030435873456849,0.0035091993750396,0.0043576017974137,0.0054671687076732,0.0065092789041925,0.006856439923133,0.0068908542140475,0.0069685411441074,0.0070650030688689,0.0070804855801573,0.0071245421439248,0.0076020306313058,0.0082443000742729,0.0090462157665506,0.0101579384695212,0.0110510637915917,0.0112508077853278,0.0107627363155472,0.010609675033063,0.0109684773326431,0.0120315967090374,0.0133493348027216,0.0147621629530785,0.0163135105841778,0.0173985406537625,0.018475300318583,0.0200993569583912,0.0223917485348546,0.0243016632881475,0.0253138275640988,0.0255838112039839,0.0253669384572528,0.0247929488488792,0.0241582834747474,0.023469527301684,0.0228419956416142,0.0227628976472344,0.0227383608065596,0.0226382536323049,0.0222148559438556,0.0213114612092343,0.0200948885880447,0.0187261561976865,0.0173205009576227,0.0162403312206956,0.0152554083253657,0.0144990778498687,0.0139109384020645,0.0133126863266338,0.0127647230157172,0.0122963280539537,0.0116645632009241,0.0110325239742767,0.0103283636823871,0.0095439687054155,0.0088679905036939,0.0083233980686527,0.0078238029069257,0.0073664612823352,0.0067910606096417,0.0065006949295794,0.0061479288495902,0.0058955835137045,0.005595497168327,0.0052415943976356,0.0049127772148545,0.0045806283524291,0.0042999833376821,0.0040184368096196,0.003770755825236,0.0035555685164426,0.0033493179483422,0.0031439296973263,0.0030177962256146,0.002775093162582,0.0026089011426759,0.0024503915840674,0.0022943121917877,0.0021407413582991,0.0019735302363842,0.0018833789048314,0.0017516795683021,0.0016301712518613,0.0015509948650193,0.001494552292221,0.0013768852064291,0.0012857539690985,0.00119999261543,0.0011276755690322,0.0010635897311675,0.0009922133943163,0.0009230712426385,0.0008685492851646,0.0008416214743921,0.0008065016513176,0.0007360268277819,0.0006965954192854,0.0006796234512148,0.000643680507287,0.0006157727907367,0.0005672478566226,0.0005620739541161,0.0005330687430948,0.0005206827340641,0.0004709819130167,0.000474666358741,0.000446837034653,0.0004440149060131,0.0004346862030089,0.0004230841186004,0.000402623685961,0.0003992528100855,0.0003712667010731,0.0003682877875087,0.0003610756809845,0.0003602525601312,0.0003619379980689,0.0003375579423185,0.0003533148272247,0.0003486112794915,0.000334500636292,0.0003374795498563,0.0003315217227276,0.0003236824765056,0.0003263478202211,0.0003145889508881,0.0003297186960966,0.0003378715121674,0.0003304242282565,0.000334853402372,0.0003384986518652,0.0003263478202211,0.0003299538734832,0.0003435941619095,0.0003524133139092,0.0003429670222117,0.0004445636532486,0.0003274453146922,0.0,0.0,0.0,0.0,0.0,0.0,0.0,0.0,0.0,0.0,0.0,0.0,0.0,0.0,0.0,0.0,0.0,0.0,0.0,0.0,0.0,0.0,0.0,0.0,0.0,0.0,0.0,0.0,0.0,0.0,0.0,0.0,0.0,0.0,0.0,0.0,0.0,0.0,0.0,0.0,0.0,0.0,0.0,3.919623110991536e-08,0.0,0.0,0.0,0.0,0.0,0.0,0.0,0.0,0.0,0.0,0.0,0.0,0.0,0.0,0.0,0.0,0.0,0.0,0.0,0.0,0.0,0.0,0.0,0.0,0.0,0.0,0.0,0.0,0.0,0.0,0.0,0.0
HNGK072,0.0,0.0,0.0,0.0,0.0,0.0,0.0,0.0,0.0,0.0,0.0,0.0,0.0,0.0,0.0,0.0,0.0,0.0,0.0,0.0,0.0,0.0,0.0,0.0,0.0,0.0,0.0,0.0,0.0,0.0,0.0,0.0,0.0,0.0,0.0,0.0,0.0,0.0,1.5873814623706184e-05,1.9907324896943e-05,2.0818117539286795e-05,2.140362709507924e-05,2.5437137368316053e-05,0.0002956172690578,0.0002343989921689,0.0002306582366735,0.0002295848024879,0.0002634793001065,0.0002970485146386,0.0003693914730877,0.0004334722411383,0.0004863632710115,0.0004989191981524,0.0004696437203628,0.0004358793359788,0.0004008463475572,0.0004121336706605,0.0004457679418099,0.0005088728606009,0.0006050915976028,0.0007387829461754,0.000856535423507,0.0008721815399701,0.0007521846093413,0.0006680664031591,0.0006667002141956,0.0006992935794681,0.0007686764618295,0.000848891270973,0.000999529868355,0.0013007094781929,0.0017113143183466,0.0019995801896484,0.0019339380627824,0.0015482824353671,0.0012426464472434,0.0011839328501209,0.0012457691648743,0.0013897719872906,0.0015835105936406,0.0019894638856567,0.0025539601540579,0.0034109509738861,0.004251092129831,0.0044570939085439,0.0039013152268623,0.0033870101387159,0.0034297848645975,0.0040553042400357,0.0050298523673436,0.0063899910654494,0.0076466246854146,0.008231386090108,0.0082021106123184,0.0083122839937333,0.0083740552518694,0.0081553023761636,0.0080819835684549,0.008474079800984,0.0090411458057689,0.0100096111393583,0.0112438978112774,0.0124107858276631,0.0126487304054754,0.0120905771572619,0.0119860311732443,0.0125229759642146,0.0136106575490251,0.0150837345347815,0.0167790123969612,0.0183887733356866,0.0198127000470652,0.0213020086588405,0.0233208130789042,0.0259934690312448,0.0281691900122608,0.0290043218086728,0.0290644341230675,0.0285244967277009,0.0277951795193441,0.0266774417773363,0.0255154004789403,0.0246153421784527,0.0240198139035944,0.0234096153615327,0.0227286352198375,0.0219752145347672,0.0206733015091541,0.0191988583344341,0.0176132659290395,0.0161836467636463,0.0148769520766608,0.0138697455274632,0.0129306857848981,0.0121491931694585,0.0114091741475541,0.0107841101684371,0.0101812304958228,0.009617449850212,0.0089623297138975,0.008306656596336,0.0075276361323541,0.0069848362458259,0.0065168514692044,0.0060513713723495,0.0056091164878742,0.0052377082596499,0.0049417331791968,0.0046993647514074,0.0044311363182371,0.004165445093142,0.0038849209593001,0.0036364697377922,0.0034418203387999,0.0031203105360525,0.002907185057744,0.0027456494769626,0.002535841886137,0.0024036468397625,0.0022592211493337,0.0021541547123777,0.0020334746872671,0.0018938631865193,0.0017755902562492,0.0016656445729948,0.0015190069575775,0.0014146561434118,0.0013210396711023,0.0012461920328869,0.0011649037895577,0.0011047589468543,0.0010368723666911,0.0009785491092724,0.0009117684916034,0.0008557547440993,0.0008032540539299,0.0007516641564028,0.0007078159963357,0.0006626016473051,0.0006259747717594,0.0005907791417945,0.0005532414736065,0.0005240961090515,0.0005075066716374,0.0004763445519458,0.0004521434903063,0.0004323012220267,0.0004143130673404,0.0003840292119825,0.0003667892083953,0.0003600883768123,0.0003438567507934,0.0003344560695921,0.0003337404468016,0.0003127271594104,0.0003068070072352,0.0002949667028847,0.0002923644381923,0.000279092888261,0.0002746690382839,0.0002613974883526,0.0002649105456874,0.0002682934897875,0.0002573639780794,0.0002584048839563,0.0003283407475649,0.000234008652465,0.0,0.0,0.0,0.0,0.0,0.0,0.0,0.0,0.0,0.0,0.0,0.0,0.0,0.0,0.0,0.0,0.0,0.0,0.0,0.0,0.0,0.0,0.0,0.0,0.0,0.0,0.0,0.0,0.0,0.0,0.0,0.0,0.0,0.0,0.0,0.0,0.0,0.0,0.0,0.0,0.0,0.0,0.0,0.0,0.0,0.0,0.0,0.0,0.0,0.0,0.0,0.0,0.0,0.0,0.0,0.0,0.0,0.0,0.0,0.0,0.0,0.0,0.0,0.0,0.0,0.0,0.0,0.0,0.0,0.0,0.0,0.0,0.0,0.0,0.0,0.0,0.0,0.0,0.0,0.0,0.0,0.0,0.0,0.0,0.0,0.0,0.0,0.0,0.0,0.0,0.0,0.0,0.0,0.0
HNGK073,0.0,0.0,0.0,0.0,0.0,0.0,0.0,0.0,0.0,0.0,0.0,0.0,0.0,0.0,0.0,0.0,0.0,0.0,0.0,0.0,0.0,0.0,0.0,0.0,0.0,0.0,0.0,0.0,0.0,0.0,0.0,0.0,0.0,0.0,0.0,0.0,0.0,1.391688208445924e-05,1.2686137410323388e-05,1.9928596454276665e-05,1.86031791128996e-05,1.883986078100264e-05,2.030728712324154e-05,0.0003329164343537,0.0002815565123753,0.0002674502849564,0.000265130804609,0.0002915918151029,0.0003376027313821,0.0004183585165389,0.0004883689539638,0.0005500008603378,0.0005500008603378,0.0005232084955085,0.0004744994082129,0.0004445355090311,0.0004513046047388,0.0004739313722095,0.000543610455299,0.0006374784048687,0.0007749904540366,0.0008978282397821,0.0009045499991562,0.0008068004702296,0.0007200803070367,0.0007058320706169,0.0007499968698849,0.0008148003106115,0.0008912484894088,0.0010344882349448,0.0013613929549287,0.0017563436544922,0.0020892364206792,0.0020239596166164,0.0016362513760968,0.0012910748313353,0.0012302713107996,0.0013100803692839,0.0014491071811277,0.0016625940457566,0.0020825383294719,0.0026875440094769,0.0035724730983474,0.0043898532391412,0.0045274599609764,0.0040304994624604,0.0035913129591284,0.0036814176701752,0.0042621398110328,0.005234451771767,0.006422002041474,0.0074417686766628,0.0079190135922258,0.0080089999624386,0.0081284532003302,0.0081633400782086,0.0080714365864842,0.0081655175495551,0.0087410800300481,0.0094034573464013,0.0102520084628843,0.0113949915744876,0.0123466648937631,0.0125560808337007,0.0122105019301035,0.0122945712586137,0.012927363366454,0.0142730879949543,0.0157334138871501,0.0174514151114097,0.0190132774392217,0.0202803054130777,0.021895918147716,0.0243766970519381,0.0278971001833028,0.030707387305858,0.0316103988741715,0.0311394496909801,0.0300496962865332,0.0286975102484937,0.0271450441829054,0.0257071793810125,0.0245915330020752,0.0240924187003795,0.023645682051835,0.0231301420423729,0.0221586111311435,0.0206169140814539,0.0188570438701069,0.0171595629464718,0.0155446365886711,0.0141307239715903,0.013064733406621,0.0121581952814527,0.011321951611711,0.0106992894792655,0.0100940471175924,0.0094798818570318,0.0088631841026225,0.0082320487664589,0.007404562318437,0.0067511315691381,0.0062387394258618,0.0057429386675196,0.0053581889478512,0.0049761847355329,0.0046745576177024,0.0044163615859688,0.0041634672236007,0.0039599683253657,0.0037404697463669,0.0034668657380398,0.003266704051325,0.002960650986301,0.0027799445327043,0.0026116401985162,0.0024358330554493,0.0022994570782883,0.0021531878074006,0.0020223028449396,0.0019210030909915,0.0018125082143331,0.0016953981249557,0.0015518270250844,0.0014406576455764,0.0013552865678916,0.0012451822558901,0.0011698701490997,0.0011177528457834,0.0010416123531547,0.0009844063939741,0.0009407622943759,0.0008658288782545,0.0008135222296037,0.0007454525818573,0.0007070154789574,0.0006557502296463,0.0006212420424368,0.0005884852995714,0.0005525806905201,0.0005231611591749,0.0005005817280379,0.0004691977388474,0.0004550915114285,0.0004353049239751,0.0004204886515518,0.0003841343473312,0.0003655311682183,0.0003613182345261,0.0003377920767166,0.0003331531160218,0.0003293662093322,0.0003188102069348,0.0003180054892632,0.0003012484271615,0.0002881835990822,0.0002834026293865,0.0002790950230271,0.0002629533332624,0.0002602078259124,0.0002658408496133,0.0002752134436702,0.0002728939633228,0.0002782429690219,0.0003191888976037,0.0002400898841237,0.0,0.0,0.0,0.0,0.0,0.0,0.0,0.0,0.0,0.0,0.0,0.0,0.0,0.0,0.0,0.0,0.0,0.0,0.0,0.0,0.0,0.0,0.0,0.0,0.0,0.0,0.0,0.0,0.0,0.0,0.0,0.0,0.0,0.0,0.0,0.0,0.0,0.0,0.0,0.0,0.0,0.0,2.3668166810304825e-08,0.0,0.0,0.0,0.0,0.0,0.0,0.0,0.0,0.0,0.0,0.0,0.0,0.0,0.0,0.0,0.0,0.0,0.0,0.0,0.0,0.0,0.0,0.0,0.0,0.0,0.0,0.0,0.0,0.0,0.0,0.0,0.0,0.0,0.0,0.0,0.0,0.0,0.0,0.0,0.0,0.0,0.0,0.0,0.0,0.0,0.0,0.0,0.0,0.0,0.0,0.0,0.0
HNGK074,0.0,0.0,0.0,0.0,0.0,0.0,0.0,0.0,0.0,0.0,0.0,0.0,0.0,0.0,0.0,0.0,0.0,0.0,0.0,0.0,0.0,0.0,0.0,0.0,0.0,0.0,0.0,0.0,0.0,0.0,0.0,0.0,0.0,0.0,0.0,0.0,1.5072686598355684e-05,1.5703103148096796e-05,1.5703103148096796e-05,1.9886776614560545e-05,1.862594351507832e-05,2.02306401871466e-05,2.6878669257143783e-05,0.000468055632885,0.0003971051157414,0.0003632918644371,0.0003741235669736,0.0004014034103987,0.0004530975674775,0.0005592941008112,0.00063958624501,0.0007043472178471,0.0007165257193762,0.0006939740000741,0.0006256024597249,0.0005735930943712,0.0005944828064058,0.0006298720990845,0.0006972407040136,0.0008050992446148,0.000971471903151,0.0011013950229931,0.0011146910811331,0.0009973189816904,0.0008845030745844,0.00088857212686,0.0009123273686662,0.0009849398930773,0.001068670673002,0.0012470212459833,0.0015314537311074,0.0019866144800205,0.002323486159964,0.0022583813235543,0.001814224208964,0.0014660050311252,0.0013953697222565,0.0015004486989792,0.0016454445054197,0.0018810197079389,0.0022950314493325,0.0028871931766234,0.0038019562455955,0.0047227369270878,0.0049085378774751,0.0043129088591606,0.0038364858793426,0.003932337850201,0.0046343066783377,0.0056672155397908,0.0070123811804498,0.0081248658036588,0.0086286545927951,0.0088111601839452,0.0088579256298169,0.0089768737706339,0.0089343493088241,0.0089593367284321,0.0093470142512251,0.0100275775719684,0.0109434581975513,0.0120553697148061,0.0130188467898945,0.0133384106700178,0.0128336189454615,0.012869724620583,0.0132800398285714,0.0144046169874163,0.0158864110875828,0.0175769017210113,0.0191662391535041,0.020543040242841,0.0220693073650619,0.0241522323007043,0.0270255563132334,0.0291707778661093,0.0299269625175237,0.0295837866720829,0.0286773336394483,0.0276407855551853,0.0264131066351599,0.0252051998705582,0.0240461503885615,0.0233411154435692,0.0227179200288524,0.0219354584694328,0.0208983372792155,0.0194821065002221,0.0178670652656785,0.016313460989437,0.0148252194472845,0.0136207799737064,0.0126397372011184,0.011710102032632,0.0109263796401129,0.0102346407532606,0.0096361462051746,0.0090764222748976,0.0085493080734209,0.0079791822700732,0.0072403054184789,0.0067184637917818,0.0062142738284775,0.0057799454810036,0.0053913796439814,0.0050582331527409,0.0047113607738947,0.004419334634876,0.0041716382414232,0.0039783869136298,0.0037162482501284,0.003472735530142,0.0032798853765167,0.0030002096708133,0.00278701425581,0.0026122742503408,0.0024404570852387,0.0022878962802013,0.0021611825537033,0.0020090802334294,0.0019178131102056,0.0018109861603222,0.0017128417656466,0.0015814858809187,0.001459070449078,0.0013580891799286,0.0012640998034217,0.00117544031229,0.0011124559679113,0.0010517640473498,0.0010053997756462,0.0009410972875726,0.0008721526412691,0.000809110986295,0.0007769310869604,0.000716038579315,0.0006648029069997,0.0006535127196998,0.0006124783333712,0.0005916745872297,0.0005317850150043,0.0004994045285858,0.0004773399493448,0.0004562496502262,0.0004414062060096,0.0004055297732698,0.0003972770475277,0.0003656415988498,0.0003541794797636,0.0003368716799434,0.0003341780819582,0.0003120561921218,0.000313546267603,0.000302370701494,0.000290278165858,0.0002854640758418,0.0002679843442354,0.0002657492310135,0.0002631129436237,0.0002531982106142,0.0002446016212995,0.0002409337431919,0.0002507911656061,0.0002879284314453,0.0002223077996768,0.0,0.0,0.0,0.0,0.0,0.0,0.0,0.0,0.0,0.0,0.0,0.0,0.0,0.0,0.0,0.0,0.0,0.0,0.0,0.0,0.0,0.0,0.0,0.0,0.0,0.0,0.0,0.0,0.0,0.0,0.0,0.0,0.0,0.0,0.0,0.0,0.0,0.0,0.0,0.0,0.0,0.0,0.0,0.0,0.0,0.0,0.0,0.0,0.0,0.0,0.0,0.0,0.0,0.0,0.0,0.0,0.0,0.0,0.0,0.0,0.0,0.0,0.0,0.0,0.0,0.0,0.0,0.0,0.0,0.0,0.0,0.0,0.0,0.0,0.0,0.0,0.0,0.0,0.0,0.0,0.0,0.0,0.0,0.0,0.0,0.0,0.0,0.0,0.0,0.0,0.0,0.0,0.0,0.0,0.0,0.0
HNGK075,0.0,0.0,0.0,0.0,0.0,0.0,0.0,0.0,0.0,0.0,0.0,0.0,0.0,0.0,0.0,0.0,0.0,0.0,0.0,0.0,0.0,0.0,0.0,0.0,0.0,0.0,0.0,0.0,0.0,0.0,0.0,0.0,0.0,0.0,0.0,0.0,0.0,0.0,0.0,0.0,0.0,0.0,1.833349225405384e-05,0.000286879563178,0.0002282854782996,0.0002168955678295,0.0002204891759457,0.0002444262605166,0.0002837123153467,0.0003603962580306,0.000422888494086,0.0004466733071265,0.0004594336613698,0.0004396383624244,0.0003997432214729,0.0003759279541263,0.0003856733320686,0.000410706771658,0.0004582763977392,0.0005422693738798,0.000657021199151,0.0007653167115355,0.0007425368905952,0.0006528185049134,0.0005721145938283,0.000560237414461,0.0005833826870741,0.0006218769299464,0.0007003272223824,0.0008495533221247,0.0010911777864829,0.00143866141874,0.0016753522855149,0.0016177327384307,0.0012504538072283,0.0009964039859935,0.0009085737672881,0.0010186356294245,0.0011202921030857,0.0013162655626452,0.0016327771656293,0.0021354559416183,0.0028935245283092,0.0036034753114097,0.0037472196360594,0.003212137478412,0.0027857162848219,0.0029558949471403,0.0036076170970352,0.0045635168559559,0.0057329317547323,0.0066246947450698,0.0070433196363061,0.0071148568012642,0.0071482347207168,0.0072252536607674,0.0071828917210243,0.007202382476909,0.007647502614426,0.0084056930183411,0.0095272337479758,0.010777626646592,0.0116619892405545,0.0119406461410937,0.011523543965161,0.0115208639862268,0.0122552391227953,0.0135018252331528,0.0151946582903519,0.0170190844040788,0.0187243428181543,0.0200176458340229,0.0216166187199147,0.0240212907271906,0.0274818439802145,0.0303176575985214,0.0312880231528252,0.0309712374610866,0.0301905108706797,0.0287593716655389,0.0273601790274654,0.0259775535318939,0.0249672623823325,0.0245576215113869,0.024111709561912,0.0237549373663036,0.0229694294498438,0.0215329607411408,0.0198982954085352,0.0182230040316324,0.01660722036879,0.0152858080284189,0.0141533951115174,0.013233796885432,0.0123904257874394,0.0117045948147463,0.0111727103592362,0.0104790830841891,0.0098925331492837,0.0092459273228085,0.0085601572587275,0.0077126748294155,0.0071091618460291,0.006612969837233,0.0061160469250911,0.0057047919759238,0.0053549024534872,0.0050456085210417,0.0048038622394592,0.0045171044935054,0.004278464551142,0.0039982849352993,0.0037653704024771,0.0035006920284239,0.0031976412287228,0.0029777002302863,0.0027834626661727,0.0026038431689727,0.0024632051835421,0.0023147708957576,0.002186314632755,0.0020618174295414,0.0019415229205655,0.0017882768524219,0.0016317417192229,0.0015383688168127,0.0014244088034993,0.0013348122350418,0.0012544737756295,0.0011720035147923,0.0011123130748954,0.0010427554398318,0.0009471898273846,0.0008900575491976,0.0008393206752852,0.0007861474568872,0.0007323651523679,0.0006742583363866,0.0006414285944433,0.0006008025501461,0.0005617601297645,0.0005230831610558,0.0005035924051711,0.0004753308091383,0.0004567536824357,0.0004433537877649,0.0004003523075943,0.0003820797239524,0.000361858064722,0.0003471790891963,0.0003353628184412,0.0003212320204248,0.0003052739640442,0.0002952849516533,0.000291691343537,0.0002826768689404,0.0002640388336256,0.0002745760235258,0.0002550852676411,0.0002550243590289,0.0002422944590917,0.000248933497815,0.0003083193946512,0.0002095865343727,0.0,0.0,0.0,0.0,0.0,0.0,0.0,0.0,0.0,0.0,0.0,0.0,0.0,0.0,0.0,0.0,0.0,0.0,0.0,0.0,0.0,0.0,0.0,0.0,0.0,0.0,0.0,0.0,0.0,0.0,0.0,0.0,0.0,0.0,0.0,0.0,0.0,0.0,0.0,0.0,0.0,0.0,0.0,0.0,0.0,0.0,0.0,0.0,0.0,0.0,0.0,0.0,0.0,0.0,0.0,0.0,0.0,0.0,0.0,0.0,0.0,0.0,0.0,0.0,0.0,0.0,0.0,0.0,0.0,0.0,0.0,0.0,0.0,0.0,0.0,0.0,0.0,0.0,0.0,0.0,0.0,0.0,0.0,0.0,0.0,0.0,0.0,0.0,0.0,0.0,0.0,0.0,0.0,0.0,0.0,0.0,0.0
HNGK076,0.0,0.0,0.0,0.0,0.0,0.0,0.0,0.0,0.0,0.0,0.0,0.0,0.0,0.0,0.0,0.0,0.0,0.0,0.0,0.0,0.0,0.0,0.0,0.0,0.0,0.0,0.0,0.0,0.0,0.0,0.0,0.0,0.0,0.0,0.0,0.0,0.0,1.0434277017373151e-06,1.7658007260169949e-06,2.80922842775431e-06,2.3276464115678567e-06,1.9263280647458125e-05,2.17514543977548e-05,0.0003720622393387,0.0003156770116102,0.000303958515883,0.0003069282716494,0.0003417627041536,0.0003885564233931,0.0004652082276361,0.0005377665847415,0.0006223644922516,0.0006543094326586,0.0006390994673141,0.0005897774424896,0.000553739054945,0.0005659391326884,0.0005950748446677,0.0006364908980597,0.0007615416949295,0.0008949399134131,0.0010071485231846,0.0010207130833071,0.0008926523988362,0.0008253111802395,0.0008235855113481,0.0008597041625621,0.0009366770214826,0.0010144525170967,0.0011428342562451,0.0014169748189592,0.00187528037103,0.0021961745211489,0.0021472136828366,0.0017755928936794,0.0014752462429178,0.0014145267770436,0.0015304676474405,0.0017023924272191,0.0019703928192268,0.0024434668864606,0.003151111527412,0.0041256730008346,0.0050979469596804,0.0053722079178986,0.004816261612046,0.004345475059389,0.004533894023222,0.0053481288170892,0.006482294597043,0.0077720515000597,0.008924838451306,0.0093595464845837,0.0094912591660107,0.0096832498631303,0.0097498285768681,0.009839884413895,0.0099573101621751,0.0104071478971279,0.0111277149888469,0.0120987448608175,0.0133008538368883,0.0143725744820766,0.0145489538955048,0.0143153464858197,0.0144475006174282,0.0152274226926422,0.0167019465625357,0.0182774822603244,0.0200375441339818,0.0215239068951067,0.022699930178634,0.0243577361375212,0.0269718435850506,0.0302801113770781,0.0328199749304455,0.0332993898275591,0.0322957729058265,0.030540647247835,0.0286969104988651,0.0267617534304892,0.0249401293224293,0.0234773640800976,0.0224635536723558,0.0215518386520455,0.0206297696183871,0.0194150191143915,0.0178159260296444,0.016180995216526,0.0145383992229834,0.0130441706222609,0.0118008462519715,0.0108590323556496,0.0098836682455333,0.0091348884740327,0.0084800974593578,0.0078550842660172,0.0073143479255092,0.0067850491578856,0.0062539043258666,0.0057321904749979,0.0052185832547351,0.0047857212858528,0.0044614560616206,0.0040998280992993,0.0038542614028789,0.0036088151019625,0.0034218408841781,0.00324417725204,0.003032521955926,0.0028503635583035,0.0026933678210267,0.0025161055072354,0.0023570229145552,0.002200829813972,0.0020722474156503,0.0019448689723689,0.0018423722665906,0.0017257491550041,0.0015917890908349,0.0015205952161087,0.0014378835048287,0.0013623152601221,0.0012824529091045,0.0011837285957863,0.0011219255703757,0.0010525777600448,0.0009715917176561,0.0009078623641808,0.0008531225416743,0.0007902760885619,0.0007545587556948,0.0007118584835929,0.0006867359550818,0.0006129736429359,0.0005862458410376,0.0005368034207091,0.0005096743004639,0.0004876017913887,0.0004712280028384,0.000440085699125,0.0004146421159365,0.000385024821941,0.0003798076834323,0.0003667247053259,0.0003484245887108,0.0003194494040703,0.0003054835256009,0.0003020723196529,0.0003023532424957,0.000283491280195,0.0002757057042667,0.0002631845718458,0.0002595727067244,0.0002940058208818,0.0002267448659544,2.817254794690751e-05,3.379100480241613e-05,2.3758046131865023e-05,0.0,8.026366936440886e-08,0.0,0.0,0.0,0.0,0.0,0.0,0.0,0.0,0.0,0.0,0.0,0.0,0.0,0.0,0.0,0.0,0.0,0.0,0.0,0.0,0.0,0.0,0.0,0.0,0.0,0.0,0.0,0.0,0.0,0.0,0.0,0.0,0.0,0.0,0.0,0.0,0.0,0.0,0.0,0.0,0.0,0.0,0.0,0.0,0.0,0.0,0.0,0.0,0.0,0.0,0.0,0.0,0.0,0.0,0.0,0.0,0.0,0.0,0.0,0.0,0.0,0.0,0.0,0.0,0.0,0.0,0.0,0.0,0.0,0.0,0.0,0.0,0.0,0.0,0.0,0.0,0.0,0.0,0.0,0.0,8.026366936440886e-08,0.0,0.0,0.0,0.0,0.0,0.0,0.0,0.0,0.0,0.0,0.0,0.0,0.0,0.0,0.0,0.0,0.0,0.0,0.0
HNGK077,0.0,3.6656953307179334e-08,0.0,0.0,0.0,0.0,0.0,0.0,0.0,0.0,0.0,0.0,0.0,0.0,0.0,0.0,0.0,0.0,0.0,0.0,0.0,0.0,0.0,0.0,0.0,0.0,0.0,1.370970053688507e-05,1.4149583976571222e-05,1.5029350855943526e-05,1.3783014443499428e-05,1.3269817097198916e-05,1.1876852871526104e-05,1.5395920389015318e-05,1.5469234295629678e-05,1.697216938122403e-05,1.5615862108858394e-05,1.370970053688507e-05,1.7888593213903515e-05,2.001469650571992e-05,2.3387136209980413e-05,2.294725277029426e-05,2.456015871581015e-05,0.0003220679917568,0.0002678890147688,0.0002560121618973,0.0002527863500063,0.0002866573748621,0.0003195753189319,0.0003922660573401,0.0004420828568845,0.0004945756140204,0.0004944289862072,0.0004724348142229,0.0004594582527521,0.0004173760703555,0.0004206751961531,0.0004362177443554,0.0004983879371644,0.0005859247416619,0.0007154337576962,0.0008175233726567,0.0008211157540808,0.0007397373177388,0.0006533735357471,0.0006567459754514,0.0006686961422295,0.0006962621711165,0.0007792168564507,0.0009252948153798,0.0011938436553082,0.0015450905818976,0.0018474371327752,0.0018104869238415,0.0014288880399138,0.0011491221722734,0.0010766880325384,0.0011399212769933,0.0012586531487553,0.0014300610624196,0.0017806481638495,0.0023019833537842,0.0030485388648382,0.0038015459996743,0.0040651094939529,0.0035104164765087,0.00302262239885,0.0030529376992351,0.0035621760945784,0.0044760339405264,0.0056862632539629,0.006781756303548,0.0071851294177402,0.0073508921605952,0.007453494972902,0.0075263323391234,0.0074263321705014,0.0073321971144086,0.007778202265297,0.0082690755270335,0.0091642749837481,0.0103517036722276,0.0114131790691435,0.0116831575302509,0.0112516318759188,0.0112292711344014,0.0116318377956209,0.012759918876696,0.0140166658638793,0.0156220571339673,0.0170381885541302,0.0181923327290068,0.0194138523840619,0.0212674112280394,0.0238303554324175,0.0260141567687394,0.0269626187786093,0.0271807643077404,0.0267904410689255,0.0260439955287314,0.0251295878284838,0.0241783398901625,0.0234126127925289,0.0231342765460674,0.0228745986888394,0.0225697594651369,0.0220064520636655,0.0209817435909166,0.019640355698547,0.018249884145699,0.0169595960462396,0.0156948945001886,0.0146863884008015,0.0138467242283473,0.0131113857450052,0.0125709889393508,0.0119580480231015,0.011384476674704,0.0108939333255473,0.0101990641186565,0.009526445682423,0.0088040471035984,0.0082542661178974,0.0076902622343131,0.0072470796688293,0.0066973719970348,0.006374350924492,0.0060297755634045,0.0057639393380208,0.0054684109804583,0.005148908975433,0.0048630580535436,0.0045405868353003,0.0042534529200452,0.0039671621147161,0.003752828908729,0.0035086569427499,0.0033285246741984,0.0031433337460906,0.0029465958776909,0.0027519841125831,0.0025683327765142,0.0024406932650986,0.0022656929700101,0.0021263232335362,0.0020021294757315,0.0018758096146349,0.0017423783045968,0.0016342036353873,0.0015477298825357,0.0014760288818668,0.0013620990709881,0.0012795476121404,0.0012084331227244,0.0011250018969973,0.0010726557676746,0.0009906908200798,0.0009387112602902,0.0009008812844772,0.0008335791182052,0.0007846054285868,0.0007179630874744,0.0006906903142138,0.0006513940602685,0.0006285934353115,0.0005926696210704,0.0005583587127749,0.0005346050070319,0.0005183293197635,0.0004763937651801,0.0004597515083786,0.0004463350634682,0.0004179625816084,0.0004181092094216,0.0003991942215151,0.0003858510905113,0.0003643701158733,0.0003541061689473,0.0003431090829551,0.0003480944286049,0.0003207483414378,0.0003228744447296,0.0003253671175545,0.0003115107892044,0.000310154481932,0.0003091647441927,0.0003076251521538,0.0002947219045897,0.0002903963840994,0.0002898098728465,0.0002835048768777,0.0002934755681772,0.0002876837695547,0.0002916427205119,0.0003039594568231,0.0002914960926986,0.0002898831867531,0.0002911295231656,0.0002837248185975,0.0003006603310254,0.0003004403893056,0.0003148832289086,0.0003527865186282,0.0002970679496013,0.0,0.0,0.0,0.0,0.0,0.0,0.0,0.0,0.0,0.0,0.0,0.0,0.0,0.0,0.0,0.0,0.0,0.0,0.0,0.0,0.0,0.0,0.0,0.0,0.0,0.0,0.0,0.0,0.0,0.0,0.0,0.0,0.0,0.0,0.0,0.0,0.0,0.0,0.0,0.0,0.0,0.0,0.0,0.0,0.0,0.0,0.0,0.0,0.0,0.0,0.0,0.0,0.0,0.0,0.0,0.0,0.0,0.0,0.0,0.0,0.0,0.0,0.0,0.0,0.0,0.0,0.0,0.0,0.0,0.0,0.0,0.0,0.0,0.0,0.0,0.0,0.0
HNGK078,0.0,0.0,0.0,0.0,0.0,0.0,0.0,0.0,0.0,0.0,0.0,0.0,0.0,0.0,0.0,0.0,0.0,0.0,0.0,0.0,0.0,0.0,0.0,0.0,0.0,0.0,0.0,0.0,0.0,1.3505734484215493e-07,0.0,0.0,0.0,0.0,0.0,0.0,0.0,0.0,0.0,0.0,0.0,0.0,0.0,0.0002447914375264,0.000207853253712,0.0002000199277112,0.0002100816999019,0.0002431032207158,0.0002722756072017,0.0003355499732603,0.0003898430258868,0.0004262409803218,0.0004458242953239,0.0004235398334249,0.0003986217533016,0.0003735010871609,0.0003923078224302,0.0004130053605273,0.0004683113432401,0.0005259808294877,0.0006200482701703,0.0007101990478524,0.0007340366692171,0.0006564462246052,0.0005927666865122,0.0006077580517896,0.000622411773705,0.0006790008011939,0.0007456516008735,0.0008683511986626,0.001084915651117,0.0013835949692354,0.0015954324146203,0.0015815215081016,0.0012771022528274,0.0011022029912568,0.0010658725654942,0.0011816842386964,0.0013241697375049,0.001526418111406,0.0018298244365939,0.002354252106616,0.0030871745527381,0.003763913143406,0.0039487728841587,0.0035594363233149,0.0032957030931744,0.0035457955314859,0.0041915384615124,0.0051114815659048,0.0062800652421515,0.0072978236285458,0.0077485775169565,0.0079759465569983,0.0081494952451204,0.0082808722773156,0.0082785087737809,0.0084673864705426,0.0089111511413578,0.0097657602551827,0.0106974533485763,0.0118676577129612,0.0129208686523765,0.0132997045046587,0.0129685101307696,0.01304299425645,0.0137320568298347,0.0151327027888565,0.016716452743148,0.0184400545780236,0.0199439856415134,0.0212802430113817,0.0228775662288298,0.0252156114540648,0.0283423578088417,0.0310260823082002,0.0319585519813267,0.0316842505139522,0.0308238001699629,0.0295113128927868,0.0280399644137402,0.0265709794382283,0.0253367578923882,0.0246714654116958,0.0241315736756892,0.0236009333678044,0.0225996857418171,0.0211385678566423,0.019403148504093,0.0176115452960894,0.0159591186819456,0.014565394411847,0.0134185549681198,0.0123954618166043,0.011613446025632,0.0109628072668549,0.0102566261750115,0.0096351935670565,0.0088109385914849,0.0081009421296497,0.007369707900338,0.006672575650599,0.0061149914024182,0.0056068381424496,0.0051566244834183,0.0047966291307415,0.004460403870757,0.004190019066383,0.0039399603924077,0.0036806165259746,0.0033550945605688,0.0031016594529725,0.0028655792141884,0.0026447604553714,0.0024540594844543,0.0022809159683667,0.0021259376651603,0.0019796030320238,0.0018747310037539,0.0017613503627589,0.0015908404648957,0.0015003520438514,0.0013608378066295,0.0012735907618615,0.001180333665248,0.0010876167980138,0.0009932792426416,0.0009262907995999,0.0008507937438331,0.0008033210871211,0.0007407895364592,0.0007003398616789,0.0006394289991551,0.0006093787399278,0.0005632566566642,0.0005080857312961,0.0004901231044321,0.0004350197077365,0.0004112158507081,0.000382820043955,0.0003646548310738,0.0003294723927424,0.0003158316009133,0.0002963833432561,0.0002818646786855,0.0002714652631327,0.0002658603833217,0.0002394566724051,0.0002321635757836,0.0002252081225242,0.000221156402179,0.0002161592804198,0.0001983992395731,0.0002000199277112,0.0001912412002964,0.0001942799905554,0.000229665014904,0.0001675386362766,0.0,0.0,0.0,0.0,0.0,0.0,0.0,0.0,0.0,0.0,0.0,0.0,0.0,0.0,0.0,0.0,0.0,0.0,0.0,3.376433621053873e-08,0.0,0.0,0.0,0.0,0.0,0.0,0.0,0.0,0.0,0.0,0.0,0.0,0.0,0.0,0.0,0.0,0.0,0.0,0.0,0.0,0.0,0.0,0.0,0.0,0.0,0.0,0.0,0.0,0.0,0.0,0.0,0.0,0.0,0.0,0.0,0.0,0.0,0.0,0.0,0.0,0.0,0.0,0.0,0.0,0.0,0.0,0.0,0.0,0.0,0.0,0.0,0.0,0.0,0.0,0.0,0.0,0.0,0.0,0.0,0.0,0.0,0.0,0.0,0.0,0.0,0.0,0.0,0.0,0.0,0.0,0.0,0.0,0.0,0.0,0.0,0.0,0.0,0.0,0.0,0.0,0.0,0.0,0.0
HNGK079,0.0,0.0,0.0,0.0,0.0,0.0,0.0,0.0,0.0,0.0,0.0,0.0,0.0,0.0,0.0,0.0,0.0,0.0,0.0,0.0,0.0,0.0,0.0,0.0,0.0,0.0,0.0,0.0,0.0,0.0,1.6154859815868784e-05,1.8501001282903672e-05,2.0243849229843872e-05,1.7093316402682738e-05,1.8501001282903672e-05,1.762957730943357e-05,1.7361446856058153e-05,1.7026283789338884e-05,1.9640555709749188e-05,2.9092154191232585e-05,2.7751501924355505e-05,2.661194749750999e-05,3.063390429814122e-05,0.0004415438240959,0.0003619090794434,0.0003460223500809,0.0003399223822666,0.0003787342653927,0.0004351086932149,0.000548192711926,0.0006409658487939,0.0007139308484187,0.0007452015625436,0.0007226115718467,0.0006490097623951,0.0006061088898551,0.000609795683589,0.0006348658809796,0.0006943908416289,0.0008264450899163,0.0010038133848242,0.0011965321481877,0.0012066540728027,0.001045306572484,0.0009453609459883,0.0008993765732344,0.0009423444783878,0.0010085727003716,0.0010894140320643,0.0012918525243627,0.0016877471387715,0.0022205893822418,0.0026037478001153,0.0025093993968338,0.0019816851482843,0.0015992976054643,0.0014989497832885,0.0016117656715462,0.0017468028711274,0.0020128553134892,0.0024618397576663,0.0032301675718136,0.0042838532209656,0.0052474805540902,0.0054598733894702,0.0047735264614425,0.0041578319078792,0.0041791482789225,0.0047538188731194,0.0058596894117596,0.0071731934702324,0.0084370263622174,0.0089060200414777,0.0090325776154709,0.0091057772292424,0.0093840631235394,0.0091930872081228,0.009075679585851,0.0093842307050728,0.009893477468646,0.0108146396412173,0.0120551451837586,0.0131499553411971,0.0133610745569236,0.0128527327336305,0.0127247674747571,0.0132464487881056,0.0143902597858985,0.0156926364305562,0.0172606298055889,0.0186808162681985,0.0198022718894412,0.0210147242832981,0.0229123505344493,0.0254513113137678,0.027657455167834,0.0285199973200361,0.0283077385498828,0.0275078383748505,0.0264535494321784,0.0253251894517613,0.0241095530087705,0.0229797853434732,0.0224265651855464,0.0218814894901408,0.0214613625860082,0.0206065291843407,0.0194268222221023,0.018021516999655,0.0165555472621316,0.0151059669985708,0.0138583895153216,0.012853905804364,0.0119611654598505,0.0112202539845609,0.0105995319849968,0.0100427255822561,0.0095124640943996,0.0088661356365381,0.0083105693371443,0.0076812671630722,0.006886059270974,0.0063748685616138,0.0058883793702708,0.0054945962831823,0.0051578914663561,0.0048623446741231,0.0045827516438659,0.0043423726924148,0.0040904641314686,0.0038802833723289,0.0036453005462521,0.0033946656049594,0.0031863952753,0.0029929391531897,0.0027259482542411,0.0025587354002549,0.0024064708190443,0.0022640265156886,0.0021437029747364,0.002019826705277,0.0019021844688585,0.001788832319694,0.0016627104576876,0.0015448336071224,0.0014719691564176,0.0013298600161287,0.0012506944997696,0.0011677081244499,0.0011171320176819,0.0010446362463506,0.0009885299489818,0.0009424785436145,0.0008700833212032,0.0008385109603182,0.0007678585858538,0.0007016973964834,0.0006612767306371,0.000624810988978,0.0006079187704154,0.0005711848983029,0.0005393444069646,0.0005220499927219,0.0004775403374616,0.0004499899333772,0.0004371196716152,0.0004233779858797,0.0003938836360084,0.000380343048113,0.0003769914174458,0.0003587585466163,0.0003424696215737,0.0003350290014925,0.000331610338212,0.0003090873801285,0.0003028533470875,0.0002952786617796,0.000280933682524,0.0002732919646028,0.0002708787905225,0.0002710128557492,0.0002736941602829,0.0002695381382556,0.000265717279295,0.0002541206371865,0.0002558634851334,0.0002606898332942,0.0002481547345989,0.0002563997460402,0.0002529140501463,0.0002551261263867,0.0003129752717024,0.0002415185058779,0.0,0.0,0.0,0.0,0.0,0.0,0.0,0.0,0.0,0.0,0.0,0.0,0.0,0.0,0.0,0.0,0.0,0.0,0.0,0.0,0.0,0.0,0.0,0.0,0.0,0.0,0.0,0.0,0.0,0.0,0.0,0.0,0.0,0.0,0.0,0.0,0.0,0.0,0.0,0.0,0.0,0.0,0.0,0.0,0.0,0.0,0.0,0.0,0.0,0.0,0.0,0.0,0.0,0.0,0.0,0.0,0.0,0.0,0.0,0.0,0.0,0.0,0.0,0.0,0.0,0.0,0.0,0.0,0.0,0.0,0.0,0.0,0.0,0.0,0.0,0.0,0.0,0.0,0.0,0.0,0.0,0.0,0.0,0.0,0.0,0.0,0.0,0.0
HNGK080,0.0,0.0,0.0,0.0,0.0,0.0,0.0,0.0,0.0,0.0,0.0,0.0,0.0,0.0,0.0,0.0,0.0,0.0,0.0,0.0,0.0,0.0,0.0,0.0,0.0,0.0,0.0,0.0,0.0,0.0,0.0,1.6296247355070343e-05,1.4052561125024426e-05,1.3816383627124856e-05,1.4761093618723135e-05,1.688669109981927e-05,1.6119114231645664e-05,1.3639250503700178e-05,1.5794370172033757e-05,1.954368795118944e-05,1.7004779848769053e-05,2.2318773551509383e-05,2.875461036927267e-05,0.0003715662485704,0.0002919153874038,0.0002745563413082,0.0002646959307709,0.0002984102685961,0.0003628276811482,0.0004490324678815,0.0005298051721632,0.0005921855537959,0.0005873143929017,0.0005477546620035,0.000503176159275,0.000473831105161,0.0004694618214498,0.0005010505617939,0.0005589140487793,0.0006722792477711,0.0008234328464268,0.0009579949758551,0.0009635451470557,0.0008576195392478,0.0007449038283752,0.0007270724272838,0.0007475017808521,0.0008136905246384,0.0008904482114558,0.0010669908911357,0.0013952185688417,0.0018543181025712,0.0022289841808016,0.0021669285432285,0.0016894957312245,0.0013284098591233,0.0012372453449341,0.0013135011545684,0.0014428673790429,0.0016899976084076,0.0021195749548996,0.0027938026670284,0.0037418781879718,0.0047390195841038,0.0049969254118101,0.0042985485505211,0.0037032041226907,0.0037431771642102,0.0043928424165575,0.0054618703386126,0.0068837474425298,0.0080575200849034,0.0085042793443677,0.0085357499959628,0.0086104411296735,0.0086960849948494,0.0085405916346697,0.0086442735562476,0.0089447503779504,0.0095517265475523,0.0105219732311109,0.0117360436590637,0.0128867594732049,0.0130331009553409,0.0124570640379638,0.0124203089148532,0.01295702227883,0.0142300780368831,0.0157808194880917,0.0174771053223809,0.0189864861892698,0.0201719791399767,0.0214129442805028,0.0235349695769432,0.0263882889734424,0.0287778148084413,0.0296525572162868,0.0293427218612298,0.0284789321848493,0.0272668692656288,0.0258131377216824,0.0244092101076057,0.0233998170037701,0.022752277348904,0.0221747052777906,0.0217093175181795,0.0209121003740195,0.0196882581020912,0.0182210644407646,0.0167507414275908,0.0153417359973092,0.0141208459441046,0.0130883960120366,0.0122887875707104,0.0114285405567984,0.0108407242867136,0.010270709895533,0.0097760361261824,0.0092208123508077,0.0086457496656095,0.0079973243451262,0.0072006681225238,0.0066798376952807,0.0061735321841585,0.0057497116641777,0.0053970691376265,0.0051043271289799,0.0048018427985451,0.0045839690567327,0.0043619031643326,0.0040751836818826,0.0038332493574717,0.0035696162254413,0.0033407602299766,0.0031348724961827,0.0028495996009072,0.0026724664774825,0.0025204862575842,0.0024048773723623,0.0022405568781987,0.0021370816119314,0.001979875964892,0.0018552628125628,0.0017338971008296,0.0016159264406288,0.0015226363289585,0.0013779185671205,0.0012866950085568,0.0012226318622516,0.0011514833910093,0.00108393662661,0.0010173936165768,0.0009536256921439,0.000898301113261,0.0008481724393318,0.0007627352294666,0.0007169758392486,0.0006679394862472,0.0006382696880735,0.0006031973296355,0.000566589817461,0.0005399017601984,0.0005186457853874,0.0004846362256899,0.00045033144412,0.000431437244288,0.0004108307575963,0.0003860321203168,0.0003868587415594,0.0003660160773698,0.0003438744369417,0.0003347225588981,0.000317304468428,0.0003125218740956,0.000303251907303,0.0002910297217867,0.0002861290387053,0.000277390471283,0.0002569611177147,0.000256134496472,0.0002596181145661,0.0002578467833318,0.0002583781827021,0.0002506433696459,0.0002464512190582,0.000246805485305,0.0002417867134746,0.0002404286928617,0.0002344652110397,0.0002367088972698,0.0002389821056871,0.0002469826184284,0.0002975246029789,0.0002322215248097,0.0,0.0,0.0,0.0,0.0,0.0,0.0,0.0,0.0,0.0,0.0,0.0,0.0,0.0,0.0,0.0,0.0,0.0,0.0,0.0,0.0,0.0,0.0,0.0,0.0,0.0,0.0,0.0,0.0,0.0,0.0,0.0,0.0,0.0,0.0,0.0,0.0,0.0,0.0,0.0,0.0,0.0,0.0,0.0,0.0,0.0,0.0,0.0,0.0,0.0,0.0,0.0,0.0,0.0,0.0,0.0,0.0,0.0,0.0,0.0,0.0,0.0,0.0,0.0,0.0,0.0,0.0,0.0,0.0,0.0,0.0,0.0,0.0,0.0,0.0,0.0,0.0,0.0,0.0,0.0,0.0,0.0,0.0,0.0,0.0,0.0,0.0
HNGK081,0.0,0.0,0.0,0.0,0.0,0.0,0.0,0.0,0.0,0.0,0.0,0.0,0.0,0.0,0.0,0.0,0.0,0.0,0.0,0.0,0.0,0.0,0.0,0.0,0.0,0.0,0.0,0.0,0.0,0.0,0.0,3.1629772097486702e-06,3.873033318059596e-06,1.7428649931268182e-06,1.458842549802448e-05,1.697679604416123e-05,1.8074155484278115e-05,1.600853771464633e-05,1.6137638825248317e-05,2.052707658571586e-05,1.755775104187017e-05,2.1043481028123805e-05,2.9757805993757897e-05,0.000357932829144,0.0002908002516309,0.0002728551972572,0.0002756954216905,0.0003166850243066,0.0003681963674368,0.0004596322290207,0.0005316383734589,0.000582697862702,0.0006030312876218,0.0005684967405358,0.0005191155657305,0.0004957482647116,0.0005026228988511,0.0005258933740371,0.0005957370748728,0.0006897872339464,0.0008386408144705,0.0009983388882851,0.0009882044511029,0.0008653001938098,0.000765634136425,0.0007579526203442,0.0007876458757827,0.0008370916011432,0.0009138744866738,0.0010834165201718,0.0013971322189346,0.0018432411066198,0.0021879087966495,0.0021340413582508,0.0016608535126169,0.0013304837705864,0.0012489241439636,0.0013521404818899,0.0014741410314087,0.0016940647733192,0.0021105772313989,0.0027148349795715,0.0036313883142903,0.0045784095111112,0.0047563431167983,0.0041396593867303,0.003677767888274,0.0037460623757825,0.0044053494723492,0.0054300572624748,0.0068150862522906,0.0079284865053997,0.0083475487104138,0.0083017500914277,0.0083523577267837,0.0084324326906346,0.0082616319213082,0.0084707111699281,0.0088127645624681,0.0093995613854317,0.0103076263221285,0.0114596923578629,0.0124277893109896,0.0126035927483518,0.0121348911663113,0.0122205174779181,0.0128140275586331,0.0140448452718348,0.0155688838824912,0.0172069187738092,0.0186186071429643,0.0197717059875836,0.0211643842182025,0.023301782205329,0.0261983915486281,0.0288145610044221,0.0296597537002556,0.0294823687742885,0.0283518303487469,0.0271125242375231,0.0255494970914649,0.0240563136462423,0.0230851828170165,0.0225013875948743,0.0220462093541694,0.0215662114249512,0.0209394578082562,0.0197444979285242,0.0184597482263686,0.0169239614146473,0.0155078190571765,0.0142277815455578,0.0131525629459091,0.0122913294370833,0.0116463402885158,0.0110155522621145,0.0105291315526438,0.0100268959571244,0.0095384741804395,0.0089543884807984,0.0083534228109462,0.0076106395710977,0.0069602927264402,0.0064251363477173,0.0060318298142683,0.0056551450488094,0.0053324245475821,0.0050501772445285,0.0048477467031045,0.0045878016169074,0.0043587439714219,0.0040495790868078,0.0038213928738188,0.0035575747543036,0.0033337134285197,0.0030653122195782,0.0028401598826884,0.0026823337749774,0.0025248949705983,0.0024218077337826,0.0022723086477055,0.0021303619765986,0.0020161074937159,0.001868803126519,0.0017146241251826,0.0016325480941174,0.0014730436719686,0.0013680844690492,0.0013054058798519,0.0012185853829721,0.0011414474693874,0.0010794789362985,0.0010163484932141,0.0009548318140122,0.0008831161470728,0.0008154026145621,0.0007605991931116,0.0007165757143963,0.000666549034038,0.0006177488142305,0.0005899275248957,0.0005613316288974,0.0005292500029128,0.0004943927030503,0.0004710254020313,0.0004348125405074,0.0004055711389561,0.0003988578812048,0.0003829784446007,0.0003628386713468,0.0003397941231044,0.0003282395737055,0.0003176532826361,0.0003131347437651,0.0003022256999192,0.0002961579477209,0.0002823118536088,0.000265302782287,0.0002538127834435,0.0002596868839758,0.0002506498062337,0.0002486487390194,0.0002460667168073,0.0002442593012589,0.0002400635151643,0.0002396116612772,0.0002364486840675,0.0002311555385328,0.0002826023311077,0.0002148242480417,4.479808537888933e-05,4.0989602616130726e-05,5.105948924308568e-05,4.21515126115486e-05,0.0,0.0,0.0,0.0,0.0,0.0,0.0,0.0,0.0,0.0,0.0,0.0,0.0,0.0,0.0,0.0,0.0,0.0,0.0,0.0,0.0,0.0,0.0,0.0,0.0,0.0,0.0,0.0,0.0,0.0,0.0,0.0,0.0,0.0,0.0,0.0,0.0,0.0,0.0,0.0,0.0,0.0,0.0,0.0,0.0,0.0,0.0,0.0,0.0,0.0,0.0,0.0,0.0,0.0,0.0,0.0,0.0,0.0,0.0,0.0,0.0,0.0,0.0,0.0,0.0,0.0,0.0,0.0,0.0,0.0,0.0,0.0,0.0,0.0,0.0,0.0,0.0,0.0,0.0,0.0,0.0,0.0,0.0,0.0,0.0,0.0,0.0
HNGK082,0.0,0.0,0.0,0.0,0.0,0.0,0.0,0.0,0.0,0.0,0.0,0.0,0.0,0.0,0.0,0.0,0.0,0.0,0.0,0.0,0.0,0.0,0.0,0.0,0.0,0.0,0.0,0.0,0.0,0.0,0.0,0.0,0.0,0.0,0.0,0.0,0.0,1.2471637747094322e-05,1.2933550256245963e-05,1.920236288044681e-05,1.920236288044681e-05,1.8278537862143533e-05,2.137995042359027e-05,0.0003567284320676,0.0003028826310008,0.0002877714932014,0.0002997812184394,0.0003193795063277,0.0003703878448383,0.0004424461962659,0.0005299786167502,0.0005795682239826,0.0005876186991421,0.0005696371050359,0.0005282959354668,0.0004988655098837,0.0005269761854407,0.0005447268232924,0.0006112092308595,0.0007114772390961,0.0008452339042461,0.0009593262940066,0.0009489332625507,0.0008586623607622,0.0007732085465691,0.0007611658275805,0.0008142197786317,0.0008816260112172,0.000948042431283,0.0010918291966318,0.0013475967516992,0.0017220758216186,0.0019830563892893,0.0019375250133872,0.0015956767628643,0.0013374346764979,0.0012691046188941,0.001349807332993,0.0014881501294839,0.001688785127209,0.0020343946653064,0.0026176581893623,0.0033738749543448,0.0041595881324118,0.0044224163501191,0.0038989375022476,0.0034906728316589,0.0036722704352568,0.004350489973694,0.0053486829059707,0.0065392294045584,0.0075098725550393,0.0079936599208743,0.0080837988476602,0.008245402238362,0.0084945710432986,0.0084261420044429,0.0086675242842253,0.0091219142182279,0.0098375486699064,0.0107208573624069,0.012010451100457,0.0129827109447199,0.0132133702555398,0.0127621807153507,0.012920583712239,0.0136158940135149,0.0149335324396206,0.0164734167701295,0.0181794906226811,0.0195714969627602,0.0207982705995657,0.0222070377649769,0.0244232609901358,0.027436316287332,0.0297368715391617,0.0305007428542959,0.0300820851522513,0.029051459363082,0.027752330431093,0.0263155515713768,0.0251099269287404,0.0241190256153581,0.0235182094159545,0.022949199192181,0.0223547507866535,0.0214591354251591,0.0201269797487657,0.0186655545573113,0.0170483988627714,0.0155624923083318,0.0142965880832511,0.0133007377072708,0.0123676414450338,0.0115623959665799,0.0109009372534748,0.0102962937789953,0.009680102491787,0.009113137880554,0.0084730921116231,0.0076251197260726,0.0069865586759211,0.0064158327771136,0.0059677116557352,0.0055680253603165,0.0051289115328665,0.0047620540193481,0.0044960584015781,0.0041805721578275,0.0039158962900836,0.0036467992597522,0.003431877967994,0.0031683238877724,0.0028811462820827,0.0026830518031579,0.0024842314617188,0.0023205824584765,0.0021623444303414,0.0020254533588792,0.0019080286003028,0.0018150522109607,0.0016840670208655,0.0015943240190875,0.0014280355157929,0.0013433735516155,0.0012451181621689,0.0011686386481536,0.0011063464469194,0.0010359377830245,0.0009652651691243,0.0009391341186065,0.0008472795167867,0.0007984157720686,0.0007482982648256,0.0007156344516785,0.000665088025677,0.0006234499123521,0.000597252874333,0.0005471023733394,0.0005156923227171,0.0005014390224347,0.0004629683091725,0.0004410604587385,0.0004268071584561,0.0004056911580377,0.000385564970139,0.0003652408197363,0.0003468962943728,0.0003385818692081,0.0003280238689989,0.0003145624187322,0.000304202381027,0.0002958219683609,0.0002808428055641,0.0002715385678798,0.0002729902929086,0.0002618384051876,0.0002601887176549,0.000252468180002,0.0002388087672313,0.0002396666047483,0.00023874277973,0.000243031967315,0.0002322100171006,0.0002830863806086,0.0002118198791966,0.0,0.0,0.0,0.0,0.0,0.0,0.0,0.0,0.0,0.0,0.0,0.0,0.0,0.0,0.0,0.0,0.0,0.0,0.0,0.0,0.0,0.0,0.0,0.0,0.0,0.0,0.0,0.0,0.0,0.0,0.0,0.0,0.0,0.0,0.0,0.0,0.0,0.0,0.0,0.0,0.0,0.0,0.0,0.0,0.0,0.0,0.0,0.0,0.0,0.0,0.0,0.0,0.0,0.0,0.0,0.0,0.0,0.0,0.0,0.0,0.0,0.0,0.0,0.0,0.0,0.0,0.0,0.0,0.0,0.0,0.0,0.0,0.0,0.0,0.0,0.0,0.0,0.0,0.0,0.0,0.0,0.0,0.0,0.0,0.0,0.0,0.0,0.0,0.0,0.0,0.0,0.0,0.0,0.0,0.0
HNGK083,0.0,0.0,0.0,0.0,0.0,0.0,0.0,0.0,0.0,0.0,0.0,0.0,0.0,0.0,0.0,0.0,0.0,0.0,0.0,0.0,0.0,0.0,0.0,0.0,0.0,0.0,0.0,0.0,0.0,0.0,0.0,0.0,0.0,0.0,0.0,0.0,0.0,0.0,1.3221360650623158e-05,1.880371292533071e-05,1.373552467592517e-05,1.9097520939789004e-05,2.218250509160108e-05,0.0002431261319642,0.0001989814777918,0.0001909752093978,0.0001966310136762,0.0002252772950858,0.0002642068570016,0.0003134196994233,0.0003663785940294,0.0003960532034897,0.0004048674439235,0.0004194843926428,0.0003873124150596,0.0003570501895704,0.0003649095539571,0.0003934823833632,0.0004294004131307,0.000511299397161,0.0006197880064997,0.000717883157327,0.0006951497622083,0.0006437700856799,0.0005704282600707,0.0005790955964972,0.0005985603774551,0.0006665769328022,0.0007163773912529,0.000828024436747,0.0010866489414739,0.0014045492131178,0.0016713268902459,0.0016399261587007,0.0013026345581026,0.0010936268818173,0.0010597287821492,0.001120363411133,0.0012739148246893,0.0014733737405047,0.0018173494734317,0.0023923317577266,0.0031748526782345,0.0040108466573737,0.0041653162209752,0.0037727152616553,0.0034144163880234,0.0035050928864856,0.0041659038370041,0.0051799087469033,0.0064529054215474,0.0075558607078239,0.0081258482558729,0.0081560370293585,0.0083002967644576,0.0084320696589421,0.0083905692768999,0.0084392312292945,0.0090047014791213,0.0096467087167145,0.0106429749677407,0.0118628658437716,0.0128973271366774,0.0130854744439361,0.0127220339300512,0.0127994890678628,0.0133844240986475,0.0147655788486141,0.0162664970904743,0.0180350377075042,0.019496952935445,0.0208814497515761,0.0222420012145288,0.0245518463721963,0.0276694432136133,0.0303269367043885,0.0313041788864786,0.0310191116604504,0.0299768644551615,0.0286582540862726,0.027221826703586,0.0258077287299983,0.0246261797998543,0.0239246397133315,0.0234250191847451,0.0226855044123536,0.021727800463225,0.0202510846565558,0.0186988234641691,0.0170704659960376,0.0155125489993725,0.0141019399959564,0.013095610820435,0.0121103623699509,0.0113102496945773,0.0107192181474927,0.0101182338539182,0.009508068059892,0.0089389619358863,0.0083546512471323,0.0075141399697708,0.006908638377974,0.0063587032269117,0.005906606144664,0.0054613768247543,0.0051519602595279,0.004845702130457,0.0045388931113589,0.0043114122561645,0.0040454425510762,0.0038420539530674,0.0035713833197477,0.003363220341504,0.0030736725432554,0.0028577971046321,0.0026746445336192,0.0024925937426605,0.0023607473961723,0.0022021645203685,0.0020954387591165,0.0019795314974127,0.0018354921183245,0.0017344956133545,0.0015709180013048,0.001475797656624,0.0013642240631334,0.0012605832860333,0.0011906569785922,0.0011094190625945,0.0010665965444872,0.0009922631168292,0.000910364132799,0.0008567441701603,0.0008161986641651,0.0007655902336746,0.0007074162468119,0.0006717920250588,0.000633082819154,0.0006098719860118,0.0005550767913153,0.0005302500140936,0.0004925691362393,0.0004668609349742,0.0004587812145766,0.0004302083851705,0.000396200107497,0.0003848884989403,0.0003660113340114,0.0003578581616102,0.0003478686891186,0.0003289915241896,0.0003232622679077,0.0003014470228342,0.0003043851029787,0.0002890336342233,0.0002801459417859,0.0002749308495293,0.0002636192409727,0.0002590652167485,0.0002577430806835,0.0002556864245823,0.0002534828644738,0.0002528952484449,0.0002495164562787,0.0002488553882461,0.0002958646705595,0.0002346056995449,0.0,0.0,0.0,0.0,0.0,0.0,0.0,0.0,0.0,0.0,0.0,0.0,0.0,0.0,0.0,0.0,0.0,0.0,0.0,0.0,0.0,0.0,0.0,0.0,0.0,0.0,0.0,0.0,0.0,0.0,0.0,0.0,0.0,0.0,0.0,0.0,0.0,0.0,0.0,0.0,0.0,0.0,0.0,0.0,0.0,0.0,0.0,0.0,0.0,0.0,0.0,0.0,0.0,0.0,0.0,0.0,0.0,0.0,0.0,0.0,0.0,0.0,0.0,0.0,0.0,0.0,0.0,0.0,0.0,0.0,0.0,0.0,0.0,0.0,0.0,0.0,0.0,0.0,0.0,0.0,0.0,0.0,0.0,0.0,0.0,0.0,0.0,0.0,0.0,0.0,0.0,0.0,0.0,0.0
HNGK084,0.0,0.0,0.0,0.0,0.0,0.0,0.0,0.0,0.0,0.0,0.0,0.0,0.0,0.0,0.0,0.0,0.0,0.0,0.0,0.0,0.0,0.0,0.0,0.0,0.0,0.0,0.0,0.0,0.0,0.0,0.0,0.0,0.0,0.0,0.0,0.0,1.3922655195141327e-05,1.3992268471117034e-05,1.2600002951602902e-05,1.635911985429106e-05,1.36442020912385e-05,1.6289506578315353e-05,1.9143650893319324e-05,0.0002276354124405,0.0001867724194428,0.0001823171697803,0.0001872597123746,0.0002219271238105,0.0002737194011364,0.0003398520133133,0.0003949161146101,0.0004132940194677,0.0004171923629224,0.0004085603167014,0.0003884420799444,0.0003677669369796,0.0003683934564634,0.0004063674985081,0.0004490752433192,0.0005097084066941,0.0006076542859919,0.0006539471145157,0.000650396837441,0.0005769548312866,0.0005192454255027,0.0005079332681567,0.0005297570301751,0.000564424441611,0.0006516498764085,0.0007284333198097,0.0009248123713372,0.0011691897766499,0.001386766070712,0.0013235572161261,0.0010614632320775,0.0008477156681941,0.0008267272654874,0.0008792156755731,0.0009933118348973,0.0011385251285826,0.00144405779684,0.0018921932609336,0.0025545287752045,0.0032079885967884,0.0033976151605463,0.0029233399113238,0.002570330988851,0.0027397697025758,0.0032739123691374,0.0041497169941878,0.0052962128428697,0.006347094856999,0.0067535319687831,0.006799650764117,0.006954575109801,0.0070754933701708,0.0070258591044001,0.0071847166001767,0.0075687730437346,0.0082367820399975,0.0094397690621337,0.0106829229445079,0.0118727182508467,0.0121104823949417,0.0115905408366791,0.011453402683007,0.0119595956192643,0.0132349456417773,0.0148515399431231,0.0167068729744277,0.0184237800064545,0.019677306266949,0.0208647695285426,0.0226339909374652,0.0252854213928279,0.0276083119922233,0.0287349680572521,0.0291527521330203,0.0290013084511352,0.028299676242576,0.0271445831543111,0.0259752193444712,0.0250424014463968,0.0244259758876319,0.0239778404235383,0.0236380232168628,0.0230305777706988,0.021872421698291,0.0206359506904105,0.0190103414698258,0.0176164400383262,0.0161337816799576,0.0150599272847564,0.0140790414196207,0.013155586507165,0.0124525968397243,0.0117668712647256,0.0112138285937366,0.0105494742944624,0.0098951095002908,0.0091964706625986,0.0085196903935628,0.0077208084384656,0.0071057403385822,0.0066156976823512,0.006206650072718,0.0057602201338858,0.0054981957631132,0.0052099968005738,0.0049446309925544,0.0046574066158786,0.0043923888742391,0.0040686175276761,0.0037827158032439,0.0035561942032189,0.003295353258138,0.0030319714284839,0.0028469741475784,0.0026804591914445,0.0025401536337155,0.0024265099606852,0.0022476038414276,0.0021177750817329,0.0019878070954863,0.0018212225260764,0.0017226501272948,0.0015682478811807,0.0014414124923529,0.0013715903765493,0.0012955726791838,0.0012099483497337,0.0011333737461604,0.0010761516333084,0.0009990897368033,0.000954189173799,0.0008482377677639,0.0008004830604446,0.0007586454815832,0.0006971769588967,0.0006734388317889,0.0006164255587648,0.0005905990333778,0.0005445150446819,0.0005180619998112,0.000495716138223,0.0004705161323198,0.0004361967872637,0.000418306175338,0.0004030608678993,0.0003735448388856,0.0003754940106129,0.0003573249455833,0.0003434719036641,0.000335048697271,0.000329270795365,0.0003049757620495,0.0002918884661661,0.0003010774185949,0.0002856928846043,0.0002753901197598,0.0002784531039028,0.0002668276868148,0.0002595182928374,0.000254854203347,0.0002574995078341,0.0002572210547302,0.0002493547545449,0.0002502597271326,0.000252139285584,0.0002451083447104,0.0003067160939489,0.0002259646938171,0.0,0.0,0.0,0.0,0.0,0.0,0.0,0.0,0.0,0.0,0.0,0.0,0.0,0.0,0.0,0.0,0.0,0.0,0.0,0.0,0.0,0.0,0.0,0.0,0.0,0.0,0.0,0.0,0.0,0.0,0.0,0.0,0.0,0.0,0.0,0.0,0.0,0.0,0.0,0.0,0.0,0.0,0.0,0.0,0.0,0.0,0.0,0.0,0.0,0.0,0.0,0.0,0.0,0.0,0.0,0.0,0.0,0.0,0.0,0.0,0.0,0.0,0.0,0.0,0.0,0.0,0.0,0.0,0.0,0.0,0.0,0.0,0.0,0.0,0.0,0.0,0.0,0.0,0.0,0.0,0.0,0.0,0.0,0.0,0.0,0.0,0.0,0.0,0.0
HNGK085,0.0,0.0,0.0,0.0,0.0,0.0,0.0,0.0,0.0,0.0,0.0,0.0,0.0,0.0,0.0,0.0,0.0,0.0,0.0,0.0,0.0,0.0,0.0,0.0,0.0,0.0,0.0,0.0,0.0,0.0,0.0,0.0,0.0,1.255505172463593e-05,1.3716212577781448e-05,1.4006502791067828e-05,1.5820816624107702e-05,1.5095091090891752e-05,1.850600109700672e-05,1.9340585460205057e-05,2.061060514333297e-05,1.9812307056795425e-05,2.9029021328637982e-05,0.0003947946900694,0.0003139488656692,0.0003009583786246,0.000319101516955,0.0003443567655109,0.0003969718666691,0.0004999523198324,0.0006024973376758,0.0006413962262562,0.0006442265558357,0.0006146895266339,0.0005609132646226,0.0005265138743481,0.0005444392950186,0.0005911760193577,0.000654894721174,0.0007530128132648,0.0009063586184333,0.0010025898241378,0.0009933731098659,0.0008641939649535,0.0007806629560803,0.0007551174173111,0.0007852350269396,0.0008271819627595,0.0009157930503652,0.0010625347531814,0.0012986858416899,0.001656831392332,0.0019215760668491,0.0018667837890913,0.0014919465511853,0.0012036883693919,0.0011272694707443,0.0011830777642486,0.0013054350891488,0.0015120491484554,0.0018379724854227,0.0023369087895086,0.0030447814746075,0.0036948864072623,0.0038381446275191,0.0033492596220682,0.0029463730923034,0.0030276180657469,0.0036047875823136,0.0044195596384551,0.0055018704124167,0.006402459512861,0.0068219651573365,0.0068409065937535,0.0069139508686716,0.0069879748730597,0.0069457013607498,0.0069958852813717,0.0074169875220203,0.0081537440833411,0.0089628191940469,0.0099404077735655,0.010948803401969,0.0111396329309282,0.0107070279405781,0.0107236470552888,0.0111983441265653,0.012373076047182,0.0138266680039369,0.0154967801735267,0.0170523002814218,0.0181445897814651,0.0193955228830695,0.0212751157278221,0.0240365376679855,0.0264208363348131,0.0276808772918593,0.027930272871349,0.0275508635625837,0.0267747001048092,0.0257670664882155,0.0247634969346079,0.0240881367533971,0.023773425875918,0.0235763551073732,0.0233113564289194,0.0228872061410314,0.0218075805515426,0.0204409667999437,0.0188894018962047,0.0173496300323804,0.0159531889613662,0.0149586546906471,0.0139793606561255,0.0132703268101735,0.0126569435894994,0.0120156199357965,0.0114887794849583,0.0108943739869778,0.0102002175144568,0.0094740202596442,0.0087185762658431,0.0080620123759426,0.0075184802378405,0.0068721127916817,0.006474995779906,0.0061105364171249,0.0058151298388294,0.0055643916671033,0.0052338599730001,0.0049387073986411,0.0046494332011013,0.004305003863037,0.004036920851067,0.0037790705691154,0.0035560551127581,0.0033516545163278,0.0031750492078197,0.0029047164466968,0.0027778959097673,0.0026440358351656,0.0024766109546527,0.0023215959807578,0.0021544613904581,0.0020349343951375,0.0019048118070319,0.0017887682942706,0.0016579199806318,0.0015869803097599,0.0014691587694423,0.0013899821137685,0.001327134282592,0.0012211783547424,0.0011530327271735,0.0010884794409939,0.0010331428690862,0.0009407580087078,0.0008950373001152,0.0008617264981406,0.0007935082980183,0.0007357405455743,0.0007062760889257,0.0006749973184441,0.0006472020305219,0.0006084482870482,0.0005842816267921,0.0005498096639644,0.0005130153794303,0.00049443680578,0.0004828251972485,0.0004510384188937,0.0004380479318491,0.0004264363233176,0.0004151150049995,0.0003902951917635,0.0003806430421717,0.0003647496529943,0.0003610484527749,0.0003511785855231,0.0003540089151027,0.0003418167261447,0.0003267216350538,0.0003139488656692,0.0003186660816351,0.000315037453969,0.0003098122301298,0.0002979829039384,0.0002894919151998,0.0002939914135057,0.0002914513741395,0.000298781202025,0.000296204876382,0.0003042241435241,0.0002988537745783,0.0003564763819156,0.0002796946205014,0.0,0.0,0.0,0.0,0.0,0.0,0.0,0.0,0.0,0.0,0.0,0.0,0.0,0.0,0.0,0.0,0.0,0.0,0.0,0.0,0.0,0.0,0.0,0.0,0.0,0.0,0.0,0.0,0.0,0.0,0.0,0.0,0.0,0.0,0.0,0.0,0.0,0.0,0.0,0.0,0.0,0.0,0.0,0.0,0.0,0.0,0.0,0.0,0.0,0.0,0.0,0.0,0.0,0.0,0.0,0.0,0.0,0.0,0.0,0.0,0.0,0.0,0.0,0.0,0.0,0.0,0.0,0.0,0.0,0.0,0.0,0.0,0.0,0.0,0.0,0.0,0.0,0.0,0.0,0.0,0.0,0.0,0.0,0.0,0.0
HNGK086,0.0,0.0,0.0,0.0,0.0,0.0,0.0,0.0,0.0,0.0,0.0,0.0,0.0,0.0,0.0,0.0,0.0,0.0,0.0,0.0,1.3414899566249096e-05,1.0284756334124308e-05,1.1079713345457589e-05,1.0831289279415938e-05,1.1079713345457589e-05,1.1675931103957547e-05,1.1377822224707566e-05,1.3265845126624106e-05,1.2918051434165796e-05,1.3166475500207448e-05,1.1477191851124228e-05,1.1278452598290908e-05,1.4209856577582375e-05,1.2470888115290828e-05,1.6197249105915577e-05,1.4383753423811532e-05,1.5054498402123988e-05,1.3862062885124066e-05,1.3663323632290749e-05,2.355060146074841e-05,1.9327392338040365e-05,1.8134956821040445e-05,2.1861317811665195e-05,0.000236599080498,0.0001923299119294,0.0001897959864558,0.0002029873043626,0.0002315560719574,0.0002755519740533,0.0003453591366111,0.0003838151820343,0.0004095519152762,0.0004005092792723,0.0003866472163872,0.0003638915719378,0.0003506754116243,0.0003551967296263,0.0003882371304098,0.0004122845800027,0.0004686768429941,0.0005447442920161,0.0006142533456945,0.0005885911396724,0.0005402229740141,0.0004842281895283,0.0004759308257225,0.0004992826879305,0.0005334161546046,0.0005958699648075,0.0006677638895199,0.0008433500193981,0.0010897370080983,0.0012848492695674,0.0012810235389503,0.0010037822812478,0.0007933670973106,0.0007348383873512,0.0007794553496122,0.0008539328846115,0.0009937211065732,0.0012571251437971,0.001667074537579,0.002263292296079,0.0028848493093152,0.0029879204543159,0.0026086017478769,0.0022329348752087,0.0022991398888088,0.0028000373331686,0.0036257492438778,0.0047195604066592,0.0057306960402619,0.0061447692735402,0.006187895691405,0.0062786201603234,0.0062918114782302,0.0061756980697623,0.0061983295021787,0.0064907246279098,0.0071186661396432,0.0082087260990274,0.0094939728471005,0.0105916097404989,0.010818545124828,0.010284334013212,0.0100678821244699,0.0104159739258075,0.011460820705172,0.0128402450166815,0.0146907310422191,0.0163671960094946,0.0176308050214155,0.0187578801666398,0.0202668824709966,0.0224238492668099,0.0242509089029198,0.0252373263419514,0.0256623799189486,0.0256326435582434,0.0253005999515722,0.0246528590417752,0.0238590447811457,0.0232145085418006,0.0228775461386217,0.0225732018153141,0.0222908927066644,0.0218663359777992,0.0210185143252122,0.0199526011850473,0.0188304696787372,0.0176656589178811,0.0165693138296261,0.0156412263613011,0.0148312396939723,0.0140740431406774,0.0134943952673824,0.0129611033248108,0.0125119774558141,0.0120888119017187,0.0115364409908751,0.0108927493933546,0.0102124649309061,0.0096072790636221,0.0090188866632024,0.0084617211678842,0.0080021863305204,0.0075662517794305,0.0072593983730558,0.0070065772010452,0.00658867823715,0.0063195604464071,0.0059654319402647,0.0056150297951129,0.0052948111739853,0.0049541969370356,0.004636984247107,0.0043625750237574,0.0041362110147802,0.0039215974641268,0.0037400739990702,0.0035382046030048,0.0033741950346041,0.0031657672431951,0.0029665311422297,0.002697587248333,0.0025371549864833,0.0023564016360314,0.002200093213678,0.0020797069112742,0.0019750210098443,0.0018816632458258,0.0017542216999465,0.0016615098384997,0.0015490731062093,0.001459342333555,0.0013596994406657,0.0012462193272979,0.001177554915444,0.0011053877242589,0.0010311089285124,0.0009703940867718,0.0009357637719656,0.000873359646576,0.0008192528849921,0.0007874546045388,0.0007304164389756,0.0006787690756456,0.000645852886895,0.000608887385868,0.0005851380451545,0.00056834457829,0.0005373909396612,0.0005177157536307,0.0004979411979738,0.0004553613130543,0.0004385181613767,0.0004294009981529,0.000412135525563,0.000412831112948,0.0003949942650062,0.0003859516290023,0.0003837654972211,0.0003713939787322,0.0003565630619895,0.0003503773027451,0.0003512716293828,0.0003449119732922,0.0003411856123016,0.0003333850966278,0.0003214607414578,0.0003264292227787,0.0003145545524219,0.0003263298531523,0.0003202186211276,0.0003273235494164,0.0003246902543164,0.0003208645236993,0.000309089222969,0.0003164674177304,0.0003151507701804,0.0003187777615446,0.0003182312285993,0.0003166413145766,0.000318628707105,0.000318628707105,0.0003272738646032,0.0003306524319014,0.0003351240650901,0.0003265782772183,0.0003406390793563,0.0003402912856638,0.0003504766723715,0.0003727354686888,0.0003760146663606,0.0003766605689323,0.0003821755831984,0.0004537217142184,0.000378747331087,0.0,0.0,0.0,0.0,0.0,0.0,0.0,0.0,0.0,0.0,0.0,0.0,0.0,0.0,0.0,0.0,0.0,0.0,0.0,0.0,0.0,0.0,0.0,0.0,0.0,0.0,0.0,0.0,0.0,0.0,0.0,0.0,0.0,0.0,0.0,0.0,0.0,0.0,0.0,0.0,0.0,0.0,0.0,0.0,0.0,0.0,0.0,0.0,0.0,0.0,0.0,0.0,0.0,0.0,0.0,0.0,0.0,0.0,0.0,0.0,0.0,0.0,0.0
HNGK087,0.0,0.0,0.0,0.0,0.0,0.0,0.0,0.0,0.0,0.0,0.0,0.0,0.0,0.0,0.0,0.0,0.0,0.0,0.0,0.0,0.0,0.0,0.0,0.0,0.0,0.0,0.0,0.0,0.0,0.0,0.0,0.0,0.0,0.0,0.0,0.0,0.0,0.0,0.0,0.0,0.0,1.594562257294595e-05,1.833436369768688e-05,0.0002888825630336,0.0002306841429035,0.0002157932891389,0.0002294122158111,0.0002621410714813,0.0003154379189138,0.0003910090017692,0.0004595689743105,0.000490343405424,0.0005056685757568,0.0004854418327265,0.0004520615022042,0.0004303766964094,0.0004466015224905,0.0004616164667031,0.0005234135098263,0.0005956341505847,0.0007162500660781,0.0008201137710863,0.0008107139196474,0.000709301000988,0.0006527778019064,0.0006337299181325,0.0006678547913431,0.0007184216489188,0.00080627768613,0.0009102654815863,0.0011663261211137,0.0014760558794178,0.0017258189287073,0.0016744454832193,0.0013363300349264,0.001093236847219,0.0010474474718928,0.0011312705695428,0.0012580289622142,0.0014318796799161,0.0017923003862439,0.0022936257963194,0.0030484059465135,0.0038135166265068,0.0039733141009684,0.0035278293925102,0.0031968181223675,0.0033021398901402,0.0038683646045398,0.0047598303832483,0.0059536425386026,0.0070118238342509,0.0075154759402271,0.0076905985850214,0.007853808546804,0.0080219511038962,0.008018290435679,0.00804068876155,0.0083725686648289,0.0091440389802842,0.0100581202431477,0.011248737069465,0.0122781293811683,0.0126024087445049,0.0122808283484132,0.0123957981485208,0.0129666452321099,0.0141407580288381,0.0157052593750953,0.0173359629753812,0.0188078928474017,0.0201161474184595,0.0214964054719916,0.0237201683460654,0.0266089939764014,0.0291567880329157,0.0303219973399971,0.0303702995468961,0.0297793498107248,0.0289150288175247,0.0276680128825739,0.0263751145044609,0.0254480657897773,0.0248437763304419,0.0244515264241922,0.023931587446911,0.023112931738589,0.021736179240214,0.020104793142464,0.0182533326351177,0.0165901483600578,0.0151652177452318,0.0139720880873418,0.012963791151805,0.0120946306311314,0.0113696632110785,0.0107453641669969,0.010036249301681,0.0094024263157124,0.0086999192667545,0.0078157127792562,0.0071297407824994,0.0065152138612008,0.0060255529532409,0.005603521339462,0.0052283028472056,0.0048800430047856,0.004623206799958,0.0043418627316427,0.0040916343431731,0.0038262048748187,0.0035505999897253,0.0033250035551913,0.0030361209921577,0.0028481239633794,0.0026400553046308,0.0024710751370144,0.0023546162515303,0.0021825648453249,0.0020687739044736,0.0019504536622689,0.0018257427619903,0.0016826664754019,0.0015499517412247,0.0014474530311449,0.0013334139093975,0.0012721132280665,0.001179976070398,0.0011179928916027,0.0010394436379944,0.0009859606548898,0.0008982907533506,0.0008596365787866,0.0008014381586565,0.000748017220776,0.0006951546899116,0.0006567486962437,0.0006166674815272,0.0005727394629216,0.0005411584438958,0.000506413118445,0.0004920186264726,0.0004538297910887,0.0004377911006797,0.000409622568975,0.0003846183436952,0.0003591177566233,0.0003545264100459,0.0003447853098749,0.0003352303453759,0.0003182919992187,0.0003009813817173,0.0002858423470566,0.0002878277942252,0.0002751085233013,0.000267663096419,0.0002607760765528,0.0002564949560955,0.000248304986525,0.0002426588711392,0.0002434654590515,0.0003082406729276,0.0002189575955639,0.0,0.0,0.0,0.0,0.0,0.0,0.0,0.0,0.0,0.0,0.0,0.0,0.0,0.0,0.0,0.0,0.0,0.0,0.0,0.0,0.0,0.0,0.0,0.0,0.0,0.0,0.0,0.0,0.0,0.0,0.0,0.0,0.0,0.0,0.0,0.0,0.0,0.0,0.0,0.0,0.0,0.0,0.0,0.0,0.0,0.0,0.0,0.0,0.0,0.0,0.0,0.0,0.0,0.0,0.0,0.0,0.0,0.0,0.0,0.0,0.0,0.0,0.0,0.0,0.0,0.0,0.0,0.0,0.0,0.0,0.0,0.0,0.0,0.0,0.0,0.0,0.0,0.0,0.0,0.0,0.0,0.0,0.0,0.0,0.0,0.0,0.0,0.0,0.0,0.0,0.0,0.0,0.0,0.0,0.0,0.0,0.0,0.0
HNGK088,0.0,0.0,0.0,0.0,0.0,0.0,0.0,0.0,0.0,0.0,0.0,0.0,0.0,0.0,0.0,0.0,0.0,0.0,0.0,0.0,0.0,0.0,0.0,0.0,0.0,0.0,0.0,0.0,0.0,0.0,0.0,1.3111945853491155e-05,1.943614195959421e-05,1.8575256625779137e-05,1.821103590762661e-05,1.8409701753891622e-05,1.721770667630152e-05,1.7416372522566536e-05,2.198568698666193e-05,2.827677211838749e-05,2.675366729702236e-05,2.754833068208243e-05,3.1654091504892793e-05,0.0004707056117505,0.0003750148957995,0.0003568700818407,0.000368127813129,0.0004109734139735,0.0004913006378133,0.0006075863798271,0.0007270507753812,0.0007820149928478,0.0007969811532664,0.0007571817620647,0.0006861256110506,0.0006342738251754,0.000661954599755,0.0006941384668499,0.0007774456783837,0.0008982345129128,0.0010635576079797,0.0012450388585428,0.0012338804601776,0.0010640542725954,0.0009485300829923,0.0009262463972362,0.0009377027943708,0.0010349166151432,0.0011506394705926,0.0012796729377417,0.0016092595766953,0.0020938717976845,0.0023754475237908,0.002320383973401,0.0018344473134367,0.001478537449853,0.0014097990670453,0.0014867158605242,0.001656508937132,0.001882358893361,0.0023555147172155,0.002950320260933,0.0039077903070072,0.0047595039009197,0.0049297605311689,0.004306943103128,0.003802696074333,0.0039539801162638,0.0046050080944743,0.0056076415095995,0.0068968835189363,0.0080066309361727,0.0083922082327987,0.0083865462561802,0.0084681979189951,0.0085169703842531,0.0085733252626436,0.008561339089919,0.0088534441058773,0.009454408290829,0.0103729398310353,0.0114756346107293,0.0125103856710006,0.0126442864513833,0.0122254326255078,0.0121111335419567,0.0126251814191674,0.0138260171269163,0.0152604507588985,0.0168769285280082,0.0183196067926104,0.0194330295280027,0.0205560875569388,0.0223774229245221,0.0248750168327916,0.0269077988827496,0.0278142449173081,0.0277466323076292,0.0270914654576216,0.0262131306403096,0.0251087803118967,0.0240501562390992,0.0229019338696362,0.0223948724080191,0.0219170810477517,0.0214213766503461,0.0207321717186784,0.0196244771818534,0.0182717283236605,0.016762794999329,0.0154890820369752,0.0142895707682014,0.0133351469317699,0.0124446934978357,0.0117563163405274,0.01110432814406,0.010530614291021,0.0101028205020636,0.0094974194465454,0.0088590067495727,0.0082778098163244,0.0076598928124915,0.0069859520400118,0.00651637220139,0.0060438785970231,0.0056858827420535,0.0053592760907938,0.0050829318986392,0.0048340035932691,0.0045912008181589,0.0042840965308075,0.0040427837495443,0.0037553142699988,0.0035698265915361,0.0033220240592948,0.0031045511795834,0.0028762179002761,0.0027068221553608,0.0025661005142564,0.0024001483106764,0.0023000207241588,0.0021705568143428,0.0020168556712824,0.0018920272978792,0.0017741522290953,0.0016503834068722,0.0015356207696798,0.0014343011880846,0.0013199358825847,0.0012916922214407,0.0012104047793439,0.0011336535407369,0.0010423996953525,0.0009992229847642,0.0009522054011482,0.0009066447004047,0.0008322112300041,0.0007504933452404,0.0007006944397767,0.0006923504742335,0.0006443064504118,0.0006171885623966,0.0005788460540675,0.0005631514522125,0.0005311000290151,0.0004892477574019,0.0004680567338003,0.0004511701368678,0.0004295155596249,0.0004226946989032,0.000394086817041,0.0003923650463734,0.0003877957319093,0.0003628300572286,0.0003538238721979,0.0003403808166007,0.00033190440716,0.0003163422492026,0.0003215075612055,0.0003163422492026,0.0002937605646772,0.0002995218742188,0.0003009787570915,0.0003013098668352,0.0002925685695996,0.0002905819111369,0.0002807148407724,0.0002829001650813,0.0002878005892892,0.0002825028333888,0.0002822379455938,0.0002879992551355,0.0003376657167017,0.0002634309121474,0.0,0.0,0.0,0.0,0.0,0.0,0.0,0.0,0.0,0.0,0.0,0.0,0.0,0.0,0.0,0.0,0.0,0.0,0.0,0.0,0.0,0.0,0.0,0.0,0.0,0.0,0.0,0.0,0.0,0.0,0.0,0.0,0.0,0.0,0.0,0.0,0.0,0.0,0.0,0.0,0.0,0.0,0.0,0.0,0.0,0.0,0.0,0.0,0.0,0.0,0.0,0.0,0.0,0.0,0.0,0.0,0.0,0.0,0.0,0.0,0.0,0.0,0.0,0.0,0.0,0.0,0.0,0.0,0.0,0.0,0.0,0.0,0.0,0.0,0.0,0.0,0.0,0.0,0.0,0.0,0.0,0.0,0.0,0.0,0.0,0.0,0.0
HNGK089,0.0,0.0,0.0,0.0,0.0,0.0,0.0,0.0,0.0,0.0,0.0,0.0,0.0,0.0,0.0,0.0,0.0,0.0,0.0,0.0,0.0,0.0,0.0,0.0,0.0,0.0,0.0,0.0,0.0,0.0,0.0,0.0,1.6244824322377968e-05,1.3394855143013412e-05,1.4962338191663918e-05,1.4819839732695692e-05,1.902354427225841e-05,1.6387322781346198e-05,1.7812307371028476e-05,2.123227038626594e-05,1.9451039649163094e-05,2.05197780914248e-05,3.305964248062885e-05,0.0003952194759483,0.0003335176432151,0.0003208352803669,0.0003510449536682,0.0004004206697007,0.0004852072527868,0.0006027684814356,0.0006926850090445,0.000719403470101,0.000744126952732,0.0007062223626465,0.0006224332687732,0.0005944323215859,0.0006304131824754,0.0006648978095457,0.0007417757281591,0.0008420233940432,0.0010175102462626,0.0011022968293487,0.00108277454047,0.0009441235398939,0.0008267760589336,0.0008163024221994,0.0008539932645965,0.0009253137433101,0.0010029041542183,0.0011616474375089,0.0014773527733531,0.0018503424897024,0.0020710369780294,0.001937409048132,0.0015339246615634,0.0012980540873563,0.0012653150664083,0.0013526666217559,0.0015306471970072,0.0017883556600512,0.0022363708150473,0.0028873750248437,0.0036620678970244,0.0043506204507589,0.0042366216835843,0.0036867913796554,0.003494739081581,0.0038012888914364,0.00456315690231,0.0055974819667309,0.0068379310520493,0.0075940634999495,0.0078917427807341,0.0077479262110204,0.0076170057518434,0.007549247734604,0.0074047542972102,0.0077033954425929,0.0082317797284471,0.0091495410534319,0.0102511253904858,0.0117444379912433,0.0127791905510411,0.012915525951659,0.0123568251186593,0.0122796265785133,0.0130398914817235,0.0146729594461141,0.0169269644454588,0.0193903709302573,0.0215083255259021,0.0229280020479878,0.0239576959124922,0.0254543572270355,0.0277818558065931,0.0295348005995907,0.0302486466297921,0.0301700943542858,0.0295141026984256,0.0283983041400896,0.0267295046871127,0.0248897783326034,0.0234347265680788,0.0223249129450195,0.021293295351319,0.0205752099919634,0.0196666754421967,0.018650839552827,0.0176071452147289,0.0163215953671471,0.0150595221406802,0.013892103515583,0.0128071202489989,0.0118982650776996,0.0110206170689142,0.0103534749086397,0.0097426908888872,0.009198703021776,0.0086389690749488,0.0081208446781403,0.0075289773288157,0.0068320173660021,0.0062982181387072,0.0058518773406039,0.0054104883639498,0.0050469035458924,0.0046767281741077,0.0043948662222685,0.0041366590146181,0.0039271862799348,0.0036879313673272,0.0034464677286055,0.0032079253082927,0.0030320109606964,0.0027269930092749,0.0025767283842929,0.0024122139134141,0.0022594555654002,0.0020986460544545,0.0020140019698274,0.0019010719410951,0.0017517335560964,0.0016519133855891,0.0015327134246622,0.0014524155430336,0.0013347830651553,0.0012641750787366,0.0011617899359679,0.0011009430939885,0.0010611147747069,0.0009990566958262,0.0009399198353544,0.0008636119105769,0.0008264910620157,0.0007536743494829,0.000714986017873,0.0006864863260794,0.000658912874269,0.0006357568746867,0.0006369681115879,0.0006127433735633,0.0005907273616527,0.0005512552885185,0.0005420641379151,0.0005102869815652,0.0005141344399573,0.0005163431660713,0.0005048720401244,0.0005038745509116,0.0004954671418325,0.0004890547111789,0.0004742348714462,0.0004782248282973,0.0004691049269234,0.0004867034866059,0.0004713136530374,0.0004875584773597,0.0004759448529538,0.0004646162254659,0.0004402489889823,0.000430487844543,0.000412533038713,0.0004126755371719,0.0004199073339646,0.0004274953769046,0.000414456767909,0.0004190879678255,0.0004173067370884,0.0004176629832358,0.0004006344173891,0.0003960032174727,0.0004011331619955,0.0003906595252613,0.0004608400163032,0.0003894482883601,0.0,0.0,0.0,0.0,0.0,0.0,0.0,0.0,0.0,0.0,0.0,0.0,0.0,0.0,0.0,0.0,0.0,0.0,0.0,0.0,0.0,0.0,0.0,0.0,0.0,0.0,0.0,0.0,0.0,0.0,0.0,0.0,0.0,0.0,0.0,0.0,0.0,0.0,0.0,0.0,0.0,0.0,0.0,0.0,0.0,0.0,0.0,0.0,0.0,0.0,0.0,0.0,0.0,0.0,0.0,0.0,0.0,0.0,0.0,0.0,0.0,0.0,0.0,0.0,0.0,0.0,0.0,0.0,0.0,0.0,0.0,0.0,0.0,0.0,0.0,0.0,0.0,0.0,0.0,0.0,0.0,0.0,0.0,0.0,0.0,0.0
HNGK090,0.0,0.0,0.0,0.0,0.0,0.0,0.0,0.0,0.0,0.0,0.0,0.0,0.0,0.0,0.0,0.0,0.0,0.0,0.0,0.0,0.0,0.0,0.0,0.0,0.0,0.0,0.0,0.0,0.0,0.0,0.0,1.3824806709113817e-05,1.6569804431140024e-05,1.5521714391820923e-05,2.11614369843475e-05,1.796725781689882e-05,1.6569804431140024e-05,1.4922805797924295e-05,1.7218622074528035e-05,2.0412801241976715e-05,2.3357435161968465e-05,2.445543425077895e-05,2.819861296263287e-05,0.0003976253972978,0.0003119315593211,0.0002887238513076,0.0003060922005306,0.0003494631645386,0.0004272713726957,0.0005217492033829,0.0006249611177311,0.0006797612540726,0.0006736723500347,0.0006402332868754,0.0005967625047684,0.000558931445254,0.0005653198035889,0.000613881308744,0.0007012221453539,0.0007976963380208,0.0009746239184677,0.0011052359009867,0.0010913611852281,0.000953013300038,0.0008372742142674,0.0008188577750051,0.0008503753397589,0.000910815198693,0.0009976070357585,0.001152799225152,0.0014546741110006,0.0019092457337682,0.002215812070269,0.0021481353991587,0.0017140264866826,0.0014032677900245,0.0013319228037766,0.0014278979059485,0.0015607058866451,0.0017996205065603,0.0021903584550284,0.0027394328630079,0.003614812636562,0.0044541331218587,0.0046545179555666,0.0041192433997715,0.0036786712653863,0.003749741751862,0.0043193287791824,0.0052208109856206,0.0063252233872907,0.0072657843794806,0.0076140247723068,0.0076900861637316,0.0078689601971088,0.0081028340030254,0.0081684144940571,0.0084471814899912,0.0088884024420198,0.0094981912087055,0.0102767723807712,0.0112847355442992,0.0121140742196975,0.0122028873732675,0.011791087805914,0.011896770218212,0.0124987482186524,0.0136919737738924,0.0150342527054385,0.0164721573758101,0.017766274074597,0.018781499004826,0.0200325941029513,0.0222299647794333,0.0253260227555819,0.0280603898500664,0.0290647096529816,0.0287984199194203,0.0278316816307722,0.02659253975,0.0251895963687972,0.0238387580352633,0.0230709322633631,0.0227927392214981,0.022634078353165,0.0224321962479724,0.0217429772290211,0.0205781499229416,0.0189735240727441,0.0173918563853126,0.0157899006692628,0.0144451761942917,0.0133784201704628,0.012580624014343,0.0118787031422962,0.0113368655464929,0.0108912026890596,0.0103786866598326,0.0098157624906192,0.0091685918458644,0.0084861105485945,0.007814085197193,0.0070394967490867,0.0065185211359708,0.0060995346654907,0.005767539668274,0.0054599252417338,0.0052041164085657,0.004976730779083,0.004704427005058,0.004472349924923,0.0041750916261523,0.0038839222314196,0.0036420629775843,0.0034060430825396,0.0031865929919259,0.0029683407185001,0.0027686047024356,0.0026398393547478,0.0024818273040581,0.0023784157535119,0.0022139155263883,0.002064986922706,0.0019250169934074,0.0018033137762227,0.0016812362411668,0.0015740815119088,0.0014749621396189,0.0013571518282945,0.0012870046592343,0.0012258161645579,0.0011399226903832,0.0010837251006559,0.0010217380611876,0.0009627455646888,0.0008877322633032,0.0008379230319108,0.0007548244645077,0.0007193890393688,0.0006863742031302,0.0006500154605758,0.0006167760336145,0.0005858324229298,0.0005601791714913,0.0005219987486304,0.0005059280346941,0.0004696940647634,0.0004377023640394,0.0004158422003622,0.0004098531144232,0.0004020673027026,0.0003868949516572,0.0003633378802972,0.0003630384260003,0.0003460194401237,0.0003316955429197,0.0003254569117333,0.0003238598221496,0.0003227618230607,0.0002936648472073,0.0002938644834052,0.0002877256703178,0.0002925668481185,0.0002810877667354,0.0002832338558636,0.0002826349472697,0.0002769952246771,0.0002769952246771,0.000274849135549,0.0002797901314487,0.0002764961341822,0.0002698083215504,0.0003461691672722,0.0002604753292955,0.0,0.0,0.0,0.0,4.9909049491385617e-08,0.0,0.0,0.0,0.0,0.0,0.0,0.0,0.0,0.0,0.0,0.0,0.0,0.0,0.0,0.0,0.0,0.0,0.0,0.0,0.0,0.0,0.0,0.0,0.0,0.0,0.0,0.0,0.0,0.0,0.0,0.0,0.0,0.0,0.0,0.0,0.0,0.0,0.0,0.0,0.0,0.0,0.0,0.0,0.0,0.0,0.0,0.0,0.0,0.0,0.0,0.0,0.0,0.0,0.0,0.0,0.0,0.0,0.0,0.0,0.0,0.0,0.0,0.0,0.0,0.0,0.0,0.0,0.0,0.0,0.0,0.0,0.0,0.0,0.0,0.0,0.0,0.0,0.0,0.0,0.0,0.0,0.0
HNGK091,0.0,0.0,0.0,0.0,0.0,0.0,0.0,0.0,0.0,0.0,0.0,0.0,0.0,0.0,0.0,0.0,0.0,0.0,0.0,0.0,0.0,0.0,0.0,0.0,0.0,0.0,0.0,0.0,0.0,0.0,0.0,0.0,0.0,0.0,1.4993425226312565e-05,1.4836699527082816e-05,1.4575490028366568e-05,1.5777053722461302e-05,1.7710004012961528e-05,2.2672984488570218e-05,1.8807083907569764e-05,1.739655261450203e-05,2.058330849884024e-05,0.0002966817486419,0.0002484102332791,0.0002228639443047,0.0002385365142276,0.000275079723098,0.0003392588969326,0.0004308911890823,0.0005070598789079,0.0005421664355354,0.0005387707120521,0.0005120751012833,0.000471848838481,0.0004437949383189,0.0004492280958922,0.0004870512313063,0.0005433157573297,0.000624865362829,0.0007492010842179,0.0008456918730437,0.0008279818690307,0.000732901611498,0.0006388139500604,0.0006309254231992,0.0006426798506414,0.0006955486531816,0.0007644034770432,0.0008917169867175,0.0011289996953513,0.0014611536939189,0.0016956675818663,0.0016385149435472,0.0012531525700911,0.001009417986839,0.0009263533662472,0.0009762966224018,0.0010896615448446,0.0012651420860822,0.0015857767457564,0.0020571292861899,0.0027720335632264,0.0034560106356149,0.0035873728925193,0.0031125723867027,0.0027095783720833,0.002789195027292,0.0033376827326964,0.0042523600343511,0.0054459045968352,0.0064799807603531,0.0069041588653184,0.0068964793060562,0.0070630526033875,0.0071255339154804,0.0070273713858629,0.0070159042888692,0.0073401175186758,0.0081469152973607,0.0090761680890438,0.01030387885396,0.0114054254309963,0.0115367093250511,0.0111074115139109,0.010958861671991,0.0115144803967103,0.0126313860922711,0.0141410986320014,0.0157970623700629,0.0174122774263247,0.0186150426841135,0.0197117307644737,0.0214634277838147,0.0239131027046754,0.0261146808436554,0.0273169498033967,0.0277783502619291,0.0274806236752923,0.0268290365807446,0.0258138981058837,0.0248908621002701,0.0241964627688828,0.0238554798892586,0.0236451278799424,0.0232588512732408,0.0227769458690592,0.0217387164745118,0.0204618460819371,0.0189460212399369,0.0175753505163733,0.0162870913896546,0.01522793911426,0.0142801926900678,0.0134792460041542,0.0127713682626331,0.0121378568653966,0.0115639012338674,0.0109756574427584,0.0103273615878946,0.0095622006033051,0.0088568043520219,0.0082011685102441,0.007693925784687,0.0069863353736146,0.0065536418389911,0.006186799218994,0.0058719372892414,0.0056020033932681,0.005316344685472,0.0050165806647452,0.0047092676895055,0.0043930735913095,0.0040976717692113,0.0038389960026326,0.0036173597429719,0.0033566204213533,0.0032183622336828,0.0029263822560178,0.0028106925690364,0.0026365441962423,0.0024937148423442,0.0023280557782584,0.0021844950377639,0.0020332024961075,0.0018927762695976,0.0017684405482087,0.0016693376643957,0.0015833997393181,0.0014452721563969,0.0013732828185507,0.0012952334203343,0.0012301138923044,0.0011433662177807,0.0010774369403047,0.0010118211142272,0.0009366450204967,0.0008807461877714,0.0008222875019587,0.0007708814726113,0.0007436112009454,0.0006979517805698,0.0006539118590862,0.0006321269868933,0.0006056403437234,0.0005690187720034,0.000516411178962,0.00049849220735,0.0004810956547355,0.000465527568612,0.0004498027567893,0.0004308911890823,0.0004222712756246,0.0004048747230101,0.0003811569005267,0.0003736863088634,0.0003646745811577,0.000355453885853,0.0003494983092823,0.0003421844433182,0.0003193286121806,0.0003192763702808,0.0003269298085932,0.0003226459728143,0.0003149141716523,0.000317212815241,0.0002985624570326,0.0003017230919671,0.0003007566168218,0.0002964727810429,0.0002978310704362,0.0003023761157139,0.0002920322195647,0.0002970996838398,0.0002968384743411,0.0003662679590999,0.0002817405653153,0.0,0.0,0.0,0.0,0.0,0.0,0.0,0.0,0.0,0.0,0.0,0.0,0.0,0.0,0.0,0.0,0.0,0.0,0.0,0.0,0.0,0.0,0.0,0.0,0.0,0.0,0.0,0.0,0.0,0.0,0.0,0.0,0.0,0.0,0.0,0.0,0.0,0.0,0.0,0.0,0.0,0.0,0.0,0.0,0.0,0.0,0.0,0.0,0.0,0.0,0.0,0.0,0.0,0.0,0.0,0.0,0.0,0.0,0.0,0.0,0.0,0.0,0.0,0.0,0.0,0.0,0.0,0.0,0.0,0.0,0.0,0.0,0.0,0.0,0.0,0.0,0.0,0.0,0.0,0.0,0.0,0.0,0.0,0.0
HNGK092,0.0,0.0,0.0,0.0,0.0,0.0,0.0,0.0,0.0,0.0,0.0,0.0,0.0,0.0,0.0,0.0,0.0,0.0,0.0,0.0,0.0,0.0,0.0,0.0,0.0,0.0,0.0,0.0,0.0,3.933532596558838e-06,4.370591773954265e-06,6.079095831045478e-06,9.019312115341984e-06,1.450241815903006e-05,1.640958547857374e-05,1.6131456911140286e-05,2.046231603260406e-05,1.807835688317446e-05,2.0780177252528005e-05,2.785258939583581e-05,2.8806173055607654e-05,2.809098531077877e-05,3.393168522688129e-05,0.0004851356869089,0.0003908103698964,0.000372871077297,0.0003840756852993,0.00043856901819,0.0005110413763327,0.0006475230376375,0.0007455434913316,0.0008215520555459,0.0008410210552662,0.0008215917881984,0.0007453448280691,0.0006876530166529,0.00069973174301,0.0007507882014603,0.0008264391718022,0.0009575569250208,0.0011370293163204,0.0012830070815705,0.0012767094561507,0.001106137179009,0.0009718408135912,0.0009604971413051,0.0010083352549037,0.0010777283324783,0.0011801193779463,0.0013615188028917,0.001696822657259,0.0021787201329899,0.0025024419191562,0.0024160631326419,0.0019188685857021,0.0015657247703666,0.001504198757985,0.00159824594643,0.0017739834683955,0.002041344487004,0.0024987865151271,0.0032005644897404,0.0041509099383343,0.0050217503492947,0.0052244067433224,0.0045975049523274,0.0041292357764007,0.0042626580234638,0.0049412917280014,0.0060008622382916,0.0073561231484161,0.0084166671086924,0.0088685266991405,0.0088831284489308,0.0089379197767152,0.0091515026501778,0.0090610909994357,0.0091281001178609,0.0095636097218092,0.0101875315638674,0.0110505049096347,0.0122285979223041,0.0132019088440374,0.0133240072851407,0.0129432095436718,0.0129588443424268,0.0135265246148848,0.0147209874803802,0.0161873011542156,0.0178117110523107,0.0192846998117645,0.020448787064431,0.0218946980212125,0.0239520150345178,0.0268890725729413,0.0291394108120454,0.0297841128313561,0.02935509951609,0.0282429627065549,0.0269543731873094,0.0255127732233231,0.0240764179694655,0.02299714006354,0.0222652646046651,0.0214997355891308,0.0208221746662104,0.0198363678252688,0.01846261136541,0.0170200379514376,0.0154946219570226,0.0141917286828806,0.0129302964316124,0.0120097504723864,0.0112071707584047,0.0104656203986484,0.009869551145986,0.0092578073619161,0.0087629769077995,0.0082956017165538,0.0077982681053303,0.0070504399864805,0.0064984541117563,0.0060436145723714,0.0056193890417304,0.0052367437319207,0.0049654094480631,0.0046511241668633,0.0044050399836635,0.0042072111069133,0.0039983762854233,0.0037994348944034,0.0035644162549221,0.0033688521393639,0.0031786320655657,0.0029337199956143,0.002731182799544,0.0025669478804745,0.0024504716096986,0.0023050898342359,0.0021976130092491,0.0020953014290861,0.0019735605818552,0.0018611569079596,0.001740409377041,0.0016231185868891,0.0015004638886509,0.0014018474451695,0.0013180711473933,0.0012486780698187,0.0011782718096055,0.001121771977764,0.0010680931642494,0.0010163612507068,0.000963079763717,0.0008844488444383,0.000833392385988,0.0007828921846726,0.000733266101712,0.0006962750022434,0.0006685813434575,0.000651615500844,0.0006054064259976,0.0005675809408266,0.0005445360023822,0.0005148557109718,0.0004878772399307,0.000468785700409,0.0004526741098241,0.0004316158040042,0.0004177093756325,0.0004049949268355,0.0003910487658114,0.0003869960352574,0.0003813539986037,0.0003626796519332,0.0003491705500864,0.0003397936440986,0.0003308537972883,0.0003211987627331,0.0003118615893978,0.0003093981649434,0.0003089213731135,0.0003104312139082,0.0003211192974281,0.0002979154283737,0.0002256417334935,0.0002536532534993,0.0002405414781774,0.0001291112542678,6.881695411353442e-05,7.739920705148098e-05,6.12677501403407e-05,0.0,0.0,0.0,0.0,0.0,0.0,0.0,0.0,0.0,0.0,0.0,1.9866326245246666e-08,0.0,0.0,0.0,0.0,0.0,0.0,0.0,0.0,0.0,0.0,0.0,0.0,0.0,0.0,0.0,0.0,0.0,0.0,0.0,0.0,0.0,0.0,0.0,0.0,0.0,0.0,0.0,0.0,0.0,0.0,0.0,0.0,0.0,0.0,0.0,0.0,0.0,0.0,0.0,0.0,0.0,0.0,0.0,0.0,0.0,0.0,0.0,0.0,0.0,0.0,0.0,0.0,0.0,0.0,0.0,0.0,0.0,0.0,0.0,0.0,0.0,0.0,0.0,0.0,0.0,0.0,0.0,0.0,0.0,0.0,0.0,0.0,0.0,0.0,0.0,0.0,0.0
HNGK093,0.0,0.0,0.0,0.0,0.0,0.0,0.0,0.0,0.0,0.0,0.0,0.0,0.0,0.0,0.0,0.0,0.0,0.0,0.0,0.0,0.0,0.0,0.0,0.0,0.0,0.0,0.0,0.0,0.0,0.0,0.0,0.0,0.0,0.0,2.136678876533456e-05,1.8794860488025763e-05,1.986319992629249e-05,1.804306606850473e-05,2.156462940205061e-05,2.959695925272268e-05,3.050702618161656e-05,2.920127797929056e-05,3.4780383934683466e-05,0.0005966675762719,0.0004899325527636,0.0004472781114876,0.0004659146994663,0.0005270672402752,0.00061449301764,0.0007714993469379,0.0009026281209533,0.0010021419612215,0.0010057426608097,0.0009691025748899,0.0008819735584801,0.0008031934169398,0.0008269738614731,0.0008730707298279,0.0009691817111446,0.0011466051941516,0.0013596004236401,0.0015816963224175,0.0015851783176237,0.0013774852171992,0.0012118728202042,0.0011772704928425,0.0012245148368903,0.0013049964079064,0.0014277367389251,0.0016299100855852,0.0020628051827836,0.0026177679528359,0.003023084065276,0.0029022825724972,0.0022995017205507,0.0018659537492511,0.0017618104380838,0.0018533513006923,0.0020227028857213,0.0022862068297634,0.0027710350940998,0.0035733975803654,0.0045781510379916,0.0054928672218483,0.0056977114171041,0.0050442833621583,0.0045049697864704,0.0046565948504495,0.0054131572293154,0.0064714661473007,0.0078759763954753,0.0090600723902846,0.0095597980545657,0.0096011863157667,0.0097901241238305,0.0098648683163819,0.0097294859686771,0.0097545919454763,0.0100940864780811,0.0106505924050997,0.0113854120979905,0.0124870085472892,0.0134383252489384,0.0136518744322097,0.013184416575777,0.0132921408024689,0.013901628452,0.0151160929845453,0.0165385078103427,0.0180902906284888,0.0193590228476852,0.0204188353545095,0.0217848260307155,0.0239979505292761,0.0269840779636136,0.0293746457292448,0.0300728846884068,0.0296309482741104,0.0284296994960979,0.0269906067046252,0.0254239660546618,0.0239507061852283,0.0227885902851581,0.0221594174922737,0.0215001927066721,0.0208794281408482,0.0199790949712807,0.0186042212504861,0.0171568785044624,0.0154931772381261,0.0140372284244052,0.0127218058149438,0.0117189516274301,0.0108747062783717,0.0101942531924504,0.0095395589574297,0.0089946267076589,0.0085081761501015,0.0077957322332233,0.0072651038614871,0.0066474058255322,0.0060517868046349,0.0055588866423205,0.0051330148877255,0.0047579288245755,0.0044703872431724,0.0042090793301978,0.0039392049176534,0.0037302060690266,0.0034962001639188,0.0033055213582519,0.0030797851917589,0.0027635171499046,0.002570464256597,0.0024076414125797,0.0022213546690479,0.0020957258647332,0.0019939566412064,0.0018772702336713,0.0017722168555751,0.0016760267380037,0.0015489734811047,0.0014722508821862,0.0013187661162219,0.0012382251930148,0.0011610871287592,0.0010802098764696,0.0010062966145925,0.0009591709749268,0.0009096910316841,0.0008661858756702,0.0008128678240752,0.0007466505629664,0.0006982587432256,0.0006519640342341,0.0006072520503362,0.0005699590903152,0.0005378099868489,0.0005261373892826,0.0004770333432497,0.0004525604564879,0.00043026381673,0.0004068394853429,0.0003962352272149,0.0003838504033565,0.0003534225134295,0.0003376348306196,0.0003143687717418,0.0003096205964606,0.0003070091000559,0.0002924084610663,0.0002909840084819,0.0002857610156726,0.0002673222683307,0.0002526424930864,0.0002522468118129,0.0002463115927114,0.0002492396341348,0.000247063387131,0.0002312559202574,0.0002390310572803,0.0002961674331639,0.0002190095848446,0.0,0.0,0.0,0.0,0.0,3.9568127343212143e-08,0.0,0.0,0.0,0.0,0.0,0.0,0.0,0.0,0.0,0.0,0.0,0.0,0.0,0.0,0.0,0.0,0.0,0.0,0.0,0.0,0.0,0.0,0.0,0.0,0.0,0.0,0.0,0.0,0.0,0.0,0.0,0.0,0.0,0.0,0.0,0.0,0.0,0.0,0.0,0.0,0.0,0.0,0.0,0.0,0.0,0.0,0.0,0.0,0.0,0.0,0.0,0.0,0.0,0.0,0.0,0.0,0.0,0.0,0.0,0.0,0.0,0.0,0.0,0.0,0.0,0.0,0.0,0.0,0.0,0.0,0.0,0.0,0.0,0.0,0.0,0.0,0.0,0.0,0.0,0.0,0.0,0.0,0.0,0.0,0.0,0.0,0.0,0.0,0.0,0.0,0.0,0.0
HNGK094,0.0,0.0,0.0,0.0,0.0,0.0,0.0,0.0,0.0,0.0,0.0,0.0,0.0,0.0,0.0,0.0,0.0,0.0,0.0,0.0,0.0,0.0,0.0,0.0,0.0,0.0,0.0,0.0,0.0,0.0,0.0,0.0,0.0,0.0,0.0,0.0,0.0,1.3947813945542795e-05,1.407124592736176e-05,2.0489708981947823e-05,2.283491663650812e-05,2.271148465468916e-05,2.018112902740042e-05,0.0003007420237019,0.0002644530210471,0.0002540847345743,0.0002620460974016,0.0002967304842927,0.0003417214416657,0.0004113062214162,0.0004660791633484,0.0005192783475123,0.0005268694143942,0.0005134153283759,0.0004886672160212,0.0004718804664938,0.0004736085142393,0.0005026150299668,0.0005708111999217,0.0006469070167131,0.0007542311249047,0.0008564328058508,0.0008599506173327,0.0007754614257776,0.0007081292796953,0.0007022354025635,0.0007373826593864,0.0007941613710232,0.0008599506173327,0.0009993670407972,0.0012358627179623,0.0015278410709551,0.0017860607769203,0.0017463156787746,0.0014711240753093,0.0012428057669396,0.0011980616735303,0.0012802365154262,0.001425639390009,0.0016136880143102,0.0019906184287898,0.0025161300913841,0.0032782608631252,0.003984446089107,0.0042350747281904,0.0038204667012605,0.0034859660305311,0.0036193651448819,0.004187954569131,0.0051914874393146,0.0064054718384996,0.0075369419578385,0.0080767717303238,0.0081894034137336,0.0082940737343161,0.0084655207570626,0.0083934056216849,0.0084464505158716,0.0089381418154474,0.0095964354324834,0.0105444547688439,0.0117231376212287,0.0126947633241121,0.0130136189911459,0.0125720410761886,0.0126984354255712,0.0132524598759656,0.014437838913364,0.0159043342893551,0.0175977593639204,0.0190702411910297,0.0203966412676563,0.0218726717642429,0.0239873701927563,0.0268396055706334,0.0293963756420314,0.0302703049313051,0.0301988069558365,0.0294816362834729,0.028400526412716,0.0270729537322622,0.0258658198080682,0.0246471758515695,0.0240326388720884,0.0234060364163844,0.0227519703447257,0.0218044447362925,0.0205184686337116,0.0188414600127283,0.0171938899194087,0.0156564211538717,0.0143018168693995,0.0131892009852834,0.0122574438125275,0.0114417744186723,0.0107388292822134,0.0101330559734413,0.0095274060966511,0.0089344697139883,0.0083331399565618,0.0075381145616658,0.0069015141154345,0.0064061507143996,0.0059099850054828,0.0054986479260711,0.0051589631121053,0.0048200497480259,0.0045207580501104,0.0043023451582817,0.0040731936840348,0.0038083086510513,0.0035734175896498,0.0033570721835166,0.0030963529799195,0.0029099706873729,0.0026768385317123,0.0025218388205432,0.0023691534590331,0.0022513993483778,0.002094455583495,0.0019931796424126,0.0018930763051574,0.0017935901278113,0.0016480021052558,0.0015082771018368,0.0014264416978908,0.0013215862293356,0.0012459841404715,0.0011854407533893,0.0010848436882068,0.0010473203657338,0.0009983178689517,0.0009119154816784,0.0008585928655327,0.0008126144523051,0.0007747825498776,0.0007083144276681,0.0006625828784041,0.0006341935225858,0.0006044464149674,0.0005566782380035,0.0005346456292488,0.0005094037889668,0.0004910741396667,0.0004762005858575,0.0004499095737301,0.00043565317983,0.0003840586114297,0.0003876998548933,0.0003741531948887,0.0003609151148386,0.0003431409094567,0.0003369693103657,0.0003302422673566,0.0003138258137747,0.0003118509020656,0.0003098759903565,0.0002949407205564,0.0002888308374563,0.0002791414268835,0.0002776602431017,0.0002725995318471,0.0002751298874744,0.0002791414268835,0.0003227746324565,0.0002472342595833,0.0,0.0,0.0,0.0,0.0,0.0,0.0,0.0,0.0,0.0,0.0,0.0,0.0,0.0,0.0,0.0,0.0,0.0,0.0,0.0,0.0,0.0,0.0,0.0,0.0,0.0,0.0,0.0,0.0,0.0,0.0,0.0,0.0,0.0,0.0,0.0,0.0,0.0,0.0,0.0,0.0,0.0,0.0,0.0,0.0,0.0,0.0,0.0,0.0,0.0,0.0,0.0,0.0,0.0,0.0,0.0,0.0,0.0,0.0,0.0,0.0,0.0,0.0,0.0,0.0,0.0,0.0,0.0,0.0,0.0,0.0,0.0,0.0,0.0,0.0,0.0,0.0,0.0,0.0,0.0,0.0,0.0,0.0,0.0,0.0,0.0,0.0,0.0,0.0,0.0,0.0,0.0,0.0,0.0,0.0
HNGK095,0.0,0.0,0.0,0.0,0.0,0.0,0.0,0.0,0.0,0.0,0.0,0.0,0.0,0.0,0.0,0.0,0.0,0.0,0.0,0.0,1.8188401402663925e-05,1.5903426352078005e-05,2.010778044515609e-05,1.8097002400640487e-05,1.5812027350054567e-05,1.6451820364218626e-05,1.6177623358148314e-05,1.4532441321726451e-05,1.7548608388499866e-05,1.626902236017175e-05,1.654321936624206e-05,2.129596747146077e-05,1.9924982441109223e-05,1.4989436331843635e-05,1.718301238040612e-05,2.294114950788264e-05,2.303254850990608e-05,1.8736795414804543e-05,2.1570164477531087e-05,3.729079282556222e-05,2.0473376453249845e-05,2.083897246134359e-05,2.422073553621076e-05,0.0002974123525842,0.0002394653853014,0.0002271265200282,0.0002320620661375,0.0002662452928942,0.0003085630308311,0.0003906393346481,0.0004536132470423,0.000503151506139,0.0004977589650196,0.0004823125336776,0.0004434679578177,0.0004148600701843,0.0004233601773725,0.0004392636037246,0.0005054364811896,0.0005755395157415,0.0006999335574954,0.0007895045794784,0.000776160325183,0.0006759870189653,0.0006068893734356,0.0005885638735299,0.0006044216003809,0.000663191158682,0.0007146487968212,0.0008182038661138,0.0010427712140853,0.0013357964145725,0.0015300192938723,0.0014698787505409,0.0011928483754078,0.0009847328478005,0.0009061297060603,0.0009520120050761,0.0010711963037146,0.0012256606171342,0.001520925093171,0.0018801688706241,0.0024908513026437,0.0030960040950408,0.0032000618588445,0.002831358284682,0.002492267987175,0.0025796911326104,0.0030061588760518,0.0036978665233652,0.0046225045273353,0.0053915814298615,0.0057418224056153,0.0057967989053324,0.0059094938748273,0.0060338422170802,0.00603699548265,0.0062856464676547,0.0067377059316627,0.0075080624202172,0.0084423887184018,0.0094517535972476,0.0104352982580218,0.0108246580066416,0.0107595362176999,0.0108774866298112,0.0113945307842578,0.0123056874354294,0.0134082792963391,0.0147701701259894,0.0160147046370415,0.0171256138071354,0.0182077779910928,0.0198673096708324,0.0218777678188409,0.0237075301398491,0.0245246372179386,0.024448136253245,0.0239205812135657,0.0233612193211823,0.0227186843369575,0.0220024817571019,0.0212821662221552,0.0211662722875895,0.0209753397723625,0.020743094908221,0.0203344499701742,0.0194754821491579,0.0186727247143861,0.0176231899741509,0.0167686093052318,0.0157726343801824,0.0150978812477444,0.0144287034544298,0.013860201661844,0.0133581469437293,0.0127788143694037,0.0122441759070676,0.0117903341625203,0.0113040457722546,0.0107434499933438,0.0102054754674339,0.0097569348650039,0.0093269939594856,0.0089236044640552,0.0085901352051727,0.0082595450148539,0.0077743991121135,0.0073918028896434,0.007113310130478,0.0068456481530523,0.0063967419546142,0.0061186604909579,0.005857762039682,0.0056369420507934,0.0053846808052087,0.0051177043202982,0.00481243165354,0.0045563316498703,0.0042757367136583,0.0041038151908523,0.003896065259253,0.0036966326368379,0.0035380553683272,0.0033204343445094,0.0031478730286891,0.0029747633188567,0.0027459459172911,0.0025582580666359,0.0024054389352528,0.0022645930731346,0.0021093061686968,0.002008401670463,0.0019030186211299,0.0018199369282906,0.0017098925298544,0.0016057433670487,0.0014956532691115,0.0014123887782681,0.0013131294620707,0.0012128190573499,0.0011433101163111,0.001057120857403,0.0010246742116847,0.0009610605062764,0.0009083232821089,0.0008553118609353,0.0008037628237941,0.0007628160708876,0.0007379555423372,0.000659352400597,0.0006179486526804,0.0006097227424983,0.0005748083237253,0.0005376089299018,0.0005318507927743,0.0004966621769953,0.0004873394787889,0.0004559896210949,0.0004353334466376,0.0004139460801641,0.0003821392274599,0.0003782090703729,0.0003600206689703,0.0003601120679723,0.0003374908149715,0.0003428376565899,0.0003119447939059,0.0003105738088756,0.000308288833825,0.0003040844797319,0.000277213173137,0.0002872670633596,0.0002814175272301,0.0002828799112625,0.0002651485048699,0.0002659710958882,0.0002603043577627,0.0002635947218355,0.0002552774126514,0.0002619495397991,0.0002534494326109,0.0002435783403924,0.0002507988615523,0.0002480568914916,0.0002682560709387,0.0002569225946878,0.0002595731657465,0.0002532666346069,0.0002617667417951,0.0002702668489833,0.0002724604250318,0.0002836111032787,0.0002907402254365,0.000304541474742,0.0003065522527866,0.0003919189206764,0.0003028962927056,0.0,0.0,0.0,0.0,0.0,0.0,0.0,0.0,0.0,0.0,0.0,0.0,0.0,0.0,0.0,0.0,0.0,0.0,0.0,0.0,0.0,0.0,0.0,0.0,0.0,0.0,0.0,0.0,0.0,0.0,0.0,0.0,0.0,0.0,0.0,0.0,0.0,0.0,0.0,0.0,0.0,0.0,0.0,0.0,0.0,0.0,0.0,0.0,0.0,0.0,0.0,0.0,0.0,0.0,0.0,0.0,0.0,0.0,0.0,0.0,0.0,0.0,0.0
HNGK096,1.9244251263974746e-05,2.417265707548047e-05,2.3585942097920267e-05,2.3468599102408223e-05,2.499405804406476e-05,2.687154597225741e-05,1.91269082684627e-05,1.9361594259486783e-05,2.464202905752864e-05,2.886637689596212e-05,2.417265707548047e-05,2.5580773021624965e-05,2.7692946940841703e-05,2.100439619665536e-05,2.581545901264905e-05,2.499405804406476e-05,2.7692946940841703e-05,2.45246860620166e-05,2.616748799918517e-05,3.062652182864273e-05,2.417265707548047e-05,2.041768121909516e-05,2.569811601713701e-05,1.9478937254998827e-05,2.698888896776946e-05,3.0743864824154774e-05,2.5346087030600884e-05,2.8631690904938035e-05,2.31165701158721e-05,2.5228744035088843e-05,2.7810289936353747e-05,2.628483099469721e-05,2.5228744035088843e-05,2.2295169147287813e-05,2.7810289936353747e-05,2.7692946940841703e-05,2.898371989147416e-05,2.2295169147287813e-05,2.487671504855272e-05,4.36515943304793e-05,2.945309187352232e-05,2.804497592737783e-05,2.581545901264905e-05,0.0002789243003321,0.0002519354113643,0.0002465376335707,0.000248884493481,0.0002601494210501,0.0002992246385557,0.000365992803002,0.0004050680205075,0.0004283019336189,0.0004283019336189,0.0004288886485965,0.0004224347838433,0.0004043639625344,0.0004164502910722,0.0004182104360049,0.0004570509675194,0.0005233497599837,0.0006127651225638,0.0006775384560865,0.0006588809198001,0.0005937555572909,0.000546114301113,0.0005476397600546,0.0005705216441795,0.0005973931901518,0.0006545392289661,0.0007344498089098,0.0008860569591114,0.0011072485056516,0.0012207191823117,0.0012076354383121,0.0010204146889727,0.0008872303890665,0.0008661086498743,0.0009132805340702,0.0009760590366691,0.0011611089405916,0.0013331337720122,0.0016577044975986,0.0020624204891196,0.0024674885096272,0.0026141085825194,0.0023810067219348,0.0021303620835211,0.002178472711681,0.0024990537754199,0.0029359217477112,0.0036370461458957,0.004151829867207,0.0045067924286309,0.0046629759556574,0.0047510418737892,0.004914618009533,0.0050514986137978,0.0052949266579875,0.0058086542923393,0.0063391619750492,0.0072190584268962,0.0080327147577767,0.0087717409435116,0.0093106973218984,0.0094429428778404,0.0095537733371016,0.0099887051499669,0.0106648941616051,0.0114936290674089,0.0123858465337847,0.0132064261014004,0.0140148606689806,0.0149448039084135,0.0161319629940088,0.0176798344478082,0.0190437120846446,0.0196566532217018,0.0199757674979968,0.0196602908545626,0.0193490972304647,0.0190776828818454,0.0186896882671848,0.0183692245464414,0.0184412731456858,0.0185637792330004,0.0186733775908086,0.0183787293290779,0.0181433392800807,0.0173985632875658,0.0167419118846804,0.0161790175352092,0.0153093885954694,0.0149354164687725,0.014608968255258,0.01423816438944,0.0138813243400879,0.0133482351114767,0.013071364313566,0.0126765638051658,0.0122666847218422,0.0116834900341473,0.0112199852018748,0.0108934783168625,0.0106796207075418,0.010471336890508,0.010213299643377,0.0100523050535345,0.0093281814282297,0.0090376401713418,0.0086788639625638,0.0083869732612276,0.0080314239848261,0.0077546118584132,0.00753846606068,0.0073382789103365,0.0071088733541104,0.0067659971212242,0.0065131229658958,0.0061948887620671,0.0058073048478909,0.0054309858612838,0.0052465226723388,0.0050270912707313,0.0049091615602417,0.0046558180329312,0.0044415497231262,0.0042673540462886,0.004010900929597,0.0037667101559365,0.0035504470152078,0.0033262045507843,0.0032265803475945,0.0030593665789899,0.0029149173515146,0.002806844452648,0.0027129700562383,0.0025516234374093,0.0023902768185802,0.0023321920358018,0.0021422137260678,0.0019751173004586,0.001862233338776,0.0017829094738099,0.0016704948841094,0.001583778410426,0.001540244159091,0.0014733586516491,0.0013895757528535,0.0013354806319225,0.0012589729988486,0.0011958424672632,0.0011097127085573,0.001047990292918,0.0010179504860669,0.0009541158965084,0.0009145713070208,0.0008533182633635,0.0008232784565124,0.0007988711134459,0.0007684792776083,0.0007323376349906,0.0006825842048935,0.0006622838666699,0.0006402233835136,0.0006271983110118,0.0006207444462586,0.0005777969099012,0.0005493999049873,0.0005344973445573,0.0005267527068535,0.0004961261850249,0.0004902590352493,0.0004699586970257,0.0004683158950885,0.0004562295665508,0.0004409749771342,0.0004306487935291,0.0004267764746772,0.0004146901461395,0.0004010783586601,0.0004006089866781,0.0004010783586601,0.0003845329962929,0.0003815994214051,0.0003799566194679,0.0003787831895128,0.0003682223199167,0.0003719772957731,0.0003732680687238,0.000366227488993,0.0003839462813153,0.0003648193730469,0.0003740894696923,0.0003724466677552,0.0003851197112705,0.0003780791315397,0.0003916909190191,0.000404950677512,0.0004180930930094,0.0004126953152158,0.0004266591316817,0.0004312355085067,0.0004353425133496,0.0004477808708739,0.000462918117295,0.0004639742042546,0.000497064928989,0.0005099726584953,0.0005183040111766,0.0005437674412027,0.0005484611610232,0.0005645371514084,0.0005455275861354,0.0005755673929865,0.0005973931901518,0.0006308359438727,0.0006465599052713,0.0007033539150991,0.0007167310165875,0.0007157922726234,0.0007535767171783,0.0007554542051065,0.0007546328041379,0.0007488829973578,0.0007815043501101,0.0008179980217144,0.0008172939637413,0.0008655219348968,0.0009041277804202,0.0009234893746797,0.0011286049308348,0.0008773735774435,0.0,0.0,0.0,0.0,0.0,0.0,0.0,0.0,0.0,0.0,0.0,0.0,0.0,0.0,0.0,0.0,0.0,0.0,0.0,0.0,0.0,0.0,0.0,0.0,0.0,0.0,0.0,0.0,0.0
HNGK097,0.0,0.0,0.0,0.0,0.0,0.0,0.0,0.0,0.0,0.0,0.0,0.0,0.0,0.0,0.0,0.0,0.0,0.0,0.0,0.0,0.0,0.0,0.0,0.0,0.0,0.0,0.0,0.0,0.0,0.0,0.0,0.0,0.0,0.0,0.0,0.0,0.0,0.0,0.0,0.0,0.0,2.749530285034923e-05,3.427351120371971e-05,0.0005099592491563,0.0004457893769708,0.0004137469374822,0.0004357176818,0.0004753670134219,0.0005276803330645,0.000614330908817,0.0007046149442198,0.0007504475317377,0.0007690185477278,0.0007520199060893,0.0006963918513271,0.0006657093031695,0.0006684290858317,0.0007017039268392,0.0007671486971476,0.0008971033124743,0.0010595465816326,0.0011865051863705,0.0011763484979915,0.0010370871263677,0.0009479292509735,0.0009192865398126,0.00095256138082,0.0010357272350366,0.0011228452734342,0.0012619366586416,0.0015402044222646,0.0019026792069045,0.002181584419589,0.0021156934349376,0.0017210699692987,0.0014481142811877,0.0013619311680803,0.001426610999515,0.0015412455890649,0.0017421057883264,0.0020534359099364,0.00255247353184,0.0032689237803007,0.0039363116993321,0.0041014322545485,0.0036611674361101,0.0033045146862314,0.0034525516066011,0.0040227497920641,0.0049102276237105,0.0059621035683038,0.0068976875557874,0.0073329377749424,0.007403779613971,0.0075555987321053,0.0076499836898033,0.0076129054027292,0.0077274125024669,0.0083187739967699,0.008928727755365,0.0097545005178636,0.0107117152768322,0.0116263484384962,0.0118766321883218,0.0116080748987348,0.011741769215222,0.0123951120065995,0.013614679550957,0.0151368654130848,0.0167278532772446,0.0182186553972472,0.0193937502454178,0.0208341726412642,0.0231428644037055,0.0263277086528015,0.029120266749484,0.0301919673598882,0.0299982040935108,0.0293079742497777,0.0283978244798458,0.0271610033142251,0.0258180043832697,0.0248799343444465,0.0243841264644542,0.0239745016975693,0.0235689566046777,0.0227813670409597,0.0213657626619056,0.0197414999567384,0.0180291205429774,0.0164703451047226,0.0150614339408137,0.0139022540708771,0.0128659743799872,0.0120962333899898,0.0113308695502142,0.0106895108011918,0.0100620909383131,0.009406750806543,0.0087870653256098,0.0079170535982469,0.0072436524097359,0.0066991221731471,0.0061872505768064,0.0057402712949208,0.0053638151275331,0.0050119432456152,0.0046896277518463,0.0044278061740086,0.0042054639413764,0.0039401151453987,0.0036735339479022,0.0034188093029486,0.0031365043619364,0.0029152032961046,0.0027189327300855,0.0025521335590073,0.0023923463276049,0.002226567075025,0.0021033269231455,0.0019981053314029,0.0018894415147285,0.0017932292030543,0.0016755986029156,0.0015305151965306,0.0014210864409825,0.0013284438440524,0.0012447042856805,0.0011582236963444,0.0011071215299185,0.0010321150236884,0.0009912332905477,0.0009085348989762,0.0008662507779003,0.0008253265481555,0.0007545059574289,0.0007087583631192,0.0006785007810025,0.0006409337829814,0.0006030693087315,0.0005531357989183,0.0005280628025014,0.0005174386514773,0.0005056670921426,0.0004726897273638,0.0004497840577559,0.000420270166211,0.0003930510912872,0.0003760524496487,0.0003718027892391,0.0003538692223104,0.0003385279482316,0.0003424376358085,0.0003328758998868,0.0003147298499376,0.0003086103389478,0.000295903854323,0.000291951670142,0.0002806050768483,0.0002730831779232,0.0002788627160803,0.0003420126697675,0.0002439730041172,0.0,0.0,0.0,0.0,0.0,0.0,0.0,2.1248302048183333e-08,0.0,0.0,0.0,0.0,0.0,0.0,0.0,0.0,0.0,0.0,0.0,0.0,0.0,0.0,0.0,0.0,0.0,0.0,0.0,0.0,0.0,0.0,0.0,0.0,0.0,0.0,0.0,0.0,0.0,0.0,0.0,0.0,0.0,0.0,0.0,0.0,0.0,0.0,0.0,0.0,0.0,0.0,0.0,0.0,0.0,0.0,0.0,0.0,0.0,0.0,0.0,0.0,0.0,0.0,0.0,0.0,0.0,0.0,0.0,0.0,0.0,0.0,0.0,0.0,0.0,0.0,0.0,0.0,0.0,0.0,0.0,0.0,0.0,0.0,0.0,0.0,0.0,0.0,0.0,0.0,0.0,0.0,0.0,0.0,0.0,0.0,0.0,0.0,0.0,0.0
HNGK098,0.0,0.0,0.0,0.0,0.0,0.0,0.0,0.0,0.0,0.0,0.0,0.0,0.0,0.0,0.0,0.0,0.0,0.0,0.0,0.0,0.0,0.0,0.0,0.0,0.0,0.0,0.0,0.0,0.0,0.0,0.0,0.0,1.287628862693286e-05,9.278502098819266e-06,1.2560693317449211e-05,1.527481297900859e-05,1.5716646412285695e-05,1.3002526750726318e-05,1.483297954573148e-05,1.8367647011948344e-05,1.4643622360041292e-05,2.1050207142559355e-05,2.531074382058861e-05,0.000352015008198,0.000295775924048,0.0002777869914075,0.0002815110160594,0.0003167314525977,0.0003718975126955,0.000458370627494,0.0005290008577564,0.0005777918926026,0.0005632745083664,0.0005598660790239,0.0005299476436849,0.0005099389010636,0.0005105700916826,0.0005427608132499,0.0005981793495953,0.000681433392237,0.0008042630866881,0.0009196447318353,0.0009161100643691,0.0008320985929845,0.0007448680494433,0.0007223345443461,0.0007602691005461,0.0008060935394831,0.0008930400472458,0.0010148282771756,0.0012838417189794,0.0016194142115534,0.0018848298668291,0.0018270443656627,0.0014781853105595,0.0012311373022957,0.001167986680868,0.0012614344520061,0.0013764373827819,0.0016022142671865,0.0019554600970916,0.0025018502564006,0.0032835798379916,0.0041049166309228,0.0042770107531843,0.0037727525676913,0.0033906297669685,0.003450845352018,0.0040810891850568,0.0050577935488468,0.006366851333054,0.0074808712160004,0.0078934174045574,0.0079472579643553,0.0079966801898204,0.0081597482862306,0.0080392855566007,0.0082371006965851,0.0085885160736951,0.0091498338911427,0.0101443693899186,0.0113835228130752,0.0124762084531004,0.0126202777118797,0.0121162404431033,0.0121226470278859,0.0125863827756411,0.0138564960986581,0.0153995362453165,0.0170399691044815,0.0185998304811354,0.019620181676227,0.0208467112870043,0.0226110153051416,0.0250019969293207,0.0269502930128871,0.0277823284868098,0.0279275338887032,0.0274198672738678,0.0267538349327335,0.0257105083991115,0.0245933956821322,0.0236108843646477,0.022931691699108,0.0223158705717125,0.0218655791841413,0.0211525862609558,0.0200544723816074,0.0187421955252435,0.0173857353255518,0.0161781729928745,0.0149815618174363,0.014004478739275,0.0130878006033488,0.0122435200314181,0.0115763831067006,0.0109993802023717,0.0104137299865628,0.0098449641198114,0.0092854451956279,0.0087018147897997,0.0080921162114083,0.0075121782707011,0.0068496174779712,0.0063939609701387,0.0060181500756055,0.0056461263247862,0.0052739132167812,0.0049891200095032,0.0047389160481445,0.0045067956980193,0.0042427371025743,0.0040012120122265,0.0037536590514675,0.00348751752698,0.0032545450695191,0.0029978082852542,0.0027596285051869,0.0026100363284916,0.0024517968403165,0.0023582543905856,0.0022315744333588,0.0021060937383081,0.0019748692086248,0.0018424138572345,0.0016920326922656,0.001582994512839,0.0014592495919904,0.0013549137826751,0.0012632649048011,0.0012043748200514,0.0011438436396925,0.0011112742037538,0.0010363203177514,0.0009742742799069,0.0009099243963032,0.0008562100746291,0.0007837493915716,0.0007369781667062,0.0006884396081076,0.0006538503621882,0.0006242475221586,0.000598936778338,0.0005945184440052,0.000549451433811,0.0005030589233169,0.000466323629293,0.0004554671506468,0.000446756720105,0.0004299670496405,0.0004093271164002,0.000390549195486,0.0003766314423377,0.000367289821177,0.000348985293227,0.0003603467243684,0.0003395174339425,0.0003339629564955,0.000324495097211,0.0002989318771429,0.000295775924048,0.0002893693392655,0.0002972276624717,0.0002921781375199,0.0003045494736517,0.0002823946829259,0.0002903476847249,0.0002787968963978,0.000273810490508,0.0002787968963978,0.000264595107471,0.0002649107027805,0.0002721693948986,0.0003430521014087,0.0002577782487862,0.0,0.0,0.0,0.0,0.0,0.0,0.0,0.0,0.0,0.0,0.0,0.0,0.0,0.0,0.0,0.0,0.0,0.0,0.0,0.0,0.0,0.0,0.0,0.0,0.0,0.0,0.0,0.0,0.0,0.0,0.0,0.0,0.0,0.0,0.0,0.0,0.0,0.0,0.0,0.0,0.0,0.0,0.0,0.0,0.0,0.0,0.0,0.0,0.0,0.0,0.0,0.0,0.0,0.0,0.0,0.0,0.0,0.0,0.0,0.0,0.0,0.0,0.0,0.0,0.0,0.0,0.0,0.0,0.0,0.0,0.0,0.0,0.0,0.0,0.0,0.0,0.0,0.0,0.0,0.0,0.0,0.0,0.0,0.0,0.0,0.0
HNGK100,0.0,0.0,0.0,0.0,0.0,0.0,0.0,0.0,0.0,0.0,0.0,0.0,0.0,0.0,0.0,0.0,0.0,0.0,0.0,0.0,0.0,0.0,0.0,0.0,0.0,0.0,0.0,0.0,0.0,0.0,1.9608612735874733e-05,1.989934999225508e-05,2.1837598368124083e-05,1.679815259086468e-05,1.983474171305945e-05,1.6378198776093063e-05,1.809031817477735e-05,2.028699966742888e-05,2.3517413627210552e-05,2.6101744795035887e-05,2.5455662003079555e-05,2.920294219642629e-05,2.978441670918699e-05,0.0004927027371459,0.0004230873163126,0.0003974701336115,0.0003967594425403,0.0004319063464228,0.0004916043963995,0.0005968512832092,0.0007115955870607,0.0007880917896283,0.000798073768764,0.0007618608282749,0.0007007413961558,0.0006504761549416,0.0006600058761229,0.0006841370684025,0.0007656727167474,0.0009056788577643,0.00113012801969,0.0012911318514455,0.0012978511124818,0.0011287712458269,0.0009813997609816,0.0009350433206588,0.0009949028913335,0.0010746295078609,0.0011598801322596,0.0013914685090363,0.0017562468533749,0.0023172728457701,0.0026747504545596,0.0025662408496505,0.0020405878901148,0.001644829875902,0.0015683013691948,0.0016738712974004,0.0018053491455635,0.0020783191251651,0.0025813914911219,0.0033114650460325,0.0042680229236635,0.0051771906285044,0.0053117050657898,0.0046088315964205,0.0040557201182266,0.0041135445281067,0.0048186792872479,0.0058611338720694,0.0071835361306456,0.0082279935721223,0.0086191320943726,0.0086093116359349,0.0086178076246491,0.0087537111399371,0.0086017201631294,0.0086391929650629,0.0090230307517641,0.0096110630048632,0.0104641507233623,0.0115775775028803,0.0124766986203063,0.012613668172201,0.0122151643061224,0.012067082130206,0.0126108254079164,0.0137455406154293,0.0152225504861207,0.016777477941522,0.0180818221860631,0.0192219321848888,0.020391245125911,0.0221298862232051,0.0245817058104002,0.0267538361569574,0.0274853310940103,0.0272268333689486,0.026569121086737,0.0256832769706857,0.0245120580854273,0.0233226196654357,0.0223784988815499,0.0218694502497675,0.021423943860574,0.0211016777639462,0.0203796479397954,0.0191798075868533,0.0178359553795841,0.0165012129396815,0.0152892908385298,0.0140916471670804,0.0130579146999502,0.0122360973885818,0.0115475346530543,0.0109732639634239,0.0104286484739443,0.0098859712328406,0.009332924362926,0.0087882442651672,0.0081889055632089,0.0076455499351736,0.0068885993361176,0.0064880280051047,0.0060721445119224,0.0056647247033147,0.0053169383364046,0.0050846715726963,0.0048053053734544,0.0045884799884738,0.0043559224875092,0.0041402277474145,0.0038640596579928,0.0036230384724535,0.0033982662691319,0.0031964946132039,0.0029976626339794,0.0027628438432428,0.0025955084001261,0.0024626737780999,0.0023310667133784,0.0022548289439276,0.002105874556242,0.0019660299359231,0.0018550975205442,0.0017446173631196,0.0016180497441754,0.0015073111536341,0.0013757686971918,0.0012968819882939,0.0012440970241911,0.0011843989742143,0.0011167541058965,0.0010689439792917,0.001011571827366,0.0009495478793382,0.0008819676192995,0.0008357726996747,0.0007504897711364,0.0007153751713936,0.0006953789089826,0.000662816336268,0.0006342594768635,0.0006130679612873,0.0005857386591876,0.0005758535924706,0.0005192567398953,0.0004903122308156,0.0004731910368288,0.0004468954671961,0.0004245410025945,0.000410844047405,0.0004145913275983,0.0004213751969139,0.0003838377867012,0.0003827717500945,0.0003648752567573,0.0003525027712913,0.0003413901472697,0.000335898443538,0.0003203278482519,0.00031244563819,0.0003127040713068,0.000319035682668,0.0003164513515002,0.0003229767876989,0.0003029482211483,0.00030039619412,0.0003023021383563,0.0002902203901467,0.0002938384537817,0.0003730482040755,0.0002685766166162,0.0,0.0,0.0,0.0,0.0,0.0,0.0,0.0,0.0,0.0,0.0,0.0,0.0,0.0,0.0,0.0,0.0,0.0,0.0,0.0,0.0,0.0,0.0,0.0,3.2304139597816694e-08,0.0,0.0,0.0,0.0,0.0,0.0,0.0,0.0,0.0,0.0,0.0,0.0,0.0,0.0,0.0,0.0,0.0,0.0,0.0,0.0,0.0,0.0,0.0,0.0,0.0,0.0,0.0,0.0,0.0,0.0,0.0,0.0,0.0,0.0,0.0,0.0,0.0,0.0,0.0,0.0,0.0,0.0,0.0,0.0,0.0,0.0,0.0,0.0,0.0,0.0,0.0,0.0,0.0,0.0,0.0,0.0,0.0,0.0,0.0,0.0,0.0,0.0,0.0
HNGK102,0.0,0.0,0.0,0.0,0.0,0.0,0.0,0.0,0.0,0.0,0.0,0.0,0.0,0.0,0.0,0.0,0.0,0.0,0.0,0.0,0.0,0.0,0.0,0.0,0.0,0.0,0.0,0.0,0.0,0.0,0.0,0.0,0.0,0.0,0.0,1.2811880159699724e-05,1.295664716715396e-05,1.0785142055340446e-05,1.3029030670881076e-05,1.7082506879599634e-05,1.6503438849782697e-05,1.4331933737969184e-05,1.7299657390780983e-05,0.0002749125471555,0.000227573735718,0.0002183810307447,0.0002240993275391,0.0002539213310747,0.0002975685838221,0.0003643061742585,0.0004146850928526,0.0004576085105628,0.0004785997266436,0.000450116817927,0.0004099801651103,0.0003928976582307,0.0003946348623202,0.0004309713811912,0.0004868514460685,0.0005555433911056,0.0006653491662596,0.0007535122737992,0.0007535122737992,0.0006639014961851,0.000607152829263,0.0005890569533312,0.0006219914475271,0.0006780886629156,0.0007381307792572,0.0008532567419352,0.0010765236591815,0.0014104649536266,0.0016431779181092,0.0015865016346909,0.0012732982140637,0.0010570886884308,0.0010143824212318,0.0010924118382496,0.0012086597452354,0.001413794594798,0.0017437909882899,0.0022461325041561,0.0030002238459852,0.0037327087119518,0.003940340792393,0.0035072340978418,0.003110102004643,0.003274557325111,0.0038662924680802,0.00483557996649,0.0060441673282217,0.0070694072750126,0.0074758406484403,0.0076179656580085,0.0076498867831522,0.0077845562918365,0.0078048236728801,0.0078468784885455,0.0082368084231235,0.0090198531664435,0.0099413675523934,0.0110847373772669,0.0120904699698034,0.012265095172545,0.0118947449757252,0.012040959653254,0.012679165005616,0.0140758047100307,0.0156206496383267,0.0174397918539966,0.018834404820307,0.0200440417428427,0.021319040969244,0.023375311543124,0.0262988812586622,0.0289840197129234,0.0300719437739419,0.030025763098564,0.0292738432618467,0.0282483137810409,0.026836618307851,0.025410590900923,0.0242901304549791,0.0236106665054927,0.0232206279956591,0.022785385987748,0.0220562307629528,0.0209324406758375,0.0193781497003051,0.0179028653190909,0.0163971074828075,0.0149846157910765,0.0138470366465012,0.0128673983070584,0.0120934015017043,0.0114869363157267,0.0108993632242218,0.0104020161701128,0.0098669935023138,0.0091982785031308,0.0085269938895655,0.0078250910539237,0.0070803371840754,0.0065502727862817,0.0061084438795314,0.0057237255572217,0.0054306447506306,0.005121784340227,0.0048821225593865,0.0046120597069807,0.0043626985366408,0.0040675186084416,0.0038351675614775,0.0035191411842049,0.0033118348295305,0.0030183921054207,0.0028312807482861,0.0026482228673603,0.0025017186558166,0.0023921300311737,0.0022373741002051,0.0021021617152429,0.0019646330581614,0.0018381066936464,0.0016916386738545,0.0015535671404951,0.0014356544129236,0.0013688444389835,0.0012884987498464,0.0011944001950011,0.0011214376232442,0.0010588258925202,0.0009902787144906,0.0009387416598369,0.0008552110965358,0.0007865915350025,0.0007418585296992,0.0006809840030647,0.0006676654383789,0.0006143911796357,0.0005861616131821,0.0005530099684751,0.0005136333424476,0.0004961889180493,0.0004648830526874,0.0004371963625117,0.0004243120988483,0.000394417711809,0.0003898575510742,0.0003621346691467,0.0003463550653342,0.0003387547974429,0.0003260876842906,0.0003174016638434,0.0003071232063141,0.000294962777688,0.0002929360395836,0.0002802689264313,0.0002775907367934,0.0002649960071449,0.0002682532648126,0.0002487821023101,0.0002445114755902,0.0002516050589554,0.0002539937145784,0.0002460315291684,0.0002476963497541,0.0002460315291684,0.0002552966176455,0.0003337603356857,0.0002252574635987,0.0,0.0,0.0,0.0,0.0,0.0,0.0,0.0,0.0,0.0,0.0,0.0,0.0,0.0,0.0,0.0,0.0,0.0,0.0,0.0,0.0,0.0,0.0,0.0,0.0,0.0,0.0,0.0,0.0,0.0,0.0,0.0,0.0,0.0,0.0,0.0,0.0,0.0,0.0,0.0,0.0,0.0,0.0,0.0,0.0,0.0,0.0,0.0,0.0,0.0,0.0,0.0,0.0,0.0,0.0,0.0,0.0,0.0,0.0,0.0,0.0,0.0,0.0,0.0,0.0,0.0,0.0,0.0,0.0,0.0,0.0,0.0,0.0,0.0,0.0,0.0,0.0,0.0,0.0,0.0,0.0,0.0,0.0,0.0,0.0,0.0,0.0,0.0,0.0,0.0
HNGK103,0.0,0.0,0.0,0.0,0.0,0.0,0.0,0.0,0.0,0.0,0.0,0.0,0.0,0.0,0.0,0.0,0.0,0.0,0.0,0.0,0.0,0.0,0.0,0.0,0.0,0.0,0.0,0.0,0.0,0.0,0.0,0.0,0.0,0.0,0.0,0.0,0.0,0.0,1.3213745310966452e-05,1.3136017397372531e-05,1.523467106440838e-05,1.741105264503815e-05,1.927652257129224e-05,0.0002537039099705,0.0002177158859765,0.0001911329395274,0.000198672547146,0.0002401015250916,0.0002872823686431,0.000350086522827,0.0004090042813312,0.00043449903699,0.0004397845351144,0.0004370640581386,0.0003943525696187,0.0003776799321528,0.0003776022042392,0.0004020864970213,0.0004468577752514,0.0005133151413742,0.0006352702378031,0.0007169622749903,0.0007079458370134,0.0006274974464437,0.0005538891122702,0.0005597187057898,0.0005827261682136,0.0006561790465598,0.0007306423877828,0.0008323104987636,0.0010821280130545,0.0014096734409393,0.0016653205487497,0.0016193056239021,0.0012825105742996,0.0010187020355619,0.0009869501828588,0.0010679815327804,0.0011917243712219,0.001377183173057,0.0017215566942349,0.0022468419343026,0.003006282514072,0.0037564346081669,0.0039664554306977,0.0034829878081435,0.0031332121969709,0.0031880103760546,0.0037628860249952,0.0047239916765841,0.0059552406918685,0.0069992431633053,0.0073780890141621,0.0074457511629456,0.0075994581120775,0.0077633862818471,0.0076513414944015,0.0076674311725154,0.0080722770104694,0.0089027220393068,0.0099038187024397,0.0111008285717861,0.0122283885503363,0.0124195603538205,0.0119609267996596,0.0119445650738481,0.0125605976530367,0.0138752875835643,0.0154945154795528,0.0172981917144997,0.0189263583205516,0.0200397329548709,0.021268766724618,0.0233465504468538,0.0261955116638118,0.0286148318383794,0.0298331391560505,0.0298911630435483,0.029296894280166,0.0283518005787775,0.0271270807082349,0.0257379663004412,0.0245840176952258,0.0240256203639671,0.0235188343673348,0.023221525097838,0.0225740515776007,0.02146724495198,0.0199300588687899,0.0183240447181123,0.0168198541342427,0.0154719743846106,0.0143188807864448,0.0133768962016,0.0125681372606553,0.0119304574575308,0.0113494413034162,0.0107978840285538,0.0101648679002449,0.009452802483811,0.0086986085382092,0.0078396373650828,0.007182292399819,0.0066536648594667,0.0061642899154794,0.0058037878522308,0.005414992828434,0.0051170617356285,0.0048058391695984,0.004543118821651,0.0042209366198042,0.0039450025265458,0.0036763748571652,0.0034366619716415,0.0031378758717865,0.0028999507282755,0.0027197774245648,0.0025747371377986,0.0024167940173757,0.0022481244448769,0.0021147433451497,0.0019726567191001,0.0018301814534824,0.0017177480264688,0.0015711143174739,0.0014556106378733,0.0013536316152381,0.0012462893665649,0.0011646750572913,0.0010925435534761,0.0010404658513682,0.0009714434640968,0.0009034315397021,0.0008322327708501,0.0007682626979623,0.0007180504657806,0.0006648845728823,0.0006288965488884,0.0005912762387089,0.0005540445680974,0.0005111387597936,0.0004795034989608,0.0004492673405728,0.0004335663020268,0.0004140565957148,0.0003852195397714,0.0003790790345975,0.000347599229592,0.0003258354137857,0.0003148757779689,0.0003018174884851,0.0002949774320889,0.0002812973192963,0.0002750013582952,0.0002669953831951,0.0002523825354394,0.0002428220020674,0.0002378474155973,0.0002330282849545,0.000223934119064,0.0002230791120145,0.0002192704442484,0.0002190372605076,0.0002188040767668,0.0002210581862611,0.0002732136162826,0.0001929984094537,0.0,0.0,0.0,0.0,0.0,0.0,0.0,0.0,0.0,0.0,0.0,0.0,0.0,0.0,0.0,0.0,0.0,0.0,0.0,0.0,0.0,0.0,0.0,0.0,0.0,0.0,0.0,0.0,0.0,0.0,0.0,0.0,0.0,0.0,0.0,0.0,0.0,0.0,0.0,0.0,0.0,0.0,0.0,0.0,0.0,0.0,0.0,0.0,0.0,0.0,0.0,0.0,0.0,3.886395679696016e-08,0.0,0.0,0.0,0.0,0.0,0.0,0.0,0.0,0.0,0.0,0.0,0.0,0.0,0.0,0.0,0.0,0.0,0.0,0.0,0.0,0.0,0.0,0.0,0.0,0.0,0.0,0.0,0.0,0.0,0.0,0.0,0.0,0.0,0.0,3.886395679696016e-08,0.0,0.0,0.0,0.0,0.0
